사고번호,사고일시,요일,시군구,사고내용,사망자수,중상자수,경상자수,부상신고자수,사고유형,법규위반,노면상태,기상상태,도로형태,가해운전자 차종,가해운전자 성별,가해운전자 연령,가해운전자 상해정도,피해운전자 차종,피해운전자 성별,피해운전자 연령,피해운전자 상해정도
2022012600100509,2022년 1월 26일 20시,수요일,광주광역시 광산구 산정동,경상사고,0,0,1,0,차대차 - 추돌,안전운전불이행,건조,맑음,교차로 - 교차로부근,승용,남,50세,상해없음,승합,여,47세,경상
2022012600100539,2022년 1월 26일 21시,수요일,광주광역시 북구 용두동,중상사고,0,1,0,0,차대사람 - 기타,안전운전불이행,건조,흐림,단일로 - 기타,승용,남,62세,상해없음,보행자,남,43세,중상
2022012600100570,2022년 1월 26일 23시,수요일,광주광역시 남구 노대동,중상사고,0,1,0,0,차대차 - 기타,신호위반,건조,맑음,교차로 - 교차로안,승용,남,62세,상해없음,이륜,남,37세,중상
2022012700100009,2022년 1월 27일 01시,목요일,광주광역시 서구 쌍촌동,경상사고,0,0,1,0,차대사람 - 차도통행중,안전운전불이행,건조,맑음,교차로 - 교차로안,승용,남,23세,상해없음,보행자,남,30세,경상
2022012700100087,2022년 1월 27일 08시,목요일,광주광역시 북구 각화동,중상사고,0,1,9,0,차대차 - 추돌,안전운전불이행,건조,맑음,단일로 - 기타,승용,남,65세,상해없음,승합,남,26세,경상
2022012700100088,2022년 1월 27일 08시,목요일,광주광역시 광산구 신가동,경상사고,0,0,2,0,차대차 - 측면충돌,교차로운행방법위반,건조,맑음,교차로 - 교차로안,승용,남,53세,경상,승용,여,39세,경상
2022012700100114,2022년 1월 27일 09시,목요일,광주광역시 서구 풍암동,경상사고,0,0,2,0,차대차 - 추돌,안전운전불이행,건조,맑음,단일로 - 기타,승용,여,30세,상해없음,승용,여,43세,경상
2022012700100115,2022년 1월 27일 09시,목요일,광주광역시 북구 운암동,경상사고,0,0,1,0,차대차 - 측면충돌,안전거리미확보,건조,맑음,단일로 - 기타,승용,남,77세,상해없음,승용,남,31세,경상
2022012700100178,2022년 1월 27일 11시,목요일,광주광역시 동구 산수동,경상사고,0,0,1,0,차대사람 - 기타,기타,건조,맑음,기타 - 기타,승용,여,65세,상해없음,보행자,남,10세,경상
2022012700100179,2022년 1월 27일 11시,목요일,광주광역시 광산구 우산동,중상사고,0,1,0,0,차대차 - 기타,중앙선침범,건조,맑음,교차로 - 교차로부근,승용,남,18세,상해없음,승용,남,54세,중상
2022012700100206,2022년 1월 27일 12시,목요일,광주광역시 북구 우산동,경상사고,0,0,2,0,차대차 - 추돌,안전운전불이행,건조,맑음,단일로 - 기타,화물,남,57세,상해없음,승용,남,28세,경상
2022012700100207,2022년 1월 27일 12시,목요일,광주광역시 광산구 비아동,경상사고,0,0,1,0,차대차 - 측면충돌,교차로운행방법위반,건조,맑음,교차로 - 교차로안,승용,여,33세,상해없음,화물,남,50세,경상
2022012700100264,2022년 1월 27일 14시,목요일,광주광역시 남구 방림동,중상사고,0,1,0,0,차대사람 - 기타,보행자보호의무위반,건조,맑음,교차로 - 교차로횡단보도내,승용,남,58세,상해없음,보행자,여,58세,중상
2022012700100265,2022년 1월 27일 14시,목요일,광주광역시 북구 동림동,중상사고,0,1,1,0,차대차 - 측면충돌,안전운전불이행,건조,맑음,단일로 - 기타,건설기계,남,57세,상해없음,화물,남,66세,중상
2022012700100266,2022년 1월 27일 14시,목요일,광주광역시 광산구 쌍암동,중상사고,0,1,0,0,차대차 - 측면충돌,안전운전불이행,건조,맑음,교차로 - 교차로안,승합,남,63세,기타불명,자전거,남,83세,중상
2022012700100346,2022년 1월 27일 16시,목요일,광주광역시 서구 쌍촌동,경상사고,0,0,1,0,차대사람 - 횡단중,교차로운행방법위반,건조,맑음,교차로 - 교차로안,승용,남,28세,상해없음,보행자,남,34세,경상
2022012700100423,2022년 1월 27일 18시,목요일,광주광역시 서구 농성동,경상사고,0,0,1,0,차대사람 - 횡단중,안전운전불이행,건조,맑음,교차로 - 교차로부근,승용,남,28세,상해없음,보행자,남,19세,경상
2022012700100489,2022년 1월 27일 20시,목요일,광주광역시 서구 서창동,경상사고,0,0,3,0,차대차 - 정면충돌,안전운전불이행,건조,맑음,교차로 - 교차로부근,승용,남,54세,상해없음,화물,남,55세,경상
2022012700100517,2022년 1월 27일 21시,목요일,광주광역시 광산구 대산동,경상사고,0,0,1,0,차대차 - 측면충돌,안전운전불이행,건조,맑음,단일로 - 기타,승용,남,25세,상해없음,화물,남,52세,경상
2022012700100526,2022년 1월 27일 21시,목요일,광주광역시 광산구 오선동,경상사고,0,0,1,0,차대차 - 추돌,안전운전불이행,건조,맑음,교차로 - 교차로부근,승용,남,42세,상해없음,승용,남,59세,경상
2022012700100539,2022년 1월 27일 22시,목요일,광주광역시 서구 금호동,경상사고,0,0,1,0,차대차 - 추돌,안전운전불이행,건조,맑음,교차로 - 교차로부근,승용,여,54세,상해없음,승용,남,42세,경상
2022012700100540,2022년 1월 27일 22시,목요일,광주광역시 북구 대촌동,경상사고,0,0,2,0,차대차 - 측면충돌,안전운전불이행,건조,맑음,단일로 - 기타,승용,남,32세,경상,승합,남,45세,기타불명
2022012700100558,2022년 1월 27일 23시,목요일,광주광역시 북구 신안동,경상사고,0,0,1,0,차대차 - 측면충돌,교차로운행방법위반,건조,맑음,교차로 - 교차로안,이륜,남,17세,상해없음,이륜,남,39세,경상
2022012800100012,2022년 1월 28일 01시,금요일,광주광역시 북구 임동,경상사고,0,0,1,0,차대차 - 측면충돌,교차로운행방법위반,건조,맑음,교차로 - 교차로안,승용,남,53세,상해없음,승용,남,32세,경상
2022012800100026,2022년 1월 28일 06시,금요일,광주광역시 광산구 비아동,중상사고,0,2,0,0,차대차 - 측면충돌,안전운전불이행,건조,맑음,단일로 - 기타,특수,남,39세,상해없음,화물,남,65세,중상
2022012800100071,2022년 1월 28일 08시,금요일,광주광역시 동구 수기동,경상사고,0,0,2,0,차대차 - 기타,교차로운행방법위반,건조,맑음,교차로 - 교차로안,화물,남,69세,상해없음,승용,남,32세,경상
2022012800100072,2022년 1월 28일 08시,금요일,광주광역시 광산구 비아동,경상사고,0,0,1,0,차대차 - 추돌,신호위반,건조,맑음,교차로 - 교차로안,승용,남,24세,상해없음,승용,여,37세,경상
2022012800100098,2022년 1월 28일 09시,금요일,광주광역시 북구 삼각동,사망사고,1,0,0,0,차대차 - 측면충돌,안전운전불이행,건조,맑음,교차로 - 교차로안,승용,남,72세,상해없음,자전거,남,70세,사망
2022012800100135,2022년 1월 28일 10시,금요일,광주광역시 남구 봉선동,경상사고,0,0,1,0,차대차 - 측면충돌,안전운전불이행,건조,맑음,단일로 - 기타,화물,남,32세,기타불명,승용,남,70세,상해없음
2022012800100171,2022년 1월 28일 11시,금요일,광주광역시 북구 임동,중상사고,0,1,0,0,차대차 - 기타,안전운전불이행,건조,맑음,교차로 - 교차로부근,승용,남,66세,상해없음,원동기,남,36세,중상
2022012800100172,2022년 1월 28일 11시,금요일,광주광역시 광산구 송정동,경상사고,0,0,1,0,차대차 - 기타,안전운전불이행,건조,맑음,교차로 - 교차로부근,승용,여,52세,상해없음,승합,남,54세,상해없음
2022012800100250,2022년 1월 28일 13시,금요일,광주광역시 동구 동명동,부상신고사고,0,0,0,1,차대차 - 측면충돌,직진우회전진행방해,건조,맑음,교차로 - 교차로안,이륜,남,68세,부상신고,승용,여,24세,상해없음
2022012800100251,2022년 1월 28일 13시,금요일,광주광역시 서구 치평동,경상사고,0,0,1,0,차대차 - 측면충돌,안전운전불이행,건조,맑음,교차로 - 교차로부근,승용,남,55세,상해없음,승용,남,46세,경상
2022012800100252,2022년 1월 28일 13시,금요일,광주광역시 북구 용봉동,중상사고,0,1,0,0,차대사람 - 횡단중,안전운전불이행,건조,맑음,단일로 - 기타,승용,남,28세,상해없음,보행자,여,67세,중상
2022012800100253,2022년 1월 28일 13시,금요일,광주광역시 광산구 장덕동,경상사고,0,0,2,0,차대차 - 기타,신호위반,건조,맑음,교차로 - 교차로안,승용,여,39세,상해없음,승용,남,30세,경상
2022012800100254,2022년 1월 28일 13시,금요일,광주광역시 광산구 송정동,경상사고,0,0,1,0,차대사람 - 기타,안전운전불이행,건조,맑음,단일로 - 기타,승용,남,60세,상해없음,보행자,남,47세,경상
2022012800100339,2022년 1월 28일 15시,금요일,광주광역시 북구 운암동,경상사고,0,0,1,0,차대사람 - 기타,보행자보호의무위반,건조,맑음,단일로 - 기타,승용,남,44세,상해없음,보행자,남,56세,경상
2022012800100340,2022년 1월 28일 15시,금요일,광주광역시 광산구 수완동,경상사고,0,0,1,0,차대차 - 추돌,안전거리미확보,건조,맑음,단일로 - 기타,화물,남,29세,상해없음,승용,여,42세,경상
2022012800100341,2022년 1월 28일 15시,금요일,광주광역시 광산구 우산동,경상사고,0,0,1,0,차대차 - 추돌,안전운전불이행,건조,맑음,단일로 - 기타,승용,남,40세,상해없음,승용,기타불명,미분류,기타불명
2022012800100417,2022년 1월 28일 17시,금요일,광주광역시 서구 치평동,경상사고,0,0,4,0,차대차 - 측면충돌,차로위반,건조,맑음,교차로 - 교차로부근,승용,여,61세,상해없음,승용,남,19세,경상
2022012800100491,2022년 1월 28일 18시,금요일,광주광역시 남구 진월동,경상사고,0,0,1,0,차대차 - 측면충돌,안전거리미확보,건조,맑음,교차로 - 교차로부근,화물,남,66세,경상,승용,남,64세,상해없음
2022012800100492,2022년 1월 28일 18시,금요일,광주광역시 북구 양산동,경상사고,0,0,1,0,차대차 - 측면충돌,안전운전불이행,건조,맑음,교차로 - 교차로부근,화물,남,59세,상해없음,승용,남,28세,경상
2022012800100565,2022년 1월 28일 20시,금요일,광주광역시 북구 운암동,경상사고,0,0,2,0,차대차 - 측면충돌,안전운전불이행,건조,맑음,단일로 - 기타,승용,여,18세,상해없음,승용,남,56세,경상
2022012800100566,2022년 1월 28일 20시,금요일,광주광역시 광산구 신가동,중상사고,0,1,0,0,차대차 - 기타,안전운전불이행,건조,맑음,단일로 - 기타,승용,남,28세,상해없음,이륜,여,21세,중상
2022012800100644,2022년 1월 28일 23시,금요일,광주광역시 북구 용봉동,경상사고,0,0,2,0,차대차 - 정면충돌,신호위반,건조,맑음,교차로 - 교차로안,승용,남,28세,기타불명,승용,남,60세,경상
2022012900100026,2022년 1월 29일 05시,토요일,광주광역시 동구 산수동,경상사고,0,0,1,0,차대차 - 기타,직진우회전진행방해,건조,맑음,교차로 - 교차로안,승용,남,79세,상해없음,승용,여,63세,경상
2022012900100056,2022년 1월 29일 08시,토요일,광주광역시 북구 운암동,경상사고,0,0,1,0,차대차 - 측면충돌,신호위반,건조,맑음,교차로 - 교차로안,승용,남,69세,상해없음,승용,남,37세,경상
2022012900100127,2022년 1월 29일 11시,토요일,광주광역시 서구 풍암동,경상사고,0,0,1,0,차대차 - 측면충돌,안전운전불이행,건조,맑음,단일로 - 기타,승용,여,63세,상해없음,승용,남,59세,경상
2022012900100128,2022년 1월 29일 11시,토요일,광주광역시 북구 각화동,경상사고,0,0,1,0,차대차 - 측면충돌,안전거리미확보,건조,맑음,단일로 - 기타,승용,남,38세,상해없음,승용,남,73세,경상
2022012900100158,2022년 1월 29일 12시,토요일,광주광역시 서구 동천동,경상사고,0,0,1,0,차대차 - 추돌,안전운전불이행,건조,맑음,단일로 - 기타,화물,남,55세,상해없음,승용,남,25세,경상
2022012900100159,2022년 1월 29일 12시,토요일,광주광역시 광산구 쌍암동,경상사고,0,0,1,1,차대차 - 측면충돌,안전거리미확보,건조,맑음,단일로 - 기타,승용,여,39세,부상신고,이륜,남,39세,경상
2022012900100194,2022년 1월 29일 13시,토요일,광주광역시 남구 주월동,경상사고,0,0,1,0,차대차 - 후진중충돌,안전운전불이행,건조,맑음,단일로 - 기타,승용,남,82세,상해없음,승용,여,50세,상해없음
2022012900100195,2022년 1월 29일 13시,토요일,광주광역시 광산구 도덕동,경상사고,0,0,1,0,차대차 - 기타,신호위반,건조,맑음,단일로 - 기타,승용,남,66세,상해없음,특수,남,49세,경상
2022012900100220,2022년 1월 29일 14시,토요일,광주광역시 광산구 도천동,경상사고,0,0,1,0,차대차 - 기타,불법유턴,건조,맑음,교차로 - 교차로부근,승용,남,46세,기타불명,승용,남,50세,경상
2022012900100285,2022년 1월 29일 16시,토요일,광주광역시 서구 금호동,중상사고,0,1,0,0,차대사람 - 길가장자리구역통행중,안전운전불이행,건조,맑음,단일로 - 기타,승용,여,55세,상해없음,보행자,여,63세,중상
2022012900100286,2022년 1월 29일 16시,토요일,광주광역시 서구 매월동,경상사고,0,0,2,0,차대차 - 측면충돌,신호위반,건조,맑음,교차로 - 교차로안,승용,남,83세,상해없음,승용,남,55세,경상
2022012900100287,2022년 1월 29일 16시,토요일,광주광역시 남구 방림동,경상사고,0,0,1,0,차대차 - 측면충돌,안전거리미확보,건조,맑음,단일로 - 기타,승용,남,57세,상해없음,이륜,남,34세,경상
2022012900100288,2022년 1월 29일 16시,토요일,광주광역시 북구 두암동,중상사고,0,1,0,0,차대차 - 측면충돌,안전거리미확보,건조,맑음,단일로 - 기타,화물,남,38세,상해없음,이륜,남,72세,중상
2022012900100289,2022년 1월 29일 16시,토요일,광주광역시 광산구 장덕동,경상사고,0,0,3,0,차대차 - 추돌,안전운전불이행,건조,맑음,교차로 - 교차로부근,원동기,남,34세,경상,승용,남,28세,경상
2022012900100326,2022년 1월 29일 17시,토요일,광주광역시 광산구 수완동,중상사고,0,1,0,0,차대차 - 기타,차로위반,건조,맑음,교차로 - 교차로안,승용,남,32세,상해없음,이륜,남,18세,중상
2022012900100375,2022년 1월 29일 19시,토요일,광주광역시 북구 북동,중상사고,0,1,0,0,차대차 - 측면충돌,중앙선침범,건조,맑음,단일로 - 기타,승용,남,68세,상해없음,이륜,남,28세,중상
2022012900100435,2022년 1월 29일 21시,토요일,광주광역시 광산구 월계동,경상사고,0,0,1,0,차대차 - 측면충돌,차로위반,건조,맑음,단일로 - 기타,승용,남,24세,상해없음,이륜,남,24세,경상
2022012900100459,2022년 1월 29일 22시,토요일,광주광역시 서구 화정동,경상사고,0,0,1,0,차대차 - 측면충돌,안전운전불이행,건조,맑음,단일로 - 기타,승용,남,66세,상해없음,이륜,남,23세,상해없음
2022013000100053,2022년 1월 30일 10시,일요일,광주광역시 남구 월산동,경상사고,0,0,1,0,차대차 - 기타,안전거리미확보,건조,맑음,단일로 - 기타,승용,남,35세,상해없음,승합,남,54세,상해없음
2022013000100131,2022년 1월 30일 13시,일요일,광주광역시 광산구 월곡동,경상사고,0,0,1,0,차대차 - 측면충돌,안전운전불이행,건조,맑음,단일로 - 기타,승용,남,52세,상해없음,이륜,남,24세,경상
2022013000100162,2022년 1월 30일 14시,일요일,광주광역시 동구 지산동,경상사고,0,0,1,0,차대차 - 측면충돌,안전운전불이행,건조,맑음,교차로 - 교차로안,승용,남,22세,상해없음,승용,남,52세,경상
2022013000100163,2022년 1월 30일 14시,일요일,광주광역시 광산구 신가동,중상사고,0,1,0,0,차대사람 - 횡단중,안전운전불이행,건조,맑음,교차로 - 교차로안,이륜,남,21세,상해없음,보행자,여,8세,중상
2022013000100294,2022년 1월 30일 19시,일요일,광주광역시 동구 계림동,경상사고,0,0,1,0,차대차 - 측면충돌,신호위반,건조,맑음,단일로 - 기타,이륜,남,38세,경상,승용,여,42세,상해없음
2022013000100315,2022년 1월 30일 20시,일요일,광주광역시 서구 쌍촌동,경상사고,0,0,1,0,차대사람 - 기타,안전운전불이행,건조,맑음,단일로 - 기타,승용,남,51세,상해없음,보행자,남,17세,경상
2022013000100352,2022년 1월 30일 21시,일요일,광주광역시 서구 쌍촌동,경상사고,0,0,1,0,차대차 - 기타,중앙선침범,건조,맑음,단일로 - 기타,승용,남,31세,상해없음,이륜,남,47세,경상
2022013000100353,2022년 1월 30일 21시,일요일,광주광역시 남구 주월동,경상사고,0,0,1,0,차대사람 - 차도통행중,안전운전불이행,건조,맑음,교차로 - 교차로안,승용,남,64세,상해없음,보행자,남,41세,경상
2022013100100007,2022년 1월 31일 00시,월요일,광주광역시 서구 화정동,경상사고,0,0,1,0,차대차 - 기타,중앙선침범,건조,맑음,단일로 - 기타,승용,여,24세,상해없음,승용,남,55세,경상
2022013100100025,2022년 1월 31일 06시,월요일,광주광역시 서구 쌍촌동,사망사고,1,0,0,0,차대사람 - 횡단중,기타,건조,맑음,교차로 - 교차로횡단보도내,승용,남,44세,상해없음,보행자,남,92세,사망
2022013100100038,2022년 1월 31일 08시,월요일,광주광역시 남구 주월동,경상사고,0,0,1,0,차대차 - 측면충돌,안전운전불이행,건조,맑음,교차로 - 교차로안,화물,남,47세,상해없음,자전거,여,29세,경상
2022013100100059,2022년 1월 31일 10시,월요일,광주광역시 서구 화정동,중상사고,0,1,1,0,차대차 - 측면충돌,안전거리미확보,건조,맑음,단일로 - 기타,승용,남,68세,경상,승용,남,58세,중상
2022013100100060,2022년 1월 31일 10시,월요일,광주광역시 동구 산수동,경상사고,0,0,4,0,차대차 - 측면충돌,안전거리미확보,건조,맑음,단일로 - 기타,승용,남,62세,상해없음,승용,남,66세,경상
2022013100100091,2022년 1월 31일 12시,월요일,광주광역시 동구 충장로3가,중상사고,0,1,0,0,차대차 - 기타,안전거리미확보,건조,맑음,단일로 - 기타,승용,남,75세,상해없음,이륜,남,20세,중상
2022013100100113,2022년 1월 31일 13시,월요일,광주광역시 동구 학동,경상사고,0,0,5,0,차대차 - 측면충돌,안전운전불이행,건조,맑음,교차로 - 교차로안,승용,남,59세,경상,승용,남,41세,경상
2022013100100141,2022년 1월 31일 14시,월요일,광주광역시 서구 유촌동,경상사고,0,0,5,0,차대차 - 측면충돌,신호위반,건조,맑음,교차로 - 교차로안,승용,남,71세,상해없음,승용,남,33세,경상
2022013100100142,2022년 1월 31일 14시,월요일,광주광역시 남구 진월동,경상사고,0,0,4,0,차대차 - 측면충돌,안전운전불이행,건조,맑음,교차로 - 교차로안,승용,여,26세,상해없음,승용,남,44세,경상
2022013100100194,2022년 1월 31일 16시,월요일,광주광역시 남구 주월동,경상사고,0,0,1,0,차대차 - 기타,안전운전불이행,건조,맑음,단일로 - 기타,승용,여,63세,상해없음,승용,남,60세,경상
2022013100100232,2022년 1월 31일 18시,월요일,광주광역시 서구 금호동,경상사고,0,0,1,0,차대차 - 추돌,안전운전불이행,건조,맑음,단일로 - 기타,승용,남,61세,상해없음,승용,여,54세,경상
2022013100100313,2022년 1월 31일 21시,월요일,광주광역시 동구 대의동,중상사고,0,1,0,0,차대차 - 기타,안전운전불이행,건조,맑음,단일로 - 기타,화물,남,27세,상해없음,이륜,남,20세,중상
2022013100100334,2022년 1월 31일 23시,월요일,광주광역시 남구 노대동,경상사고,0,0,1,0,차대사람 - 횡단중,안전운전불이행,건조,맑음,단일로 - 기타,이륜,남,22세,기타불명,보행자,남,46세,경상
2022020100100039,2022년 2월 1일 09시,화요일,광주광역시 광산구 도산동,경상사고,0,0,1,0,차대차 - 측면충돌,교차로운행방법위반,건조,맑음,교차로 - 교차로안,승용,남,39세,경상,승용,남,31세,상해없음
2022020100100082,2022년 2월 1일 12시,화요일,광주광역시 광산구 용봉동,경상사고,0,0,3,0,차대차 - 추돌,안전운전불이행,건조,맑음,단일로 - 기타,승용,남,25세,상해없음,승용,여,31세,경상
2022020100100083,2022년 2월 1일 12시,화요일,광주광역시 북구 동림동,경상사고,0,0,3,0,차대차 - 측면충돌,안전운전불이행,젖음/습기,눈,단일로 - 기타,승용,남,62세,상해없음,승용,남,25세,경상
2022020100100168,2022년 2월 1일 17시,화요일,광주광역시 북구 오치동,경상사고,0,0,4,0,차대차 - 측면충돌,안전운전불이행,건조,맑음,교차로 - 교차로안,승용,남,28세,상해없음,승용,남,51세,경상
2022020100100197,2022년 2월 1일 19시,화요일,광주광역시 서구 화정동,경상사고,0,0,1,0,차대차 - 측면충돌,안전거리미확보,건조,맑음,단일로 - 기타,승용,남,23세,상해없음,이륜,남,19세,경상
2022020100100234,2022년 2월 1일 21시,화요일,광주광역시 남구 백운동,경상사고,0,0,1,0,차대사람 - 기타,보행자보호의무위반,건조,맑음,기타 - 기타,승용,남,35세,상해없음,보행자,여,50세,경상
2022020100100245,2022년 2월 1일 22시,화요일,광주광역시 광산구 월계동,부상신고사고,0,0,0,1,차대차 - 측면충돌,교차로운행방법위반,건조,맑음,교차로 - 교차로부근,승용,남,65세,상해없음,승용,남,46세,상해없음
2022020200100078,2022년 2월 2일 12시,수요일,광주광역시 남구 봉선동,경상사고,0,0,1,0,차대차 - 측면충돌,교차로운행방법위반,건조,맑음,교차로 - 교차로안,승용,남,48세,상해없음,승용,남,24세,경상
2022020200100079,2022년 2월 2일 12시,수요일,광주광역시 북구 문흥동,중상사고,0,1,0,0,차대차 - 측면충돌,신호위반,건조,맑음,교차로 - 교차로부근,이륜,남,31세,중상,승용,여,60세,상해없음
2022020200100104,2022년 2월 2일 13시,수요일,광주광역시 서구 화정동,경상사고,0,0,1,0,차대차 - 측면충돌,교차로운행방법위반,건조,맑음,교차로 - 교차로안,승용,남,62세,상해없음,승용,여,43세,경상
2022020200100105,2022년 2월 2일 13시,수요일,광주광역시 서구 화정동,경상사고,0,0,2,0,차대차 - 측면충돌,직진우회전진행방해,건조,맑음,교차로 - 교차로부근,승용,남,28세,경상,승용,여,60세,경상
2022020200100155,2022년 2월 2일 15시,수요일,광주광역시 북구 두암동,경상사고,0,0,1,0,차대사람 - 기타,안전운전불이행,건조,맑음,단일로 - 기타,승용,여,27세,상해없음,보행자,여,11세,경상
2022020200100156,2022년 2월 2일 15시,수요일,광주광역시 광산구 신가동,경상사고,0,0,2,0,차대차 - 정면충돌,안전운전불이행,건조,맑음,교차로 - 교차로안,승용,남,55세,상해없음,승용,남,30세,경상
2022020200100176,2022년 2월 2일 16시,수요일,광주광역시 광산구 산정동,중상사고,0,1,1,0,차대차 - 측면충돌,신호위반,건조,맑음,교차로 - 교차로안,이륜,남,37세,경상,이륜,남,21세,중상
2022020200100240,2022년 2월 2일 19시,수요일,광주광역시 서구 동천동,중상사고,0,1,0,0,차대사람 - 기타,안전운전불이행,건조,맑음,단일로 - 기타,기타불명,기타불명,미분류,기타불명,보행자,남,56세,중상
2022020200100241,2022년 2월 2일 19시,수요일,광주광역시 북구 중흥동,경상사고,0,0,1,0,차대차 - 기타,중앙선침범,건조,맑음,단일로 - 기타,화물,남,47세,상해없음,이륜,남,17세,경상
2022020200100273,2022년 2월 2일 20시,수요일,광주광역시 광산구 수완동,중상사고,0,1,1,0,차대차 - 측면충돌,안전운전불이행,건조,맑음,단일로 - 기타,이륜,남,20세,중상,승용,여,63세,경상
2022020200100274,2022년 2월 2일 20시,수요일,광주광역시 광산구 월곡동,경상사고,0,0,1,0,차대차 - 정면충돌,안전운전불이행,건조,맑음,단일로 - 기타,승용,남,67세,상해없음,이륜,남,24세,경상
2022020200100275,2022년 2월 2일 20시,수요일,광주광역시 광산구 산정동,중상사고,0,1,0,0,차대차 - 측면충돌,안전운전불이행,건조,맑음,교차로 - 교차로부근,승용,남,36세,중상,특수,남,46세,기타불명
2022020200100318,2022년 2월 2일 22시,수요일,광주광역시 서구 금호동,경상사고,0,0,3,0,차대차 - 측면충돌,교차로운행방법위반,건조,맑음,교차로 - 교차로안,승용,남,28세,경상,승용,남,33세,경상
2022020300100023,2022년 2월 3일 06시,목요일,광주광역시 동구 수기동,경상사고,0,0,1,1,차대차 - 측면충돌,신호위반,건조,맑음,교차로 - 교차로안,이륜,남,43세,부상신고,승용,남,44세,경상
2022020300100035,2022년 2월 3일 07시,목요일,광주광역시 광산구 산월동,경상사고,0,0,1,0,차대차 - 측면충돌,신호위반,건조,맑음,교차로 - 교차로안,승용,남,29세,상해없음,승용,남,33세,경상
2022020300100066,2022년 2월 3일 08시,목요일,광주광역시 동구 학동,중상사고,0,1,0,0,차대사람 - 기타,안전운전불이행,건조,맑음,단일로 - 기타,화물,남,38세,상해없음,보행자,여,72세,중상
2022020300100067,2022년 2월 3일 08시,목요일,광주광역시 북구 용봉동,경상사고,0,0,1,0,차대차 - 기타,교차로운행방법위반,건조,맑음,교차로 - 교차로안,승용,여,46세,상해없음,자전거,남,75세,경상
2022020300100068,2022년 2월 3일 08시,목요일,광주광역시 광산구 수완동,중상사고,0,1,0,0,차대사람 - 기타,안전운전불이행,건조,맑음,교차로 - 교차로부근,승합,남,51세,상해없음,보행자,여,66세,중상
2022020300100097,2022년 2월 3일 09시,목요일,광주광역시 남구 진월동,경상사고,0,0,2,0,차대차 - 측면충돌,안전운전불이행,건조,기타,단일로 - 기타,승용,남,35세,상해없음,승합,남,62세,경상
2022020300100183,2022년 2월 3일 12시,목요일,광주광역시 북구 풍향동,경상사고,0,0,1,0,차대사람 - 기타,안전운전불이행,건조,맑음,단일로 - 기타,승용,여,55세,상해없음,보행자,여,57세,경상
2022020300100184,2022년 2월 3일 12시,목요일,광주광역시 광산구 월계동,중상사고,0,1,0,0,차대사람 - 횡단중,안전운전불이행,건조,맑음,단일로 - 기타,이륜,남,26세,상해없음,보행자,남,68세,중상
2022020300100185,2022년 2월 3일 12시,목요일,광주광역시 광산구 신가동,중상사고,0,1,0,0,차대차 - 측면충돌,신호위반,건조,맑음,단일로 - 기타,승용,남,42세,상해없음,자전거,남,22세,중상
2022020300100213,2022년 2월 3일 13시,목요일,광주광역시 북구 양산동,경상사고,0,0,1,0,차대차 - 후진중충돌,안전운전불이행,건조,맑음,교차로 - 교차로부근,승용,남,64세,상해없음,승용,남,65세,경상
2022020300100238,2022년 2월 3일 14시,목요일,광주광역시 광산구 신가동,경상사고,0,0,3,0,차대차 - 후진중충돌,안전운전불이행,건조,맑음,교차로 - 교차로부근,승용,여,34세,경상,승용,여,38세,경상
2022020300100274,2022년 2월 3일 15시,목요일,광주광역시 동구 금남로5가,부상신고사고,0,0,0,1,차대차 - 측면충돌,안전운전불이행,건조,맑음,기타 - 기타,승용,여,46세,기타불명,이륜,남,21세,부상신고
2022020300100275,2022년 2월 3일 15시,목요일,광주광역시 북구 신안동,경상사고,0,0,1,0,차대차 - 측면충돌,안전운전불이행,건조,맑음,교차로 - 교차로부근,승용,여,25세,경상,승용,여,22세,상해없음
2022020300100276,2022년 2월 3일 15시,목요일,광주광역시 광산구 소촌동,경상사고,0,0,1,0,차대사람 - 기타,안전운전불이행,건조,맑음,단일로 - 기타,승합,남,33세,상해없음,보행자,남,84세,경상
2022020300100326,2022년 2월 3일 17시,목요일,광주광역시 서구 덕흥동,경상사고,0,0,4,0,차대차 - 측면충돌,기타,건조,맑음,교차로 - 교차로안,승용,남,49세,경상,승용,남,49세,경상
2022020300100359,2022년 2월 3일 18시,목요일,광주광역시 북구 신안동,경상사고,0,0,1,0,차대차 - 측면충돌,안전거리미확보,건조,맑음,교차로 - 교차로부근,화물,남,66세,상해없음,승용,남,25세,경상
2022020300100409,2022년 2월 3일 20시,목요일,광주광역시 북구 운암동,경상사고,0,0,1,0,차대차 - 측면충돌,안전운전불이행,건조,맑음,교차로 - 교차로부근,승용,남,29세,기타불명,승용,남,31세,경상
2022020300100434,2022년 2월 3일 21시,목요일,광주광역시 북구 용봉동,경상사고,0,0,1,0,차대차 - 측면충돌,안전거리미확보,건조,맑음,단일로 - 기타,승용,남,24세,상해없음,승용,여,55세,경상
2022020300100459,2022년 2월 3일 23시,목요일,광주광역시 남구 주월동,경상사고,0,0,1,0,차대차 - 기타,안전운전불이행,건조,맑음,단일로 - 기타,승용,여,40세,상해없음,승용,여,53세,경상