사고번호,사고일시,요일,시군구,사고내용,사망자수,중상자수,경상자수,부상신고자수,사고유형,법규위반,노면상태,기상상태,도로형태,가해운전자 차종,가해운전자 성별,가해운전자 연령,가해운전자 상해정도,피해운전자 차종,피해운전자 성별,피해운전자 연령,피해운전자 상해정도
2022022100100028,2022년 2월 21일 05시,월요일,광주광역시 북구 운암동,경상사고,0,0,1,0,차대차 - 기타,교차로운행방법위반,건조,맑음,교차로 - 교차로부근,화물,남,72세,상해없음,승용,남,27세,경상
2022022100100038,2022년 2월 21일 06시,월요일,광주광역시 동구 산수동,중상사고,0,1,0,0,차대사람 - 기타,기타,건조,맑음,단일로 - 기타,화물,남,69세,상해없음,보행자,남,56세,중상
2022022100100039,2022년 2월 21일 06시,월요일,광주광역시 북구 매곡동,경상사고,0,0,3,0,차대차 - 측면충돌,중앙선침범,젖음/습기,흐림,단일로 - 기타,승용,남,25세,경상,승용,여,24세,경상
2022022100100087,2022년 2월 21일 08시,월요일,광주광역시 광산구 우산동,경상사고,0,0,1,0,차대차 - 측면충돌,직진우회전진행방해,건조,맑음,교차로 - 교차로안,승용,남,60세,상해없음,승용,남,27세,경상
2022022100100138,2022년 2월 21일 10시,월요일,광주광역시 서구 치평동,경상사고,0,0,3,0,차대차 - 측면충돌,안전운전불이행,건조,맑음,교차로 - 교차로부근,승용,여,46세,경상,승용,여,64세,경상
2022022100100139,2022년 2월 21일 10시,월요일,광주광역시 북구 문흥동,경상사고,0,0,1,0,차량단독 - 기타,기타,건조,맑음,단일로 - 기타,승합,남,63세,상해없음,,,,
2022022100100140,2022년 2월 21일 10시,월요일,광주광역시 북구 문흥동,경상사고,0,0,1,0,차량단독 - 기타,기타,건조,맑음,단일로 - 기타,승합,남,63세,상해없음,,,,
2022022100100164,2022년 2월 21일 11시,월요일,광주광역시 광산구 월계동,경상사고,0,0,2,0,차대차 - 추돌,안전운전불이행,건조,맑음,기타 - 기타,승용,남,39세,경상,승용,남,28세,경상
2022022100100172,2022년 2월 21일 11시,월요일,광주광역시 동구 산수동,경상사고,0,0,2,0,차대차 - 측면충돌,차로위반,건조,맑음,단일로 - 기타,화물,남,69세,상해없음,화물,남,53세,경상
2022022100100174,2022년 2월 21일 11시,월요일,광주광역시 광산구 수완동,경상사고,0,0,1,0,차대차 - 측면충돌,신호위반,건조,맑음,교차로 - 교차로안,승용,여,41세,상해없음,승용,남,39세,경상
2022022100100204,2022년 2월 21일 12시,월요일,광주광역시 동구 계림동,경상사고,0,0,2,0,차대차 - 측면충돌,차로위반,건조,맑음,단일로 - 기타,승용,여,76세,상해없음,승용,여,37세,경상
2022022100100205,2022년 2월 21일 12시,월요일,광주광역시 광산구 하남동,경상사고,0,0,2,0,차대차 - 측면충돌,안전거리미확보,건조,맑음,단일로 - 기타,승용,남,64세,경상,이륜,남,31세,경상
2022022100100206,2022년 2월 21일 12시,월요일,광주광역시 광산구 월계동,경상사고,0,0,3,0,차대차 - 측면충돌,기타,건조,맑음,교차로 - 교차로안,승용,남,22세,경상,승용,여,37세,경상
2022022100100240,2022년 2월 21일 13시,월요일,광주광역시 북구 두암동,경상사고,0,0,2,0,차대차 - 후진중충돌,안전운전불이행,건조,맑음,주차장 - 주차장,승용,여,28세,상해없음,승용,남,23세,경상
2022022100100272,2022년 2월 21일 14시,월요일,광주광역시 북구 일곡동,경상사고,0,0,1,0,차대차 - 추돌,안전운전불이행,건조,맑음,교차로 - 교차로안,승용,여,59세,상해없음,이륜,남,27세,경상
2022022100100311,2022년 2월 21일 15시,월요일,광주광역시 광산구 송정동,경상사고,0,0,1,0,차대사람 - 길가장자리구역통행중,기타,건조,맑음,단일로 - 기타,승용,남,34세,상해없음,보행자,여,82세,경상
2022022100100376,2022년 2월 21일 17시,월요일,광주광역시 북구 문흥동,경상사고,0,0,1,0,차대사람 - 기타,안전운전불이행,건조,맑음,기타 - 기타,화물,남,35세,상해없음,보행자,남,66세,경상
2022022100100412,2022년 2월 21일 18시,월요일,광주광역시 남구 백운동,경상사고,0,0,1,0,차대차 - 후진중충돌,안전운전불이행,건조,맑음,교차로 - 교차로안,승용,남,41세,상해없음,이륜,남,24세,경상
2022022100100413,2022년 2월 21일 18시,월요일,광주광역시 북구 연제동,중상사고,0,1,0,0,차대차 - 정면충돌,중앙선침범,건조,맑음,교차로 - 교차로부근,승용,남,25세,상해없음,승용,여,26세,중상
2022022100100414,2022년 2월 21일 18시,월요일,광주광역시 북구 양산동,경상사고,0,0,3,0,차대차 - 측면충돌,안전거리미확보,건조,맑음,단일로 - 기타,승용,여,61세,경상,승용,남,21세,경상
2022022100100458,2022년 2월 21일 19시,월요일,광주광역시 북구 일곡동,경상사고,0,0,2,0,차대차 - 측면충돌,교차로운행방법위반,건조,맑음,교차로 - 교차로안,승용,여,51세,상해없음,승용,남,20세,경상
2022022100100504,2022년 2월 21일 21시,월요일,광주광역시 동구 광산동,중상사고,0,1,0,0,차대차 - 기타,안전거리미확보,건조,맑음,단일로 - 기타,승용,남,50세,상해없음,이륜,남,49세,중상
2022022100100529,2022년 2월 21일 22시,월요일,광주광역시 광산구 운남동,경상사고,0,0,2,0,차대차 - 측면충돌,중앙선침범,건조,맑음,교차로 - 교차로부근,승용,여,39세,상해없음,승용,여,54세,경상
2022022200100014,2022년 2월 22일 04시,화요일,광주광역시 서구 매월동,중상사고,0,1,0,0,차대차 - 측면충돌,신호위반,건조,맑음,교차로 - 교차로안,승용,여,62세,상해없음,승용,남,29세,중상
2022022200100099,2022년 2월 22일 09시,화요일,광주광역시 북구 용봉동,경상사고,0,0,1,0,차대차 - 측면충돌,안전운전불이행,건조,맑음,교차로 - 교차로부근,승용,남,65세,상해없음,이륜,남,79세,경상
2022022200100127,2022년 2월 22일 10시,화요일,광주광역시 동구 서석동,경상사고,0,0,1,0,차대차 - 기타,안전운전불이행,건조,맑음,기타 - 기타,승합,여,40세,상해없음,승용,여,55세,경상
2022022200100155,2022년 2월 22일 11시,화요일,광주광역시 동구 수기동,경상사고,0,0,2,0,차대차 - 측면충돌,안전거리미확보,건조,맑음,단일로 - 기타,승용,여,61세,상해없음,승용,남,24세,경상
2022022200100223,2022년 2월 22일 13시,화요일,광주광역시 서구 광천동,경상사고,0,0,1,0,차대사람 - 횡단중,보행자보호의무위반,건조,맑음,교차로 - 교차로부근,승용,여,53세,기타불명,보행자,여,29세,경상
2022022200100305,2022년 2월 22일 16시,화요일,광주광역시 서구 화정동,경상사고,0,0,2,0,차대차 - 측면충돌,안전운전불이행,건조,맑음,단일로 - 기타,승용,남,74세,상해없음,승용,남,59세,경상
2022022200100337,2022년 2월 22일 17시,화요일,광주광역시 북구 운암동,경상사고,0,0,1,0,차대차 - 기타,안전거리미확보,건조,맑음,기타 - 기타,승용,남,29세,기타불명,화물,남,51세,경상
2022022200100376,2022년 2월 22일 18시,화요일,광주광역시 북구 신안동,경상사고,0,0,2,0,차대차 - 기타,교차로운행방법위반,건조,맑음,기타 - 기타,화물,남,30세,상해없음,승용,남,54세,상해없음
2022022200100415,2022년 2월 22일 19시,화요일,광주광역시 북구 오치동,경상사고,0,0,1,0,차대사람 - 횡단중,보행자보호의무위반,건조,맑음,교차로 - 교차로횡단보도내,이륜,남,36세,상해없음,보행자,여,14세,경상
2022022200100416,2022년 2월 22일 19시,화요일,광주광역시 광산구 쌍암동,경상사고,0,0,1,0,차대차 - 측면충돌,안전운전불이행,건조,맑음,교차로 - 교차로부근,승용,남,26세,상해없음,이륜,남,28세,경상
2022022200100442,2022년 2월 22일 20시,화요일,광주광역시 서구 쌍촌동,경상사고,0,0,1,0,차대차 - 기타,중앙선침범,건조,맑음,단일로 - 기타,승용,남,31세,상해없음,승용,남,71세,상해없음
2022022300100109,2022년 2월 23일 10시,수요일,광주광역시 서구 치평동,경상사고,0,0,1,0,차대차 - 기타,직진우회전진행방해,건조,맑음,교차로 - 교차로안,승용,남,43세,상해없음,승용,남,64세,경상
2022022300100110,2022년 2월 23일 10시,수요일,광주광역시 북구 신용동,부상신고사고,0,0,0,1,차대차 - 기타,안전운전불이행,건조,맑음,단일로 - 기타,승용,남,44세,부상신고,승용,남,41세,상해없음
2022022300100111,2022년 2월 23일 10시,수요일,광주광역시 광산구 수완동,경상사고,0,0,1,0,차대차 - 기타,신호위반,건조,맑음,단일로 - 기타,승용,남,63세,기타불명,자전거,여,미분류,경상
2022022300100166,2022년 2월 23일 12시,수요일,광주광역시 북구 중흥동,경상사고,0,0,1,0,차대차 - 측면충돌,교차로운행방법위반,건조,맑음,교차로 - 교차로안,이륜,남,18세,상해없음,이륜,남,35세,경상
2022022300100196,2022년 2월 23일 13시,수요일,광주광역시 북구 양산동,경상사고,0,0,1,0,차대차 - 측면충돌,안전운전불이행,건조,맑음,교차로 - 교차로부근,승용,여,50세,상해없음,승용,여,52세,경상
2022022300100227,2022년 2월 23일 14시,수요일,광주광역시 남구 주월동,경상사고,0,0,1,0,차대차 - 기타,안전운전불이행,건조,맑음,단일로 - 기타,화물,남,77세,상해없음,화물,남,61세,경상
2022022300100228,2022년 2월 23일 14시,수요일,광주광역시 북구 오치동,경상사고,0,0,2,1,차대차 - 측면충돌,신호위반,건조,맑음,교차로 - 교차로안,이륜,남,17세,부상신고,승용,여,51세,경상
2022022300100285,2022년 2월 23일 16시,수요일,광주광역시 광산구 옥동,경상사고,0,0,2,0,차대차 - 측면충돌,안전운전불이행,건조,맑음,교차로 - 교차로안,승용,여,51세,경상,화물,남,39세,경상
2022022300100330,2022년 2월 23일 17시,수요일,광주광역시 북구 문흥동,경상사고,0,0,1,0,차대차 - 측면충돌,안전운전불이행,건조,맑음,교차로 - 교차로안,승용,남,40세,상해없음,승용,남,53세,경상
2022022300100331,2022년 2월 23일 17시,수요일,광주광역시 북구 오룡동,중상사고,0,1,0,0,차대차 - 기타,안전운전불이행,건조,맑음,교차로 - 교차로안,화물,남,69세,상해없음,화물,남,63세,중상
2022022300100332,2022년 2월 23일 17시,수요일,광주광역시 광산구 산정동,경상사고,0,0,1,0,차대차 - 추돌,안전운전불이행,건조,맑음,교차로 - 교차로안,승용,남,59세,상해없음,승용,남,38세,경상
2022022300100368,2022년 2월 23일 18시,수요일,광주광역시 남구 월산동,경상사고,0,0,1,0,차대차 - 추돌,안전운전불이행,건조,맑음,교차로 - 교차로부근,승용,남,61세,상해없음,승용,여,47세,경상
2022022300100369,2022년 2월 23일 18시,수요일,광주광역시 남구 봉선동,경상사고,0,0,1,0,차대차 - 측면충돌,안전거리미확보,건조,맑음,단일로 - 기타,승용,여,55세,상해없음,승합,남,41세,상해없음
2022022300100370,2022년 2월 23일 18시,수요일,광주광역시 남구 진월동,경상사고,0,0,1,0,차대차 - 후진중충돌,안전운전불이행,건조,맑음,단일로 - 기타,승용,남,65세,상해없음,승용,남,35세,경상
2022022300100371,2022년 2월 23일 18시,수요일,광주광역시 북구 양산동,경상사고,0,0,3,0,차대차 - 측면충돌,안전운전불이행,건조,흐림,교차로 - 교차로안,승용,남,31세,경상,승용,남,51세,경상
2022022300100372,2022년 2월 23일 18시,수요일,광주광역시 광산구 장수동,중상사고,0,1,1,0,차대차 - 측면충돌,안전거리미확보,건조,맑음,단일로 - 기타,화물,남,46세,상해없음,승용,남,29세,경상
2022022300100394,2022년 2월 23일 19시,수요일,광주광역시 동구 장동,경상사고,0,0,1,0,차대차 - 추돌,안전운전불이행,건조,맑음,교차로 - 교차로부근,승용,남,67세,상해없음,이륜,남,22세,경상
2022022300100412,2022년 2월 23일 20시,수요일,광주광역시 서구 쌍촌동,경상사고,0,0,3,0,차대차 - 추돌,안전운전불이행,건조,맑음,교차로 - 교차로안,승용,남,34세,상해없음,승용,남,34세,경상
2022022300100413,2022년 2월 23일 20시,수요일,광주광역시 광산구 쌍암동,중상사고,0,1,0,0,차대차 - 정면충돌,신호위반,건조,맑음,교차로 - 교차로안,승용,남,47세,상해없음,이륜,남,44세,중상
2022022300100414,2022년 2월 23일 20시,수요일,광주광역시 광산구 산정동,경상사고,0,0,1,0,차대사람 - 기타,안전운전불이행,건조,맑음,단일로 - 기타,승용,여,39세,상해없음,보행자,여,42세,경상
2022022300100437,2022년 2월 23일 21시,수요일,광주광역시 서구 치평동,경상사고,0,0,3,0,차대차 - 측면충돌,안전거리미확보,건조,맑음,단일로 - 기타,승용,여,61세,경상,이륜,남,37세,경상
2022022300100464,2022년 2월 23일 22시,수요일,광주광역시 서구 화정동,경상사고,0,0,1,0,차대차 - 측면충돌,안전운전불이행,건조,맑음,단일로 - 기타,화물,남,44세,상해없음,승용,여,29세,경상
2022022300100465,2022년 2월 23일 22시,수요일,광주광역시 광산구 신가동,중상사고,0,1,0,0,차대차 - 측면충돌,중앙선침범,건조,맑음,교차로 - 교차로부근,승용,남,21세,상해없음,이륜,남,33세,중상
2022022400100009,2022년 2월 24일 02시,목요일,광주광역시 서구 농성동,경상사고,0,0,1,0,차량단독 - 기타,안전운전불이행,건조,맑음,단일로 - 기타,화물,남,79세,기타불명,,,,
2022022400100092,2022년 2월 24일 08시,목요일,광주광역시 북구 동림동,경상사고,0,0,1,0,차대차 - 추돌,안전운전불이행,건조,맑음,단일로 - 기타,승용,남,26세,상해없음,승용,남,55세,경상
2022022400100121,2022년 2월 24일 09시,목요일,광주광역시 서구 치평동,부상신고사고,0,0,0,1,차대차 - 측면충돌,안전운전불이행,건조,맑음,단일로 - 기타,승용,여,43세,상해없음,승용,남,35세,부상신고
2022022400100166,2022년 2월 24일 11시,목요일,광주광역시 서구 동천동,경상사고,0,0,7,0,차대차 - 추돌,안전거리미확보,건조,맑음,단일로 - 기타,승용,남,28세,상해없음,승용,남,28세,경상
2022022400100206,2022년 2월 24일 12시,목요일,광주광역시 북구 각화동,중상사고,0,1,0,0,차대사람 - 보도통행중,기타,건조,맑음,기타 - 기타,이륜,남,28세,상해없음,보행자,남,55세,중상
2022022400100260,2022년 2월 24일 14시,목요일,광주광역시 서구 매월동,경상사고,0,0,1,0,차대차 - 측면충돌,안전운전불이행,건조,맑음,단일로 - 기타,승용,남,65세,상해없음,승용,남,44세,경상
2022022400100261,2022년 2월 24일 14시,목요일,광주광역시 남구 봉선동,경상사고,0,0,4,0,차대차 - 측면충돌,교차로운행방법위반,건조,맑음,교차로 - 교차로안,승용,남,60세,상해없음,승용,남,19세,경상
2022022400100330,2022년 2월 24일 16시,목요일,광주광역시 북구 연제동,경상사고,0,0,2,0,차대차 - 측면충돌,교차로운행방법위반,건조,맑음,교차로 - 교차로부근,화물,여,70세,상해없음,승용,남,20세,경상
2022022400100331,2022년 2월 24일 16시,목요일,광주광역시 북구 신안동,경상사고,0,0,1,0,차대사람 - 횡단중,안전운전불이행,건조,맑음,교차로 - 교차로부근,승용,남,61세,상해없음,보행자,남,53세,경상
2022022400100370,2022년 2월 24일 17시,목요일,광주광역시 북구 신안동,경상사고,0,0,1,0,차대사람 - 기타,안전운전불이행,건조,맑음,단일로 - 기타,화물,남,55세,상해없음,보행자,남,29세,경상
2022022400100371,2022년 2월 24일 17시,목요일,광주광역시 북구 연제동,경상사고,0,0,1,0,차대사람 - 기타,중앙선침범,건조,맑음,단일로 - 기타,승용,여,26세,상해없음,보행자,남,15세,경상
2022022400100372,2022년 2월 24일 17시,목요일,광주광역시 광산구 소촌동,경상사고,0,0,1,0,차대차 - 추돌,안전운전불이행,건조,맑음,교차로 - 교차로부근,승용,남,61세,상해없음,승용,남,32세,경상
2022022400100411,2022년 2월 24일 18시,목요일,광주광역시 북구 임동,중상사고,0,1,0,0,차대차 - 측면충돌,신호위반,건조,맑음,교차로 - 교차로안,승용,여,26세,상해없음,이륜,남,21세,중상
2022022400100443,2022년 2월 24일 19시,목요일,광주광역시 광산구 송정동,경상사고,0,0,2,0,차대차 - 측면충돌,안전운전불이행,건조,맑음,교차로 - 교차로안,승용,남,59세,경상,승용,남,26세,경상
2022022400100470,2022년 2월 24일 20시,목요일,광주광역시 서구 쌍촌동,경상사고,0,0,1,0,차대차 - 기타,안전운전불이행,건조,맑음,교차로 - 교차로안,화물,남,39세,상해없음,이륜,남,19세,경상
2022022400100471,2022년 2월 24일 20시,목요일,광주광역시 남구 방림동,중상사고,0,1,0,0,차대차 - 기타,안전운전불이행,건조,맑음,교차로 - 교차로부근,승용,여,27세,상해없음,이륜,남,53세,중상
2022022400100472,2022년 2월 24일 20시,목요일,광주광역시 광산구 신가동,경상사고,0,0,1,0,차대차 - 측면충돌,직진우회전진행방해,건조,맑음,교차로 - 교차로안,승용,여,54세,기타불명,자전거,남,14세,경상
2022022400100524,2022년 2월 24일 22시,목요일,광주광역시 광산구 산월동,경상사고,0,0,1,0,차대차 - 측면충돌,안전운전불이행,건조,맑음,단일로 - 기타,승용,남,28세,상해없음,이륜,남,28세,경상
2022022400100544,2022년 2월 24일 23시,목요일,광주광역시 광산구 월곡동,중상사고,0,1,0,0,차량단독 - 공작물충돌,안전운전불이행,건조,맑음,교차로 - 교차로안,이륜,남,18세,중상,,,,
2022022500100010,2022년 2월 25일 01시,금요일,광주광역시 북구 운암동,경상사고,0,0,3,0,차대차 - 측면충돌,신호위반,건조,맑음,교차로 - 교차로안,승용,남,63세,경상,승용,남,32세,경상
2022022500100017,2022년 2월 25일 04시,금요일,광주광역시 서구 쌍촌동,경상사고,0,0,1,0,차대사람 - 기타,안전운전불이행,건조,맑음,단일로 - 기타,승용,남,24세,상해없음,보행자,남,15세,경상
2022022500100091,2022년 2월 25일 08시,금요일,광주광역시 동구 월남동,경상사고,0,0,1,0,차대차 - 정면충돌,안전거리미확보,건조,맑음,단일로 - 기타,화물,남,58세,상해없음,승용,남,61세,경상
2022022500100092,2022년 2월 25일 08시,금요일,광주광역시 동구 금남로1가,경상사고,0,0,2,0,차대차 - 측면충돌,안전운전불이행,건조,맑음,기타 - 기타,승용,남,69세,상해없음,승합,남,50세,경상
2022022500100093,2022년 2월 25일 08시,금요일,광주광역시 광산구 월곡동,경상사고,0,0,2,0,차대차 - 기타,안전운전불이행,건조,맑음,교차로 - 교차로부근,화물,남,61세,상해없음,승용,여,52세,경상
2022022500100156,2022년 2월 25일 10시,금요일,광주광역시 서구 치평동,경상사고,0,0,2,0,차대사람 - 차도통행중,안전운전불이행,건조,맑음,교차로 - 교차로부근,승용,여,49세,기타불명,보행자,남,25세,경상
2022022500100191,2022년 2월 25일 11시,금요일,광주광역시 서구 쌍촌동,경상사고,0,0,2,0,차대차 - 측면충돌,안전거리미확보,건조,맑음,단일로 - 기타,승용,여,22세,상해없음,승용,남,53세,경상
2022022500100234,2022년 2월 25일 12시,금요일,광주광역시 서구 농성동,경상사고,0,0,1,0,차대차 - 기타,안전운전불이행,건조,맑음,단일로 - 기타,이륜,남,30세,기타불명,승용,여,30세,경상
2022022500100235,2022년 2월 25일 12시,금요일,광주광역시 북구 동림동,경상사고,0,0,1,0,차대차 - 추돌,안전거리미확보,건조,맑음,단일로 - 기타,승용,여,35세,상해없음,승용,여,60세,경상
2022022500100236,2022년 2월 25일 12시,금요일,광주광역시 광산구 본덕동,경상사고,0,0,1,0,차대차 - 측면충돌,안전운전불이행,건조,맑음,단일로 - 기타,승용,남,63세,기타불명,승용,남,55세,경상
2022022500100291,2022년 2월 25일 14시,금요일,광주광역시 서구 농성동,경상사고,0,0,1,0,차대차 - 추돌,안전운전불이행,건조,맑음,단일로 - 기타,승용,남,32세,상해없음,승용,여,34세,경상
2022022500100292,2022년 2월 25일 14시,금요일,광주광역시 광산구 쌍암동,경상사고,0,0,1,0,차대차 - 추돌,안전운전불이행,건조,맑음,단일로 - 기타,승용,여,35세,상해없음,승용,남,29세,상해없음
2022022500100352,2022년 2월 25일 16시,금요일,광주광역시 서구 쌍촌동,부상신고사고,0,0,0,1,차대차 - 측면충돌,안전운전불이행,건조,맑음,단일로 - 기타,화물,남,53세,상해없음,승용,여,30세,부상신고
2022022500100353,2022년 2월 25일 16시,금요일,광주광역시 북구 신안동,중상사고,0,1,1,0,차대차 - 정면충돌,직진우회전진행방해,건조,맑음,교차로 - 교차로안,승용,남,40세,중상,승용,남,39세,경상
2022022500100354,2022년 2월 25일 16시,금요일,광주광역시 광산구 신창동,경상사고,0,0,1,0,차대차 - 추돌,안전운전불이행,건조,맑음,교차로 - 교차로부근,승용,남,29세,기타불명,승용,남,71세,경상
2022022500100392,2022년 2월 25일 17시,금요일,광주광역시 남구 주월동,경상사고,0,0,1,0,차대차 - 측면충돌,안전거리미확보,건조,맑음,단일로 - 기타,화물,남,53세,상해없음,승용,남,51세,경상
2022022500100440,2022년 2월 25일 18시,금요일,광주광역시 서구 풍암동,경상사고,0,0,1,0,차대차 - 측면충돌,교차로운행방법위반,건조,맑음,교차로 - 교차로안,승용,남,41세,상해없음,승용,여,58세,경상
2022022500100441,2022년 2월 25일 18시,금요일,광주광역시 북구 두암동,경상사고,0,0,1,0,차대차 - 기타,안전운전불이행,건조,맑음,단일로 - 기타,승용,남,23세,기타불명,승용,남,43세,경상
2022022500100442,2022년 2월 25일 18시,금요일,광주광역시 광산구 월계동,경상사고,0,0,1,0,차대차 - 기타,안전거리미확보,건조,맑음,단일로 - 기타,승용,여,52세,상해없음,이륜,남,27세,경상
2022022500100475,2022년 2월 25일 19시,금요일,광주광역시 서구 화정동,경상사고,0,0,1,0,차대차 - 기타,안전운전불이행,건조,맑음,교차로 - 교차로안,원동기,남,34세,상해없음,승용,남,49세,경상
2022022500100501,2022년 2월 25일 20시,금요일,광주광역시 서구 쌍촌동,경상사고,0,0,2,0,차대차 - 추돌,안전운전불이행,건조,맑음,단일로 - 기타,원동기,남,47세,상해없음,승용,남,71세,경상
2022022500100555,2022년 2월 25일 22시,금요일,광주광역시 북구 동림동,경상사고,0,0,1,0,차대차 - 측면충돌,안전운전불이행,건조,맑음,기타 - 기타,승용,남,57세,상해없음,승용,남,33세,경상
2022022500100565,2022년 2월 25일 22시,금요일,광주광역시 북구 신용동,경상사고,0,0,1,0,차대사람 - 기타,안전운전불이행,건조,맑음,단일로 - 기타,승용,남,25세,상해없음,보행자,여,39세,경상
2022022600100011,2022년 2월 26일 00시,토요일,광주광역시 서구 화정동,경상사고,0,0,1,0,차대차 - 측면충돌,교차로운행방법위반,건조,맑음,교차로 - 교차로안,승용,남,35세,상해없음,이륜,남,18세,경상
2022022600100024,2022년 2월 26일 02시,토요일,광주광역시 서구 농성동,사망사고,1,0,0,0,차대차 - 기타,안전운전불이행,건조,맑음,교차로 - 교차로부근,승용,남,22세,상해없음,이륜,남,17세,사망
2022022600100025,2022년 2월 26일 02시,토요일,광주광역시 북구 운암동,경상사고,0,0,2,0,차대차 - 추돌,안전운전불이행,건조,맑음,단일로 - 기타,승용,남,32세,상해없음,승용,남,30세,경상
2022022600100066,2022년 2월 26일 07시,토요일,광주광역시 북구 오치동,경상사고,0,0,1,0,차대사람 - 기타,신호위반,건조,맑음,교차로 - 교차로부근,승합,남,59세,상해없음,보행자,남,52세,경상
2022022600100092,2022년 2월 26일 09시,토요일,광주광역시 남구 방림동,경상사고,0,0,1,0,차량단독 - 전도전복 - 전도,안전거리미확보,건조,맑음,단일로 - 기타,이륜,남,22세,경상,,,,
2022022600100174,2022년 2월 26일 12시,토요일,광주광역시 광산구 신촌동,경상사고,0,0,4,0,차대차 - 기타,신호위반,건조,맑음,교차로 - 교차로부근,승용,남,66세,경상,승용,남,27세,경상
2022022600100212,2022년 2월 26일 13시,토요일,광주광역시 남구 방림동,경상사고,0,0,2,0,차대차 - 추돌,안전운전불이행,건조,맑음,단일로 - 기타,승용,남,59세,상해없음,승용,여,35세,경상
2022022600100236,2022년 2월 26일 14시,토요일,광주광역시 북구 운암동,경상사고,0,0,4,0,차대차 - 추돌,안전거리미확보,건조,맑음,단일로 - 교량,승용,남,63세,경상,승용,여,48세,경상
2022022600100265,2022년 2월 26일 15시,토요일,광주광역시 북구 각화동,경상사고,0,0,4,0,차대차 - 측면충돌,안전거리미확보,건조,맑음,단일로 - 기타,승용,남,21세,상해없음,승용,남,58세,경상
2022022600100294,2022년 2월 26일 16시,토요일,광주광역시 광산구 수완동,경상사고,0,0,3,0,차대차 - 측면충돌,안전운전불이행,건조,맑음,교차로 - 교차로안,승용,여,38세,경상,승용,남,25세,경상
2022022600100321,2022년 2월 26일 17시,토요일,광주광역시 광산구 소촌동,경상사고,0,0,1,1,차대차 - 측면충돌,안전거리미확보,건조,맑음,교차로 - 교차로부근,승용,남,63세,부상신고,승용,남,44세,경상
2022022600100363,2022년 2월 26일 18시,토요일,광주광역시 서구 화정동,경상사고,0,0,1,0,차대차 - 기타,안전운전불이행,건조,맑음,교차로 - 교차로안,승용,여,47세,상해없음,승용,여,46세,경상
2022022600100400,2022년 2월 26일 19시,토요일,광주광역시 서구 금호동,경상사고,0,0,1,0,차대사람 - 횡단중,안전운전불이행,건조,맑음,단일로 - 기타,승용,남,57세,상해없음,보행자,남,32세,경상
2022022600100401,2022년 2월 26일 19시,토요일,광주광역시 서구 치평동,경상사고,0,0,1,0,차대차 - 기타,안전운전불이행,건조,맑음,교차로 - 교차로부근,승합,남,36세,상해없음,승용,여,45세,경상
2022022600100402,2022년 2월 26일 19시,토요일,광주광역시 서구 매월동,경상사고,0,0,4,1,차대차 - 기타,교차로운행방법위반,건조,맑음,교차로 - 교차로안,승용,남,57세,부상신고,승용,여,54세,경상
2022022600100459,2022년 2월 26일 21시,토요일,광주광역시 동구 황금동,경상사고,0,0,2,0,차대차 - 측면충돌,안전운전불이행,건조,맑음,단일로 - 기타,승용,여,30세,상해없음,승용,남,50세,경상
2022022600100460,2022년 2월 26일 21시,토요일,광주광역시 광산구 수완동,경상사고,0,0,1,0,차대사람 - 길가장자리구역통행중,안전운전불이행,건조,흐림,단일로 - 기타,승용,남,22세,기타불명,보행자,남,23세,경상
2022022600100485,2022년 2월 26일 22시,토요일,광주광역시 서구 쌍촌동,경상사고,0,0,2,0,차대차 - 측면충돌,안전운전불이행,건조,흐림,교차로 - 교차로안,승용,남,56세,상해없음,승용,남,25세,경상
2022022600100486,2022년 2월 26일 22시,토요일,광주광역시 북구 장등동,경상사고,0,0,1,0,차대차 - 정면충돌,신호위반,건조,맑음,교차로 - 교차로안,승용,남,25세,상해없음,승용,남,52세,경상
2022022600100487,2022년 2월 26일 22시,토요일,광주광역시 광산구 수완동,경상사고,0,0,1,0,차대사람 - 차도통행중,안전운전불이행,건조,맑음,단일로 - 기타,승용,남,54세,상해없음,보행자,남,49세,경상
2022022600100488,2022년 2월 26일 22시,토요일,광주광역시 광산구 쌍암동,경상사고,0,0,1,0,차대차 - 측면충돌,안전운전불이행,건조,맑음,단일로 - 기타,승용,남,38세,상해없음,승용,남,50세,경상
2022022700100119,2022년 2월 27일 12시,일요일,광주광역시 남구 봉선동,경상사고,0,0,3,0,차대차 - 측면충돌,안전거리미확보,건조,맑음,단일로 - 기타,승용,남,67세,기타불명,승용,남,54세,경상
2022022700100151,2022년 2월 27일 13시,일요일,광주광역시 동구 운림동,경상사고,0,0,1,0,차대사람 - 기타,안전운전불이행,건조,맑음,단일로 - 기타,승용,남,64세,상해없음,보행자,남,76세,경상
2022022700100152,2022년 2월 27일 13시,일요일,광주광역시 서구 쌍촌동,경상사고,0,0,1,0,차대사람 - 기타,안전운전불이행,건조,맑음,미분류 - 미분류,승합,남,62세,기타불명,보행자,남,71세,경상