사고번호,사고일시,요일,시군구,사고내용,사망자수,중상자수,경상자수,부상신고자수,사고유형,법규위반,노면상태,기상상태,도로형태,가해운전자 차종,가해운전자 성별,가해운전자 연령,가해운전자 상해정도,피해운전자 차종,피해운전자 성별,피해운전자 연령,피해운전자 상해정도
2022030700100333,2022년 3월 7일 18시,월요일,광주광역시 광산구 도산동,경상사고,0,0,1,0,차대차 - 기타,교차로운행방법위반,건조,맑음,교차로 - 교차로안,개인형이동수단(PM),여,46세,경상,승용,여,33세,상해없음
2022030700100360,2022년 3월 7일 19시,월요일,광주광역시 서구 화정동,경상사고,0,0,1,0,차대차 - 기타,안전운전불이행,건조,맑음,교차로 - 교차로안,승용,여,49세,상해없음,원동기,남,45세,경상
2022030700100361,2022년 3월 7일 19시,월요일,광주광역시 광산구 도천동,경상사고,0,0,1,0,차대차 - 측면충돌,안전운전불이행,건조,맑음,교차로 - 교차로안,승용,여,32세,상해없음,승용,여,25세,경상
2022030700100410,2022년 3월 7일 22시,월요일,광주광역시 북구 유동,경상사고,0,0,2,0,차대차 - 정면충돌,중앙선침범,건조,맑음,단일로 - 기타,승용,남,40세,상해없음,승용,남,36세,경상
2022030700100428,2022년 3월 7일 23시,월요일,광주광역시 서구 쌍촌동,경상사고,0,0,1,0,차대차 - 측면충돌,교차로운행방법위반,건조,맑음,교차로 - 교차로안,승용,남,32세,상해없음,승용,여,22세,경상
2022030700100429,2022년 3월 7일 23시,월요일,광주광역시 북구 임동,경상사고,0,0,1,0,차대차 - 측면충돌,안전운전불이행,건조,맑음,교차로 - 교차로안,승용,남,26세,상해없음,승용,남,26세,경상
2022030800100015,2022년 3월 8일 03시,화요일,광주광역시 북구 운암동,경상사고,0,0,1,0,차대차 - 기타,교차로운행방법위반,건조,맑음,교차로 - 교차로안,승용,여,42세,상해없음,승용,여,40세,경상
2022030800100073,2022년 3월 8일 08시,화요일,광주광역시 서구 농성동,경상사고,0,0,1,0,차대차 - 기타,안전운전불이행,건조,맑음,교차로 - 교차로부근,승용,여,63세,상해없음,자전거,남,67세,경상
2022030800100096,2022년 3월 8일 09시,화요일,광주광역시 광산구 장덕동,경상사고,0,0,1,0,차대차 - 측면충돌,교차로운행방법위반,건조,맑음,교차로 - 교차로안,화물,남,60세,기타불명,화물,남,45세,경상
2022030800100125,2022년 3월 8일 10시,화요일,광주광역시 광산구 송정동,중상사고,0,1,0,0,차대차 - 기타,안전거리미확보,건조,맑음,교차로 - 교차로안,승용,남,67세,상해없음,승합,남,56세,상해없음
2022030800100150,2022년 3월 8일 11시,화요일,광주광역시 서구 광천동,경상사고,0,0,1,0,차대차 - 측면충돌,안전운전불이행,건조,맑음,교차로 - 교차로안,승용,여,67세,상해없음,승용,남,29세,경상
2022030800100179,2022년 3월 8일 12시,화요일,광주광역시 서구 마륵동,중상사고,0,1,0,0,차대차 - 정면충돌,신호위반,건조,흐림,교차로 - 교차로안,승용,여,60세,상해없음,승용,남,52세,중상
2022030800100200,2022년 3월 8일 13시,화요일,광주광역시 북구 용전동,경상사고,0,0,1,0,차대차 - 추돌,안전거리미확보,건조,맑음,단일로 - 기타,승용,남,68세,상해없음,승용,남,56세,경상
2022030800100229,2022년 3월 8일 14시,화요일,광주광역시 서구 내방동,경상사고,0,0,1,0,차대사람 - 횡단중,안전운전불이행,건조,맑음,교차로 - 교차로부근,승용,여,63세,상해없음,보행자,여,22세,경상
2022030800100230,2022년 3월 8일 14시,화요일,광주광역시 광산구 송정동,중상사고,0,1,0,0,차량단독 - 기타,안전운전불이행,건조,맑음,단일로 - 기타,승합,남,71세,상해없음,,,,
2022030800100260,2022년 3월 8일 15시,화요일,광주광역시 북구 운암동,중상사고,0,2,0,0,차대차 - 추돌,안전거리미확보,건조,맑음,단일로 - 기타,이륜,남,22세,상해없음,이륜,남,75세,중상
2022030800100294,2022년 3월 8일 16시,화요일,광주광역시 북구 두암동,경상사고,0,0,2,0,차대차 - 측면충돌,교차로운행방법위반,건조,흐림,교차로 - 교차로안,승용,남,71세,경상,승용,남,31세,경상
2022030800100295,2022년 3월 8일 16시,화요일,광주광역시 광산구 쌍암동,경상사고,0,0,1,0,차대차 - 추돌,안전운전불이행,건조,맑음,교차로 - 교차로안,승용,여,46세,상해없음,승용,남,35세,경상
2022030800100331,2022년 3월 8일 17시,화요일,광주광역시 광산구 송정동,경상사고,0,0,3,0,차대차 - 측면충돌,신호위반,건조,맑음,교차로 - 교차로안,승용,남,22세,기타불명,승합,남,48세,경상
2022030800100365,2022년 3월 8일 18시,화요일,광주광역시 서구 쌍촌동,경상사고,0,0,1,0,차대차 - 후진중충돌,안전운전불이행,건조,맑음,교차로 - 교차로안,승용,남,49세,상해없음,승용,여,42세,경상
2022030800100366,2022년 3월 8일 18시,화요일,광주광역시 광산구 월곡동,경상사고,0,0,1,0,차대차 - 측면충돌,안전운전불이행,건조,맑음,교차로 - 교차로부근,승용,여,43세,상해없음,승용,남,33세,경상
2022030800100404,2022년 3월 8일 19시,화요일,광주광역시 동구 소태동,경상사고,0,0,1,0,차대차 - 추돌,안전거리미확보,건조,맑음,단일로 - 기타,승용,여,66세,기타불명,화물,남,58세,상해없음
2022030800100405,2022년 3월 8일 19시,화요일,광주광역시 서구 풍암동,중상사고,0,2,4,0,차대차 - 측면충돌,신호위반,건조,맑음,교차로 - 교차로안,이륜,남,28세,중상,승용,남,18세,상해없음
2022030800100406,2022년 3월 8일 19시,화요일,광주광역시 광산구 장덕동,경상사고,0,0,5,0,차대차 - 추돌,안전운전불이행,건조,맑음,교차로 - 교차로부근,승용,남,55세,상해없음,승용,여,43세,경상
2022030800100424,2022년 3월 8일 20시,화요일,광주광역시 광산구 쌍암동,경상사고,0,0,1,0,차대차 - 측면충돌,중앙선침범,건조,맑음,단일로 - 기타,자전거,남,48세,기타불명,이륜,남,26세,경상
2022030800100459,2022년 3월 8일 22시,화요일,광주광역시 동구 학동,경상사고,0,0,1,0,차대사람 - 기타,안전운전불이행,건조,맑음,단일로 - 기타,승용,남,28세,상해없음,보행자,여,57세,경상
2022030800100460,2022년 3월 8일 22시,화요일,광주광역시 광산구 수완동,경상사고,0,0,2,1,차대차 - 추돌,안전거리미확보,건조,맑음,교차로 - 교차로부근,이륜,남,30세,부상신고,승용,남,23세,경상
2022030800100461,2022년 3월 8일 22시,화요일,광주광역시 광산구 장덕동,경상사고,0,0,1,0,차대차 - 기타,안전운전불이행,건조,맑음,교차로 - 교차로부근,기타불명,기타불명,미분류,기타불명,개인형이동수단(PM),여,18세,경상
2022030800100493,2022년 3월 8일 23시,화요일,광주광역시 서구 치평동,경상사고,0,0,1,0,차대차 - 후진중충돌,안전운전불이행,건조,맑음,단일로 - 기타,승용,남,31세,상해없음,이륜,남,36세,경상
2022030800100494,2022년 3월 8일 23시,화요일,광주광역시 광산구 신창동,경상사고,0,0,2,0,차대차 - 측면충돌,안전운전불이행,건조,맑음,교차로 - 교차로부근,승용,남,33세,상해없음,승용,남,61세,경상
2022030800100495,2022년 3월 8일 23시,화요일,광주광역시 광산구 우산동,경상사고,0,0,1,0,차대차 - 측면충돌,안전운전불이행,건조,맑음,교차로 - 교차로부근,승용,남,51세,상해없음,승용,남,29세,경상
2022030900100019,2022년 3월 9일 00시,수요일,광주광역시 북구 신용동,경상사고,0,0,3,0,차대차 - 측면충돌,안전운전불이행,건조,맑음,기타 - 기타,승용,남,41세,상해없음,승용,남,48세,경상
2022030900100067,2022년 3월 9일 08시,수요일,광주광역시 북구 오치동,경상사고,0,0,2,0,차대차 - 추돌,안전운전불이행,건조,맑음,단일로 - 기타,승용,남,45세,상해없음,승용,남,27세,경상
2022030900100157,2022년 3월 9일 12시,수요일,광주광역시 남구 봉선동,경상사고,0,0,2,0,차대차 - 측면충돌,안전운전불이행,건조,맑음,교차로 - 교차로안,승용,남,68세,상해없음,승용,남,39세,경상
2022030900100158,2022년 3월 9일 12시,수요일,광주광역시 광산구 우산동,경상사고,0,0,1,0,차대사람 - 횡단중,안전운전불이행,건조,맑음,단일로 - 기타,승용,여,36세,상해없음,보행자,남,7세,경상
2022030900100187,2022년 3월 9일 13시,수요일,광주광역시 광산구 운남동,중상사고,0,2,2,0,차대차 - 정면충돌,중앙선침범,건조,맑음,단일로 - 기타,승용,남,60세,경상,승용,남,53세,경상
2022030900100266,2022년 3월 9일 16시,수요일,광주광역시 북구 풍향동,경상사고,0,0,1,0,차대차 - 기타,안전거리미확보,건조,맑음,교차로 - 교차로부근,승합,남,42세,상해없음,승용,남,38세,경상
2022030900100318,2022년 3월 9일 18시,수요일,광주광역시 북구 운암동,경상사고,0,0,1,0,차대사람 - 기타,안전운전불이행,건조,맑음,단일로 - 기타,승합,남,63세,상해없음,보행자,남,61세,경상
2022030900100370,2022년 3월 9일 20시,수요일,광주광역시 북구 중흥동,중상사고,0,1,0,0,차대사람 - 횡단중,보행자보호의무위반,건조,맑음,교차로 - 교차로횡단보도내,이륜,남,31세,상해없음,보행자,여,62세,중상
2022030900100398,2022년 3월 9일 22시,수요일,광주광역시 광산구 송정동,경상사고,0,0,1,0,차대차 - 측면충돌,안전운전불이행,건조,맑음,교차로 - 교차로부근,승용,남,37세,상해없음,이륜,남,22세,경상
2022031000100020,2022년 3월 10일 04시,목요일,광주광역시 서구 화정동,중상사고,0,1,2,0,차대차 - 측면충돌,교차로운행방법위반,건조,맑음,교차로 - 교차로안,승용,남,18세,상해없음,화물,남,27세,경상
2022031000100056,2022년 3월 10일 07시,목요일,광주광역시 동구 지산동,경상사고,0,0,1,0,차대차 - 측면충돌,안전거리미확보,건조,맑음,단일로 - 기타,승용,여,60세,상해없음,승용,여,42세,경상
2022031000100088,2022년 3월 10일 08시,목요일,광주광역시 동구 소태동,경상사고,0,0,1,0,차대차 - 추돌,안전거리미확보,건조,맑음,단일로 - 터널,승용,남,51세,상해없음,승용,남,42세,경상
2022031000100089,2022년 3월 10일 08시,목요일,광주광역시 서구 내방동,경상사고,0,0,1,0,차대차 - 기타,신호위반,건조,맑음,교차로 - 교차로부근,승용,여,60세,상해없음,승용,남,50세,경상
2022031000100090,2022년 3월 10일 08시,목요일,광주광역시 남구 월산동,경상사고,0,0,1,0,차대사람 - 길가장자리구역통행중,안전운전불이행,건조,맑음,단일로 - 기타,승용,남,46세,상해없음,보행자,여,86세,경상
2022031000100112,2022년 3월 10일 09시,목요일,광주광역시 동구 대의동,경상사고,0,0,1,0,차대차 - 측면충돌,교차로운행방법위반,건조,맑음,교차로 - 교차로안,승용,남,64세,기타불명,승용,남,27세,경상
2022031000100161,2022년 3월 10일 11시,목요일,광주광역시 북구 유동,경상사고,0,0,4,0,차대차 - 기타,신호위반,건조,맑음,교차로 - 교차로안,특수,남,46세,경상,승용,남,62세,경상
2022031000100162,2022년 3월 10일 11시,목요일,광주광역시 북구 신안동,경상사고,0,0,1,0,차대차 - 기타,안전운전불이행,건조,맑음,단일로 - 기타,자전거,남,21세,경상,승합,남,62세,상해없음
2022031000100238,2022년 3월 10일 14시,목요일,광주광역시 남구 봉선동,경상사고,0,0,1,0,차대차 - 측면충돌,교차로운행방법위반,건조,맑음,교차로 - 교차로안,승용,여,74세,상해없음,이륜,남,29세,경상
2022031000100321,2022년 3월 10일 17시,목요일,광주광역시 북구 문흥동,경상사고,0,0,3,0,차량단독 - 공작물충돌,안전운전불이행,건조,맑음,단일로 - 기타,승합,남,66세,경상,,,,
2022031000100322,2022년 3월 10일 17시,목요일,광주광역시 북구 운암동,경상사고,0,0,2,0,차대차 - 추돌,안전운전불이행,건조,맑음,단일로 - 기타,승용,여,50세,상해없음,승용,여,34세,경상
2022031000100367,2022년 3월 10일 19시,목요일,광주광역시 광산구 도천동,중상사고,0,1,2,0,차대차 - 추돌,안전운전불이행,건조,맑음,단일로 - 기타,이륜,남,18세,중상,화물,남,62세,경상
2022031000100368,2022년 3월 10일 19시,목요일,광주광역시 광산구 수완동,중상사고,0,1,1,0,차대차 - 추돌,안전운전불이행,건조,맑음,교차로 - 교차로부근,승용,남,43세,상해없음,승용,남,67세,중상
2022031100100003,2022년 3월 11일 00시,금요일,광주광역시 북구 운암동,경상사고,0,0,2,0,차대차 - 측면충돌,직진우회전진행방해,건조,맑음,교차로 - 교차로안,승용,남,30세,경상,승용,남,55세,상해없음
2022031100100004,2022년 3월 11일 00시,금요일,광주광역시 광산구 신창동,경상사고,0,0,3,0,차대차 - 기타,안전운전불이행,건조,맑음,기타 - 기타,승용,남,25세,상해없음,승용,남,19세,경상
2022031100100014,2022년 3월 11일 03시,금요일,광주광역시 광산구 신가동,경상사고,0,0,2,0,차대차 - 기타,신호위반,건조,맑음,교차로 - 교차로안,이륜,남,19세,상해없음,승용,여,32세,경상
2022031100100084,2022년 3월 11일 08시,금요일,광주광역시 광산구 우산동,중상사고,0,1,0,0,차대사람 - 횡단중,안전운전불이행,건조,맑음,교차로 - 교차로안,승용,여,55세,상해없음,보행자,남,53세,중상
2022031100100085,2022년 3월 11일 08시,금요일,광주광역시 광산구 신창동,경상사고,0,0,1,0,차대차 - 측면충돌,안전운전불이행,건조,맑음,교차로 - 교차로안,승용,남,30세,상해없음,승용,남,23세,경상
2022031100100107,2022년 3월 11일 09시,금요일,광주광역시 광산구 우산동,경상사고,0,0,1,0,차대차 - 측면충돌,안전거리미확보,건조,맑음,단일로 - 기타,승용,남,48세,상해없음,승용,남,25세,경상
2022031100100191,2022년 3월 11일 12시,금요일,광주광역시 광산구 하남동,경상사고,0,0,2,0,차대차 - 추돌,안전운전불이행,건조,맑음,단일로 - 기타,승용,남,59세,상해없음,승용,남,53세,경상
2022031100100250,2022년 3월 11일 14시,금요일,광주광역시 서구 치평동,경상사고,0,0,2,0,차량단독 - 기타,안전운전불이행,건조,맑음,단일로 - 기타,승합,남,51세,상해없음,,,,
2022031100100279,2022년 3월 11일 15시,금요일,광주광역시 광산구 송정동,경상사고,0,0,1,0,차량단독 - 기타,안전운전불이행,건조,맑음,교차로 - 교차로부근,승용,남,53세,상해없음,,,,
2022031100100315,2022년 3월 11일 16시,금요일,광주광역시 북구 오치동,경상사고,0,0,1,0,차대차 - 측면충돌,안전거리미확보,건조,맑음,단일로 - 기타,승용,남,71세,상해없음,이륜,남,57세,경상
2022031100100376,2022년 3월 11일 18시,금요일,광주광역시 서구 매월동,경상사고,0,0,1,0,차대차 - 추돌,안전운전불이행,건조,흐림,단일로 - 기타,승용,남,58세,상해없음,화물,여,56세,경상
2022031100100377,2022년 3월 11일 18시,금요일,광주광역시 서구 마륵동,경상사고,0,0,1,0,차대차 - 정면충돌,중앙선침범,건조,흐림,단일로 - 기타,승용,여,40세,상해없음,화물,남,50세,경상
2022031100100378,2022년 3월 11일 18시,금요일,광주광역시 북구 신용동,경상사고,0,0,1,0,차대차 - 측면충돌,안전운전불이행,건조,맑음,교차로 - 교차로안,승용,여,43세,기타불명,이륜,남,58세,경상
2022031100100379,2022년 3월 11일 18시,금요일,광주광역시 북구 신용동,경상사고,0,0,2,0,차대차 - 추돌,안전거리미확보,건조,맑음,기타 - 기타,이륜,남,34세,기타불명,승용,여,38세,경상
2022031100100380,2022년 3월 11일 18시,금요일,광주광역시 북구 용봉동,경상사고,0,0,1,0,차대차 - 추돌,교차로운행방법위반,건조,맑음,교차로 - 교차로안,승용,남,56세,상해없음,이륜,남,36세,경상
2022031100100381,2022년 3월 11일 18시,금요일,광주광역시 광산구 신창동,경상사고,0,0,2,0,차대차 - 측면충돌,안전거리미확보,건조,맑음,단일로 - 기타,승용,여,69세,경상,승용,여,27세,경상
2022031100100410,2022년 3월 11일 19시,금요일,광주광역시 남구 주월동,경상사고,0,0,1,0,차대차 - 추돌,안전운전불이행,건조,맑음,교차로 - 교차로안,승용,여,45세,상해없음,승용,남,48세,경상
2022031100100411,2022년 3월 11일 19시,금요일,광주광역시 북구 중흥동,경상사고,0,0,2,0,차대차 - 측면충돌,안전운전불이행,건조,맑음,교차로 - 교차로부근,승용,여,63세,경상,승용,남,64세,경상
2022031100100518,2022년 3월 11일 23시,금요일,광주광역시 서구 풍암동,경상사고,0,0,1,0,차대차 - 추돌,안전운전불이행,건조,맑음,교차로 - 교차로부근,승용,여,36세,상해없음,승용,남,28세,경상
2022031100100519,2022년 3월 11일 23시,금요일,광주광역시 광산구 수완동,경상사고,0,0,2,0,차대차 - 측면충돌,안전운전불이행,건조,맑음,단일로 - 기타,승용,남,29세,상해없음,승용,남,30세,경상
2022031100100520,2022년 3월 11일 23시,금요일,광주광역시 광산구 우산동,경상사고,0,0,1,0,차대차 - 기타,안전운전불이행,건조,맑음,단일로 - 기타,승용,남,50세,상해없음,승용,여,44세,경상
2022031200100007,2022년 3월 12일 00시,토요일,광주광역시 광산구 도천동,경상사고,0,0,3,0,차대차 - 측면충돌,안전운전불이행,건조,맑음,단일로 - 기타,이륜,남,21세,경상,승용,여,28세,경상
2022031200100049,2022년 3월 12일 08시,토요일,광주광역시 서구 내방동,중상사고,0,2,0,0,차대사람 - 횡단중,보행자보호의무위반,건조,맑음,교차로 - 교차로부근,승용,여,29세,상해없음,보행자,남,71세,중상
2022031200100065,2022년 3월 12일 09시,토요일,광주광역시 동구 월남동,경상사고,0,0,1,0,차대차 - 측면충돌,안전거리미확보,건조,맑음,단일로 - 기타,승용,여,28세,상해없음,승용,여,54세,경상
2022031200100088,2022년 3월 12일 10시,토요일,광주광역시 북구 삼각동,중상사고,0,2,0,0,차대차 - 측면충돌,안전운전불이행,건조,맑음,교차로 - 교차로부근,승용,여,25세,상해없음,원동기,남,73세,중상
2022031200100089,2022년 3월 12일 10시,토요일,광주광역시 북구 동림동,중상사고,0,1,0,0,차대사람 - 기타,안전운전불이행,건조,흐림,단일로 - 기타,승용,남,72세,상해없음,보행자,남,52세,중상
2022031200100179,2022년 3월 12일 13시,토요일,광주광역시 동구 서석동,경상사고,0,0,2,0,차대차 - 측면충돌,안전거리미확보,건조,맑음,교차로 - 교차로부근,승용,남,61세,상해없음,승용,남,38세,경상
2022031200100180,2022년 3월 12일 13시,토요일,광주광역시 북구 두암동,경상사고,0,0,1,0,차대차 - 기타,안전운전불이행,건조,맑음,교차로 - 교차로안,이륜,남,43세,상해없음,승용,남,57세,경상
2022031200100181,2022년 3월 12일 13시,토요일,광주광역시 광산구 도산동,경상사고,0,0,2,0,차대차 - 측면충돌,차로위반,건조,맑음,교차로 - 교차로안,승용,여,50세,경상,승용,남,42세,경상
2022031200100214,2022년 3월 12일 14시,토요일,광주광역시 북구 두암동,경상사고,0,0,1,0,차대차 - 측면충돌,신호위반,건조,맑음,교차로 - 교차로안,승용,여,67세,상해없음,이륜,남,28세,경상
2022031200100333,2022년 3월 12일 18시,토요일,광주광역시 북구 두암동,사망사고,1,0,0,0,차대차 - 기타,안전운전불이행,건조,맑음,단일로 - 기타,이륜,남,26세,상해없음,자전거,남,81세,사망
2022031200100367,2022년 3월 12일 19시,토요일,광주광역시 서구 쌍촌동,경상사고,0,0,1,0,차대차 - 기타,안전운전불이행,건조,맑음,기타 - 기타,이륜,남,30세,경상,화물,남,58세,기타불명
2022031200100368,2022년 3월 12일 19시,토요일,광주광역시 북구 양산동,경상사고,0,0,1,0,차대차 - 측면충돌,안전운전불이행,건조,맑음,교차로 - 교차로부근,승용,여,57세,상해없음,승용,남,63세,상해없음
2022031200100431,2022년 3월 12일 21시,토요일,광주광역시 광산구 월계동,경상사고,0,0,1,0,차대사람 - 차도통행중,안전운전불이행,건조,맑음,교차로 - 교차로안,승용,남,58세,상해없음,보행자,남,50세,경상
2022031200100454,2022년 3월 12일 22시,토요일,광주광역시 동구 황금동,경상사고,0,0,1,0,차대사람 - 기타,안전운전불이행,건조,맑음,단일로 - 기타,승용,남,29세,상해없음,보행자,남,39세,경상
2022031200100492,2022년 3월 12일 23시,토요일,광주광역시 서구 쌍촌동,중상사고,0,1,1,0,차대차 - 측면충돌,교차로운행방법위반,건조,맑음,교차로 - 교차로안,승용,남,32세,상해없음,이륜,남,35세,중상
2022031300100010,2022년 3월 13일 00시,일요일,광주광역시 광산구 월계동,경상사고,0,0,1,0,차대차 - 추돌,안전운전불이행,건조,맑음,교차로 - 교차로부근,승용,남,51세,상해없음,이륜,남,44세,경상
2022031300100057,2022년 3월 13일 09시,일요일,광주광역시 북구 운암동,경상사고,0,0,1,0,차대차 - 측면충돌,교차로운행방법위반,젖음/습기,비,교차로 - 교차로안,승용,여,47세,상해없음,승용,남,57세,경상
2022031300100170,2022년 3월 13일 15시,일요일,광주광역시 북구 동림동,경상사고,0,0,2,0,차대차 - 측면충돌,신호위반,젖음/습기,흐림,교차로 - 교차로안,승용,남,22세,상해없음,승용,남,26세,경상
2022031300100192,2022년 3월 13일 16시,일요일,광주광역시 광산구 신가동,경상사고,0,0,1,0,차대차 - 기타,안전거리미확보,건조,맑음,단일로 - 기타,승용,남,29세,상해없음,이륜,남,47세,경상
2022031300100290,2022년 3월 13일 20시,일요일,광주광역시 서구 매월동,중상사고,0,1,0,0,차대사람 - 횡단중,안전운전불이행,건조,맑음,단일로 - 기타,화물,남,64세,상해없음,보행자,남,53세,중상
2022031300100304,2022년 3월 13일 21시,일요일,광주광역시 북구 신안동,경상사고,0,0,2,0,차대차 - 기타,안전운전불이행,건조,맑음,교차로 - 교차로안,이륜,남,22세,기타불명,승용,남,28세,경상
2022031300100318,2022년 3월 13일 22시,일요일,광주광역시 북구 양산동,경상사고,0,0,1,0,차대차 - 추돌,안전운전불이행,젖음/습기,비,교차로 - 교차로부근,승용,남,48세,상해없음,승용,남,36세,경상
2022031400100070,2022년 3월 14일 08시,월요일,광주광역시 동구 학동,경상사고,0,0,1,0,차대사람 - 기타,안전운전불이행,건조,맑음,단일로 - 기타,승용,여,57세,상해없음,보행자,여,19세,경상
2022031400100100,2022년 3월 14일 09시,월요일,광주광역시 북구 두암동,경상사고,0,0,2,0,차대차 - 추돌,안전거리미확보,건조,맑음,단일로 - 기타,화물,남,53세,상해없음,승용,남,73세,경상
2022031400100121,2022년 3월 14일 10시,월요일,광주광역시 광산구 우산동,경상사고,0,0,2,0,차대차 - 정면충돌,불법유턴,건조,맑음,단일로 - 기타,승용,여,57세,기타불명,승용,여,43세,경상
2022031400100155,2022년 3월 14일 11시,월요일,광주광역시 광산구 우산동,경상사고,0,0,1,0,차대사람 - 기타,안전운전불이행,건조,맑음,교차로 - 교차로부근,승용,남,61세,상해없음,보행자,남,24세,경상
2022031400100156,2022년 3월 14일 11시,월요일,광주광역시 광산구 도산동,중상사고,0,1,0,0,차대사람 - 횡단중,안전운전불이행,건조,맑음,단일로 - 기타,화물,여,57세,상해없음,보행자,여,80세,중상
2022031400100157,2022년 3월 14일 11시,월요일,광주광역시 광산구 고룡동,경상사고,0,0,1,0,차대차 - 정면충돌,신호위반,건조,맑음,교차로 - 교차로안,승용,남,26세,상해없음,승용,남,56세,경상
2022031400100190,2022년 3월 14일 12시,월요일,광주광역시 북구 일곡동,경상사고,0,0,1,0,차대사람 - 기타,안전운전불이행,건조,맑음,교차로 - 교차로부근,승용,여,56세,상해없음,보행자,남,65세,경상
2022031400100233,2022년 3월 14일 14시,월요일,광주광역시 남구 진월동,경상사고,0,0,2,0,차대차 - 추돌,안전운전불이행,건조,맑음,단일로 - 기타,승용,남,54세,상해없음,승용,남,41세,경상
2022031400100264,2022년 3월 14일 15시,월요일,광주광역시 북구 운암동,중상사고,0,1,0,0,차대차 - 측면충돌,안전운전불이행,젖음/습기,비,교차로 - 교차로횡단보도내,승용,여,54세,상해없음,자전거,남,17세,중상
2022031400100281,2022년 3월 14일 16시,월요일,광주광역시 광산구 우산동,경상사고,0,0,1,0,차대차 - 측면충돌,안전거리미확보,건조,맑음,단일로 - 기타,특수,남,49세,상해없음,승합,남,43세,경상
2022031400100342,2022년 3월 14일 18시,월요일,광주광역시 광산구 우산동,경상사고,0,0,1,0,차대차 - 추돌,안전운전불이행,건조,맑음,단일로 - 기타,승용,남,53세,상해없음,승용,남,34세,경상
2022031400100402,2022년 3월 14일 20시,월요일,광주광역시 서구 매월동,경상사고,0,0,2,0,차대차 - 측면충돌,안전운전불이행,건조,맑음,교차로 - 교차로안,승용,남,40세,경상,승용,남,30세,경상
2022031400100424,2022년 3월 14일 21시,월요일,광주광역시 광산구 송정동,경상사고,0,0,1,0,차대차 - 추돌,안전운전불이행,건조,맑음,교차로 - 교차로안,승용,남,41세,상해없음,승용,여,34세,경상
2022031400100435,2022년 3월 14일 22시,월요일,광주광역시 북구 본촌동,경상사고,0,0,1,0,차대차 - 측면충돌,안전운전불이행,건조,맑음,단일로 - 기타,승용,남,42세,상해없음,승용,여,61세,경상
2022031400100436,2022년 3월 14일 22시,월요일,광주광역시 광산구 소촌동,경상사고,0,0,1,0,차대차 - 후진중충돌,불법유턴,건조,맑음,교차로 - 교차로부근,승용,남,57세,상해없음,승용,여,57세,경상
2022031500100016,2022년 3월 15일 04시,화요일,광주광역시 서구 풍암동,경상사고,0,0,1,0,차대차 - 기타,안전운전불이행,건조,맑음,교차로 - 교차로횡단보도내,승용,남,49세,상해없음,자전거,여,69세,경상
2022031500100024,2022년 3월 15일 05시,화요일,광주광역시 동구 동명동,경상사고,0,0,1,0,차대사람 - 횡단중,보행자보호의무위반,건조,흐림,단일로 - 기타,승용,남,63세,상해없음,보행자,남,22세,경상
2022031500100061,2022년 3월 15일 07시,화요일,광주광역시 서구 마륵동,경상사고,0,0,1,0,차대차 - 기타,안전운전불이행,건조,맑음,교차로 - 교차로안,화물,남,62세,상해없음,승용,여,64세,경상
2022031500100062,2022년 3월 15일 07시,화요일,광주광역시 북구 중흥동,경상사고,0,0,1,0,차대사람 - 횡단중,안전운전불이행,건조,맑음,교차로 - 교차로횡단보도내,승용,여,45세,기타불명,보행자,남,29세,경상
2022031500100063,2022년 3월 15일 07시,화요일,광주광역시 광산구 신창동,경상사고,0,0,1,0,차대사람 - 횡단중,안전운전불이행,건조,맑음,교차로 - 교차로부근,화물,남,51세,상해없음,보행자,여,61세,경상
2022031500100092,2022년 3월 15일 08시,화요일,광주광역시 북구 두암동,경상사고,0,0,2,0,차대차 - 측면충돌,안전거리미확보,건조,맑음,단일로 - 기타,승용,남,74세,상해없음,승용,남,36세,경상
2022031500100093,2022년 3월 15일 08시,화요일,광주광역시 광산구 본덕동,경상사고,0,0,1,0,차대차 - 기타,안전거리미확보,건조,맑음,단일로 - 기타,화물,남,59세,상해없음,승용,남,24세,경상
2022031500100142,2022년 3월 15일 10시,화요일,광주광역시 서구 유촌동,경상사고,0,0,1,0,차대사람 - 기타,안전운전불이행,건조,맑음,기타 - 기타,승합,남,50세,상해없음,보행자,여,36세,경상
2022031500100173,2022년 3월 15일 11시,화요일,광주광역시 광산구 비아동,경상사고,0,0,3,0,차대차 - 기타,직진우회전진행방해,건조,맑음,교차로 - 교차로안,승용,여,46세,경상,승용,남,27세,경상
2022031500100194,2022년 3월 15일 12시,화요일,광주광역시 서구 치평동,경상사고,0,0,1,0,차대차 - 기타,안전운전불이행,건조,맑음,교차로 - 교차로부근,이륜,남,45세,상해없음,승용,남,39세,경상
2022031500100217,2022년 3월 15일 13시,화요일,광주광역시 서구 풍암동,경상사고,0,0,2,0,차대차 - 정면충돌,안전운전불이행,건조,맑음,교차로 - 교차로안,화물,남,64세,경상,승용,남,50세,경상
2022031500100269,2022년 3월 15일 15시,화요일,광주광역시 동구 대인동,경상사고,0,0,1,0,차대차 - 추돌,안전운전불이행,건조,맑음,교차로 - 교차로부근,승용,남,43세,경상,승용,여,38세,상해없음