사고번호,사고일시,요일,시군구,사고내용,사망자수,중상자수,경상자수,부상신고자수,사고유형,법규위반,노면상태,기상상태,도로형태,가해운전자 차종,가해운전자 성별,가해운전자 연령,가해운전자 상해정도,피해운전자 차종,피해운전자 성별,피해운전자 연령,피해운전자 상해정도
2022031500100270,2022년 3월 15일 15시,화요일,광주광역시 동구 산수동,경상사고,0,0,1,0,차대차 - 기타,안전운전불이행,건조,맑음,단일로 - 기타,승용,남,52세,상해없음,승용,남,47세,경상
2022031500100296,2022년 3월 15일 16시,화요일,광주광역시 서구 치평동,중상사고,0,1,2,0,차대차 - 정면충돌,안전운전불이행,건조,맑음,교차로 - 교차로안,승용,남,64세,중상,화물,남,71세,경상
2022031500100349,2022년 3월 15일 18시,화요일,광주광역시 서구 광천동,경상사고,0,0,2,0,차대차 - 측면충돌,교차로운행방법위반,건조,맑음,교차로 - 교차로안,승용,남,62세,경상,승용,남,26세,경상
2022031500100350,2022년 3월 15일 18시,화요일,광주광역시 북구 연제동,경상사고,0,0,1,0,차대사람 - 기타,안전운전불이행,건조,맑음,교차로 - 교차로안,승용,남,51세,상해없음,보행자,남,34세,경상
2022031500100351,2022년 3월 15일 18시,화요일,광주광역시 북구 오치동,경상사고,0,0,1,0,차량단독 - 기타,안전운전불이행,건조,맑음,단일로 - 기타,승합,남,40세,상해없음,,,,
2022031500100387,2022년 3월 15일 19시,화요일,광주광역시 서구 치평동,경상사고,0,0,1,0,차대차 - 측면충돌,신호위반,건조,맑음,교차로 - 교차로안,승용,남,20세,상해없음,원동기,남,23세,경상
2022031500100388,2022년 3월 15일 19시,화요일,광주광역시 서구 화정동,경상사고,0,0,1,0,차대차 - 정면충돌,중앙선침범,건조,맑음,단일로 - 기타,승용,남,60세,상해없음,승용,남,35세,경상
2022031500100390,2022년 3월 15일 19시,화요일,광주광역시 광산구 도천동,부상신고사고,0,0,0,1,차대차 - 측면충돌,안전운전불이행,건조,맑음,교차로 - 교차로부근,자전거,남,61세,부상신고,승용,남,35세,상해없음
2022031500100391,2022년 3월 15일 19시,화요일,광주광역시 광산구 산월동,경상사고,0,0,2,0,차대차 - 측면충돌,교차로운행방법위반,건조,맑음,교차로 - 교차로부근,승용,남,74세,경상,승용,남,24세,경상
2022031600100014,2022년 3월 16일 03시,수요일,광주광역시 남구 월산동,경상사고,0,0,1,0,차대사람 - 기타,안전운전불이행,건조,맑음,교차로 - 교차로부근,승용,여,58세,상해없음,보행자,남,61세,경상
2022031600100062,2022년 3월 16일 07시,수요일,광주광역시 남구 양림동,중상사고,0,1,0,0,차대사람 - 기타,안전운전불이행,건조,맑음,교차로 - 교차로안,승용,남,50세,상해없음,보행자,여,82세,중상
2022031600100090,2022년 3월 16일 08시,수요일,광주광역시 서구 화정동,중상사고,0,1,0,0,차대사람 - 차도통행중,안전운전불이행,건조,맑음,단일로 - 기타,승용,남,24세,상해없음,보행자,여,65세,중상
2022031600100092,2022년 3월 16일 08시,수요일,광주광역시 남구 봉선동,경상사고,0,0,1,0,차대차 - 측면충돌,안전운전불이행,건조,맑음,교차로 - 교차로안,화물,남,71세,상해없음,승용,여,38세,경상
2022031600100113,2022년 3월 16일 09시,수요일,광주광역시 동구 호남동,경상사고,0,0,1,0,차대차 - 추돌,안전거리미확보,건조,맑음,기타 - 기타,승용,여,45세,상해없음,승용,남,66세,경상
2022031600100114,2022년 3월 16일 09시,수요일,광주광역시 북구 중흥동,경상사고,0,0,2,0,차대차 - 기타,신호위반,건조,맑음,교차로 - 교차로안,승용,남,85세,상해없음,승용,남,39세,경상
2022031600100167,2022년 3월 16일 11시,수요일,광주광역시 북구 각화동,사망사고,1,0,0,0,차량단독 - 도로외이탈 - 추락,안전운전불이행,건조,맑음,단일로 - 기타,이륜,남,71세,사망,,,,
2022031600100236,2022년 3월 16일 14시,수요일,광주광역시 서구 벽진동,경상사고,0,0,1,0,차대차 - 기타,안전운전불이행,건조,맑음,교차로 - 교차로부근,건설기계,남,57세,상해없음,화물,남,24세,경상
2022031600100237,2022년 3월 16일 14시,수요일,광주광역시 광산구 우산동,경상사고,0,0,2,0,차대차 - 측면충돌,안전운전불이행,건조,맑음,교차로 - 교차로부근,승용,남,65세,경상,승용,여,50세,경상
2022031600100266,2022년 3월 16일 15시,수요일,광주광역시 광산구 소촌동,경상사고,0,0,1,0,차량단독 - 기타,안전운전불이행,건조,맑음,단일로 - 기타,자전거,여,73세,경상,,,,
2022031600100360,2022년 3월 16일 18시,수요일,광주광역시 북구 신안동,경상사고,0,0,1,0,차대차 - 측면충돌,신호위반,건조,맑음,교차로 - 교차로안,이륜,남,44세,기타불명,승용,남,41세,경상
2022031600100381,2022년 3월 16일 19시,수요일,광주광역시 서구 쌍촌동,경상사고,0,0,1,0,차대차 - 추돌,안전운전불이행,건조,맑음,단일로 - 기타,승용,남,36세,상해없음,이륜,남,43세,경상
2022031600100382,2022년 3월 16일 19시,수요일,광주광역시 남구 주월동,경상사고,0,0,2,0,차대차 - 측면충돌,중앙선침범,건조,맑음,교차로 - 교차로부근,기타불명,기타불명,미분류,기타불명,승용,여,63세,경상
2022031600100406,2022년 3월 16일 20시,수요일,광주광역시 서구 쌍촌동,경상사고,0,0,1,0,차대차 - 기타,안전운전불이행,건조,맑음,교차로 - 교차로안,승용,남,45세,상해없음,승용,여,57세,경상
2022031600100407,2022년 3월 16일 20시,수요일,광주광역시 서구 쌍촌동,중상사고,0,1,0,0,차대차 - 기타,안전운전불이행,건조,맑음,기타 - 기타,승용,남,50세,상해없음,승용,남,40세,중상
2022031600100426,2022년 3월 16일 21시,수요일,광주광역시 북구 임동,경상사고,0,0,1,0,차대차 - 측면충돌,신호위반,건조,맑음,단일로 - 교량,승용,남,57세,상해없음,승용,남,25세,경상
2022031600100465,2022년 3월 16일 23시,수요일,광주광역시 서구 쌍촌동,경상사고,0,0,1,0,차대차 - 기타,안전운전불이행,건조,맑음,교차로 - 교차로안,승용,남,39세,상해없음,원동기,남,20세,경상
2022031700100012,2022년 3월 17일 01시,목요일,광주광역시 북구 용봉동,경상사고,0,0,2,0,차대차 - 정면충돌,신호위반,젖음/습기,흐림,교차로 - 교차로안,승용,남,41세,경상,승용,남,30세,경상
2022031700100013,2022년 3월 17일 01시,목요일,광주광역시 광산구 월계동,경상사고,0,0,1,0,차대차 - 추돌,안전운전불이행,젖음/습기,비,교차로 - 교차로부근,이륜,남,19세,상해없음,승용,여,55세,경상
2022031700100044,2022년 3월 17일 07시,목요일,광주광역시 서구 쌍촌동,중상사고,0,1,0,0,차대사람 - 기타,안전운전불이행,건조,맑음,기타 - 기타,승용,여,28세,상해없음,보행자,남,25세,중상
2022031700100101,2022년 3월 17일 09시,목요일,광주광역시 서구 벽진동,경상사고,0,0,1,0,차대차 - 측면충돌,안전운전불이행,건조,맑음,교차로 - 교차로안,기타불명,기타불명,미분류,기타불명,승용,여,40세,경상
2022031700100121,2022년 3월 17일 10시,목요일,광주광역시 북구 연제동,경상사고,0,0,1,0,차대차 - 측면충돌,안전운전불이행,젖음/습기,비,교차로 - 교차로부근,승용,남,20세,상해없음,승합,남,53세,경상
2022031700100157,2022년 3월 17일 12시,목요일,광주광역시 광산구 장덕동,경상사고,0,0,1,0,차대차 - 측면충돌,안전운전불이행,건조,맑음,단일로 - 기타,승용,남,52세,기타불명,화물,남,29세,경상
2022031700100158,2022년 3월 17일 12시,목요일,광주광역시 광산구 신가동,경상사고,0,0,1,0,차대차 - 측면충돌,교차로운행방법위반,건조,맑음,교차로 - 교차로부근,승용,남,56세,상해없음,승용,남,46세,경상
2022031700100269,2022년 3월 17일 17시,목요일,광주광역시 북구 연제동,경상사고,0,0,1,0,차대차 - 측면충돌,안전거리미확보,젖음/습기,비,단일로 - 기타,승용,남,69세,상해없음,승용,남,49세,경상
2022031700100270,2022년 3월 17일 17시,목요일,광주광역시 북구 중흥동,경상사고,0,0,1,0,차량단독 - 기타,기타,건조,맑음,단일로 - 기타,승합,남,63세,상해없음,,,,
2022031700100271,2022년 3월 17일 17시,목요일,광주광역시 광산구 신촌동,경상사고,0,0,2,0,차대차 - 측면충돌,안전운전불이행,건조,맑음,교차로 - 교차로안,승용,여,40세,경상,화물,남,58세,경상
2022031700100316,2022년 3월 17일 18시,목요일,광주광역시 서구 쌍촌동,경상사고,0,0,1,0,차대차 - 후진중충돌,안전운전불이행,건조,맑음,교차로 - 교차로안,승용,남,55세,상해없음,이륜,남,24세,경상
2022031700100317,2022년 3월 17일 18시,목요일,광주광역시 남구 진월동,경상사고,0,0,2,0,차대차 - 측면충돌,안전운전불이행,건조,맑음,교차로 - 교차로부근,승용,남,55세,상해없음,승용,남,30세,경상
2022031700100357,2022년 3월 17일 19시,목요일,광주광역시 서구 농성동,경상사고,0,0,1,0,차대차 - 측면충돌,안전운전불이행,젖음/습기,비,교차로 - 교차로안,승용,남,53세,상해없음,승용,여,65세,경상
2022031700100358,2022년 3월 17일 19시,목요일,광주광역시 북구 북동,경상사고,0,0,2,0,차대차 - 기타,중앙선침범,젖음/습기,비,단일로 - 기타,화물,남,26세,상해없음,승용,남,55세,경상
2022031700100397,2022년 3월 17일 20시,목요일,광주광역시 서구 내방동,경상사고,0,0,1,0,차대차 - 추돌,교차로운행방법위반,젖음/습기,흐림,교차로 - 교차로안,승용,남,63세,상해없음,이륜,남,32세,경상
2022031700100459,2022년 3월 17일 22시,목요일,광주광역시 북구 용봉동,경상사고,0,0,1,0,차대차 - 측면충돌,안전운전불이행,젖음/습기,비,단일로 - 기타,승용,남,35세,상해없음,승용,남,45세,경상
2022031800100045,2022년 3월 18일 07시,금요일,광주광역시 북구 본촌동,경상사고,0,0,2,0,차대차 - 측면충돌,교차로운행방법위반,건조,맑음,교차로 - 교차로안,화물,남,37세,상해없음,승용,남,64세,경상
2022031800100083,2022년 3월 18일 09시,금요일,광주광역시 북구 신안동,경상사고,0,0,1,0,차대차 - 기타,안전운전불이행,건조,맑음,단일로 - 기타,자전거,남,40세,상해없음,승용,남,37세,상해없음
2022031800100133,2022년 3월 18일 12시,금요일,광주광역시 광산구 도천동,중상사고,0,1,0,0,차대차 - 기타,교차로운행방법위반,건조,맑음,교차로 - 교차로횡단보도내,승용,여,53세,상해없음,자전거,남,74세,중상
2022031800100179,2022년 3월 18일 14시,금요일,광주광역시 북구 중흥동,경상사고,0,0,2,0,차대차 - 기타,중앙선침범,건조,맑음,단일로 - 기타,화물,남,27세,상해없음,화물,남,52세,경상
2022031800100193,2022년 3월 18일 15시,금요일,광주광역시 서구 내방동,경상사고,0,0,1,0,차대차 - 추돌,안전거리미확보,건조,맑음,교차로 - 교차로부근,승용,남,75세,상해없음,승용,여,61세,경상
2022031800100194,2022년 3월 18일 15시,금요일,광주광역시 광산구 송정동,경상사고,0,0,5,0,차대차 - 측면충돌,안전거리미확보,건조,맑음,교차로 - 교차로안,승용,여,70세,경상,승용,남,23세,경상
2022031800100195,2022년 3월 18일 15시,금요일,광주광역시 광산구 신가동,경상사고,0,0,4,0,차대차 - 측면충돌,교차로운행방법위반,젖음/습기,비,단일로 - 기타,승용,남,25세,기타불명,승용,남,63세,경상
2022031800100226,2022년 3월 18일 16시,금요일,광주광역시 동구 산수동,경상사고,0,0,1,0,차대차 - 기타,교차로운행방법위반,건조,맑음,교차로 - 교차로안,승용,남,32세,상해없음,이륜,남,20세,경상
2022031800100252,2022년 3월 18일 17시,금요일,광주광역시 서구 광천동,경상사고,0,0,1,0,차대차 - 측면충돌,교차로운행방법위반,건조,맑음,교차로 - 교차로안,승용,남,24세,상해없음,승용,남,35세,경상
2022031800100281,2022년 3월 18일 18시,금요일,광주광역시 광산구 월계동,경상사고,0,0,5,0,차대차 - 측면충돌,안전거리미확보,건조,맑음,교차로 - 교차로안,승용,남,32세,경상,승용,남,63세,경상
2022031800100323,2022년 3월 18일 19시,금요일,광주광역시 북구 양산동,부상신고사고,0,0,0,1,차대사람 - 길가장자리구역통행중,안전운전불이행,건조,맑음,단일로 - 기타,이륜,남,23세,부상신고,보행자,남,50세,상해없음
2022031800100351,2022년 3월 18일 20시,금요일,광주광역시 광산구 신창동,경상사고,0,0,1,0,차대차 - 측면충돌,안전거리미확보,건조,맑음,단일로 - 기타,승용,남,38세,경상,승용,남,46세,상해없음
2022031800100368,2022년 3월 18일 21시,금요일,광주광역시 서구 풍암동,경상사고,0,0,1,0,차대사람 - 기타,안전운전불이행,건조,맑음,단일로 - 기타,승용,남,55세,상해없음,보행자,남,13세,경상
2022031800100369,2022년 3월 18일 21시,금요일,광주광역시 광산구 비아동,경상사고,0,0,5,0,차대차 - 측면충돌,안전거리미확보,건조,맑음,단일로 - 기타,승용,여,27세,경상,승용,여,40세,경상
2022031800100393,2022년 3월 18일 22시,금요일,광주광역시 서구 화정동,경상사고,0,0,1,0,차대차 - 추돌,안전운전불이행,건조,맑음,교차로 - 교차로안,승합,남,37세,기타불명,승용,남,64세,상해없음
2022031800100428,2022년 3월 18일 23시,금요일,광주광역시 동구 대인동,사망사고,1,0,0,0,차대사람 - 횡단중,안전운전불이행,건조,맑음,단일로 - 기타,승용,여,50세,상해없음,보행자,남,68세,사망
2022031800100429,2022년 3월 18일 23시,금요일,광주광역시 북구 운암동,경상사고,0,0,1,0,차대차 - 측면충돌,안전운전불이행,건조,맑음,교차로 - 교차로부근,승용,여,29세,상해없음,승용,남,62세,경상
2022031900100017,2022년 3월 19일 01시,토요일,광주광역시 서구 유촌동,중상사고,0,1,0,0,차대차 - 측면충돌,신호위반,젖음/습기,비,교차로 - 교차로안,승용,남,37세,상해없음,승용,남,72세,중상
2022031900100072,2022년 3월 19일 09시,토요일,광주광역시 서구 치평동,경상사고,0,0,1,0,차대차 - 후진중충돌,안전운전불이행,젖음/습기,비,단일로 - 기타,화물,남,34세,상해없음,승용,남,40세,경상
2022031900100094,2022년 3월 19일 10시,토요일,광주광역시 광산구 비아동,중상사고,0,1,0,0,차대사람 - 횡단중,안전운전불이행,건조,맑음,단일로 - 기타,화물,남,82세,상해없음,보행자,남,75세,중상
2022031900100124,2022년 3월 19일 11시,토요일,광주광역시 북구 운암동,경상사고,0,0,2,0,차대차 - 기타,안전운전불이행,건조,기타,단일로 - 기타,승용,남,42세,상해없음,승용,남,63세,경상
2022031900100125,2022년 3월 19일 11시,토요일,광주광역시 광산구 우산동,경상사고,0,0,3,0,차대차 - 측면충돌,안전운전불이행,건조,맑음,단일로 - 기타,승용,남,28세,경상,승용,남,67세,경상
2022031900100216,2022년 3월 19일 14시,토요일,광주광역시 서구 양동,경상사고,0,0,1,0,차대차 - 기타,안전운전불이행,건조,맑음,교차로 - 교차로횡단보도내,자전거,남,89세,경상,승용,여,42세,상해없음
2022031900100237,2022년 3월 19일 15시,토요일,광주광역시 서구 덕흥동,경상사고,0,0,4,0,차대차 - 추돌,안전거리미확보,건조,흐림,단일로 - 기타,화물,남,78세,상해없음,승용,남,41세,경상
2022031900100238,2022년 3월 19일 15시,토요일,광주광역시 남구 봉선동,경상사고,0,0,1,0,차대차 - 기타,안전운전불이행,젖음/습기,비,교차로 - 교차로안,이륜,남,25세,경상,승용,남,53세,상해없음
2022031900100239,2022년 3월 19일 15시,토요일,광주광역시 광산구 우산동,중상사고,0,1,3,0,차대차 - 측면충돌,직진우회전진행방해,건조,맑음,교차로 - 교차로안,이륜,남,60세,중상,승용,여,57세,경상
2022031900100290,2022년 3월 19일 17시,토요일,광주광역시 서구 양동,경상사고,0,0,1,0,차대차 - 측면충돌,안전운전불이행,건조,맑음,단일로 - 기타,승용,여,63세,상해없음,이륜,남,62세,경상
2022031900100291,2022년 3월 19일 17시,토요일,광주광역시 남구 양과동,중상사고,0,1,0,0,차대차 - 측면충돌,신호위반,건조,맑음,교차로 - 교차로안,승용,여,62세,상해없음,승용,남,23세,중상
2022031900100292,2022년 3월 19일 17시,토요일,광주광역시 광산구 월곡동,경상사고,0,0,2,0,차대차 - 측면충돌,안전운전불이행,건조,맑음,교차로 - 교차로안,이륜,남,20세,경상,승용,여,40세,경상
2022031900100335,2022년 3월 19일 19시,토요일,광주광역시 광산구 신가동,경상사고,0,0,1,0,차대차 - 측면충돌,안전운전불이행,건조,맑음,단일로 - 기타,승용,남,26세,상해없음,이륜,남,30세,경상
2022031900100368,2022년 3월 19일 20시,토요일,광주광역시 북구 오치동,경상사고,0,0,1,0,차대사람 - 횡단중,안전운전불이행,건조,맑음,교차로 - 교차로안,승용,남,72세,상해없음,보행자,남,44세,경상
2022031900100408,2022년 3월 19일 22시,토요일,광주광역시 광산구 신가동,중상사고,0,1,1,0,차량단독 - 기타,안전운전불이행,건조,맑음,단일로 - 기타,승용,여,38세,경상,,,,
2022031900100432,2022년 3월 19일 23시,토요일,광주광역시 서구 치평동,경상사고,0,0,2,0,차대차 - 후진중충돌,안전운전불이행,건조,맑음,단일로 - 기타,승용,남,31세,상해없음,승용,남,36세,경상
2022032000100071,2022년 3월 20일 11시,일요일,광주광역시 북구 용봉동,경상사고,0,0,1,0,차대차 - 기타,안전운전불이행,건조,맑음,단일로 - 기타,승용,여,66세,상해없음,이륜,남,22세,경상
2022032000100072,2022년 3월 20일 11시,일요일,광주광역시 광산구 월계동,중상사고,0,1,1,0,차대차 - 측면충돌,안전운전불이행,건조,맑음,교차로 - 교차로안,승용,여,28세,경상,이륜,남,52세,중상
2022032000100156,2022년 3월 20일 15시,일요일,광주광역시 서구 매월동,경상사고,0,0,2,0,차대차 - 기타,안전운전불이행,건조,맑음,단일로 - 기타,승용,남,73세,상해없음,승용,남,60세,경상
2022032000100179,2022년 3월 20일 16시,일요일,광주광역시 북구 일곡동,경상사고,0,0,1,0,차대차 - 기타,안전거리미확보,건조,맑음,교차로 - 교차로안,승용,여,18세,상해없음,승합,남,50세,상해없음
2022032000100180,2022년 3월 20일 16시,일요일,광주광역시 북구 일곡동,경상사고,0,0,5,0,차대차 - 측면충돌,안전운전불이행,건조,맑음,교차로 - 교차로안,승용,여,55세,경상,승용,남,45세,경상
2022032000100239,2022년 3월 20일 19시,일요일,광주광역시 북구 각화동,중상사고,0,1,0,0,차대사람 - 횡단중,안전운전불이행,건조,맑음,단일로 - 기타,승용,남,37세,상해없음,보행자,여,57세,중상
2022032000100240,2022년 3월 20일 19시,일요일,광주광역시 광산구 신창동,경상사고,0,0,1,0,차대차 - 측면충돌,차로위반,건조,맑음,단일로 - 기타,이륜,남,21세,경상,승용,남,47세,상해없음
2022032000100241,2022년 3월 20일 19시,일요일,광주광역시 광산구 월계동,경상사고,0,0,1,0,차대차 - 기타,안전운전불이행,젖음/습기,흐림,교차로 - 교차로부근,승용,여,29세,상해없음,승용,남,51세,경상
2022032000100260,2022년 3월 20일 20시,일요일,광주광역시 광산구 신가동,경상사고,0,0,1,0,차대차 - 측면충돌,안전거리미확보,건조,맑음,단일로 - 기타,승용,여,48세,상해없음,이륜,남,25세,경상
2022032000100278,2022년 3월 20일 21시,일요일,광주광역시 동구 충장로3가,경상사고,0,0,1,0,차대사람 - 기타,안전운전불이행,건조,맑음,교차로 - 교차로부근,이륜,남,17세,상해없음,보행자,여,17세,경상
2022032000100279,2022년 3월 20일 21시,일요일,광주광역시 서구 쌍촌동,경상사고,0,0,1,0,차대차 - 추돌,안전운전불이행,건조,흐림,교차로 - 교차로부근,승용,남,56세,상해없음,승용,남,50세,경상
2022032000100280,2022년 3월 20일 21시,일요일,광주광역시 북구 용두동,경상사고,0,0,1,0,차대차 - 측면충돌,안전운전불이행,건조,흐림,교차로 - 교차로안,기타불명,기타불명,미분류,기타불명,승용,남,40세,경상
2022032100100018,2022년 3월 21일 04시,월요일,광주광역시 동구 학동,부상신고사고,0,0,0,1,차량단독 - 기타,안전운전불이행,건조,맑음,교차로 - 교차로부근,이륜,남,19세,부상신고,,,,
2022032100100077,2022년 3월 21일 08시,월요일,광주광역시 서구 농성동,경상사고,0,0,1,0,차대차 - 측면충돌,안전운전불이행,건조,맑음,교차로 - 교차로안,승용,여,40세,상해없음,승용,여,54세,경상
2022032100100099,2022년 3월 21일 09시,월요일,광주광역시 광산구 신가동,중상사고,0,1,0,0,차대차 - 정면충돌,신호위반,건조,맑음,교차로 - 교차로안,승용,여,38세,상해없음,이륜,남,47세,중상
2022032100100100,2022년 3월 21일 09시,월요일,광주광역시 광산구 흑석동,경상사고,0,0,1,0,차대사람 - 차도통행중,안전운전불이행,건조,맑음,단일로 - 기타,자전거,여,51세,상해없음,보행자,여,36세,경상
2022032100100127,2022년 3월 21일 10시,월요일,광주광역시 서구 매월동,경상사고,0,0,1,0,차대차 - 측면충돌,안전거리미확보,건조,맑음,단일로 - 기타,이륜,남,76세,경상,화물,남,35세,상해없음
2022032100100156,2022년 3월 21일 11시,월요일,광주광역시 광산구 송정동,경상사고,0,0,1,0,차대차 - 기타,차로위반,건조,맑음,단일로 - 기타,자전거,여,43세,경상,승용,남,24세,상해없음
2022032100100195,2022년 3월 21일 13시,월요일,광주광역시 광산구 송정동,경상사고,0,0,2,0,차대차 - 측면충돌,안전거리미확보,건조,맑음,교차로 - 교차로안,승용,여,53세,경상,승용,여,52세,경상
2022032100100196,2022년 3월 21일 13시,월요일,광주광역시 광산구 신가동,경상사고,0,0,1,0,차대차 - 기타,차로위반,건조,맑음,단일로 - 기타,승용,남,45세,상해없음,이륜,남,31세,경상
2022032100100197,2022년 3월 21일 13시,월요일,광주광역시 광산구 장덕동,경상사고,0,0,1,0,차대차 - 기타,교차로운행방법위반,건조,맑음,교차로 - 교차로안,승용,여,47세,상해없음,이륜,남,23세,경상
2022032100100228,2022년 3월 21일 14시,월요일,광주광역시 남구 봉선동,경상사고,0,0,1,0,차대차 - 기타,안전운전불이행,건조,맑음,단일로 - 기타,승용,여,55세,상해없음,승용,남,54세,경상
2022032100100229,2022년 3월 21일 14시,월요일,광주광역시 북구 용봉동,중상사고,0,1,0,0,차대사람 - 차도통행중,안전운전불이행,건조,맑음,기타 - 기타,승용,남,72세,상해없음,보행자,여,64세,중상
2022032100100230,2022년 3월 21일 14시,월요일,광주광역시 북구 각화동,경상사고,0,0,2,0,차대차 - 추돌,안전운전불이행,건조,맑음,단일로 - 기타,승용,여,57세,상해없음,승용,남,50세,경상
2022032100100231,2022년 3월 21일 14시,월요일,광주광역시 북구 임동,경상사고,0,0,1,0,차대차 - 추돌,안전운전불이행,건조,맑음,교차로 - 교차로부근,승용,남,41세,상해없음,승합,남,54세,경상
2022032100100254,2022년 3월 21일 15시,월요일,광주광역시 서구 덕흥동,경상사고,0,0,1,0,차대차 - 측면충돌,교차로운행방법위반,건조,맑음,교차로 - 교차로안,승용,여,58세,상해없음,승용,여,58세,경상
2022032100100315,2022년 3월 21일 17시,월요일,광주광역시 북구 풍향동,경상사고,0,0,1,0,차대사람 - 기타,안전운전불이행,건조,맑음,기타 - 기타,승용,남,63세,상해없음,보행자,여,65세,경상
2022032100100342,2022년 3월 21일 18시,월요일,광주광역시 서구 풍암동,경상사고,0,0,1,0,차대차 - 측면충돌,안전거리미확보,건조,맑음,단일로 - 기타,화물,남,48세,상해없음,승용,남,24세,경상
2022032100100361,2022년 3월 21일 19시,월요일,광주광역시 북구 양산동,부상신고사고,0,0,0,1,차대차 - 추돌,안전운전불이행,건조,맑음,교차로 - 교차로부근,이륜,남,26세,부상신고,승용,남,53세,상해없음
2022032100100362,2022년 3월 21일 19시,월요일,광주광역시 광산구 송정동,경상사고,0,0,1,0,차대차 - 후진중충돌,안전운전불이행,건조,맑음,단일로 - 기타,승용,남,49세,상해없음,이륜,남,26세,경상
2022032100100382,2022년 3월 21일 20시,월요일,광주광역시 북구 운암동,경상사고,0,0,3,0,차대차 - 측면충돌,안전운전불이행,건조,맑음,교차로 - 교차로안,승용,남,61세,상해없음,승용,여,47세,경상
2022032100100415,2022년 3월 21일 22시,월요일,광주광역시 서구 매월동,중상사고,0,1,0,0,차대차 - 측면충돌,교차로운행방법위반,건조,맑음,교차로 - 교차로안,승용,남,20세,상해없음,승용,남,55세,중상
2022032100100416,2022년 3월 21일 22시,월요일,광주광역시 광산구 신가동,경상사고,0,0,1,0,차대사람 - 기타,불법유턴,건조,맑음,교차로 - 교차로안,승용,남,69세,상해없음,보행자,남,13세,경상
2022032200100034,2022년 3월 22일 07시,화요일,광주광역시 남구 주월동,경상사고,0,0,1,0,차대차 - 기타,안전운전불이행,건조,맑음,기타 - 기타,승용,여,41세,상해없음,승용,남,51세,경상
2022032200100158,2022년 3월 22일 12시,화요일,광주광역시 광산구 신촌동,경상사고,0,0,1,0,차대사람 - 보도통행중,기타,건조,맑음,기타 - 기타,화물,남,59세,상해없음,보행자,남,63세,경상
2022032200100182,2022년 3월 22일 13시,화요일,광주광역시 북구 오치동,경상사고,0,0,1,0,차대차 - 추돌,안전거리미확보,기타,기타,단일로 - 기타,승용,남,23세,상해없음,승용,남,51세,경상
2022032200100208,2022년 3월 22일 14시,화요일,광주광역시 동구 수기동,경상사고,0,0,2,0,차대차 - 기타,안전거리미확보,건조,맑음,단일로 - 기타,승용,남,81세,경상,승용,남,35세,경상
2022032200100209,2022년 3월 22일 14시,화요일,광주광역시 북구 두암동,경상사고,0,0,1,0,차대차 - 기타,안전운전불이행,건조,맑음,교차로 - 교차로안,승용,여,27세,상해없음,승용,남,64세,상해없음
2022032200100272,2022년 3월 22일 16시,화요일,광주광역시 동구 황금동,경상사고,0,0,1,0,차대사람 - 기타,안전운전불이행,적설,맑음,기타 - 기타,승합,남,56세,상해없음,보행자,여,77세,상해없음
2022032200100273,2022년 3월 22일 16시,화요일,광주광역시 동구 동명동,사망사고,1,0,0,0,차대차 - 기타,안전운전불이행,건조,맑음,교차로 - 교차로안,승용,여,70세,사망,승용,남,72세,기타불명
2022032200100274,2022년 3월 22일 16시,화요일,광주광역시 광산구 신가동,경상사고,0,0,2,0,차대차 - 측면충돌,교차로운행방법위반,건조,맑음,교차로 - 교차로안,승용,남,23세,경상,승용,여,65세,경상
2022032200100308,2022년 3월 22일 17시,화요일,광주광역시 북구 동림동,경상사고,0,0,2,0,차대차 - 측면충돌,신호위반,건조,맑음,교차로 - 교차로안,화물,남,82세,상해없음,승용,남,33세,경상
2022032200100309,2022년 3월 22일 17시,화요일,광주광역시 광산구 도산동,중상사고,0,1,0,0,차대차 - 측면충돌,직진우회전진행방해,건조,맑음,교차로 - 교차로안,승합,여,57세,상해없음,자전거,남,85세,중상
2022032200100310,2022년 3월 22일 17시,화요일,광주광역시 광산구 산월동,경상사고,0,0,1,0,차대차 - 측면충돌,안전운전불이행,건조,맑음,단일로 - 기타,화물,남,54세,상해없음,승용,여,47세,상해없음
2022032200100342,2022년 3월 22일 18시,화요일,광주광역시 서구 쌍촌동,경상사고,0,0,6,0,차대차 - 추돌,안전운전불이행,건조,맑음,단일로 - 기타,승용,남,40세,경상,승용,남,27세,경상
2022032200100343,2022년 3월 22일 18시,화요일,광주광역시 서구 화정동,경상사고,0,0,2,0,차대차 - 측면충돌,안전운전불이행,건조,맑음,단일로 - 기타,화물,남,63세,상해없음,승용,여,50세,경상
2022032200100372,2022년 3월 22일 19시,화요일,광주광역시 광산구 월계동,경상사고,0,0,1,0,차대차 - 측면충돌,안전운전불이행,건조,맑음,교차로 - 교차로부근,승용,남,19세,상해없음,승용,여,52세,경상
2022032200100397,2022년 3월 22일 20시,화요일,광주광역시 광산구 신가동,경상사고,0,0,1,0,차대차 - 기타,안전운전불이행,건조,맑음,기타 - 기타,개인형이동수단(PM),남,19세,상해없음,자전거,남,50세,경상