사고번호,사고일시,요일,시군구,사고내용,사망자수,중상자수,경상자수,부상신고자수,사고유형,법규위반,노면상태,기상상태,도로형태,가해운전자 차종,가해운전자 성별,가해운전자 연령,가해운전자 상해정도,피해운전자 차종,피해운전자 성별,피해운전자 연령,피해운전자 상해정도
2022041200100114,2022년 4월 12일 08시,화요일,광주광역시 동구 금남로1가,경상사고,0,0,1,0,차대차 - 추돌,안전운전불이행,건조,맑음,단일로 - 기타,승용,남,35세,상해없음,승용,여,29세,경상
2022041200100180,2022년 4월 12일 10시,화요일,광주광역시 서구 동천동,경상사고,0,0,2,0,차대차 - 기타,안전운전불이행,건조,맑음,교차로 - 교차로부근,승용,남,72세,상해없음,승용,남,32세,경상
2022041200100235,2022년 4월 12일 12시,화요일,광주광역시 북구 용봉동,중상사고,0,1,0,0,차대사람 - 횡단중,안전운전불이행,건조,맑음,단일로 - 기타,승용,남,60세,상해없음,보행자,여,66세,중상
2022041200100236,2022년 4월 12일 12시,화요일,광주광역시 광산구 진곡동,부상신고사고,0,0,0,1,차대차 - 기타,안전운전불이행,건조,맑음,단일로 - 기타,이륜,남,39세,부상신고,화물,남,46세,상해없음
2022041200100314,2022년 4월 12일 15시,화요일,광주광역시 서구 매월동,경상사고,0,0,1,0,차대차 - 측면충돌,안전운전불이행,건조,맑음,교차로 - 교차로안,화물,남,72세,상해없음,승용,여,68세,경상
2022041200100315,2022년 4월 12일 15시,화요일,광주광역시 북구 두암동,경상사고,0,0,1,0,차대차 - 측면충돌,안전운전불이행,건조,흐림,교차로 - 교차로안,자전거,남,12세,경상,승용,여,54세,상해없음
2022041200100316,2022년 4월 12일 15시,화요일,광주광역시 광산구 신창동,경상사고,0,0,1,0,차대차 - 기타,안전거리미확보,건조,맑음,교차로 - 교차로부근,화물,남,58세,상해없음,승용,여,55세,경상
2022041200100352,2022년 4월 12일 16시,화요일,광주광역시 북구 신안동,중상사고,0,1,0,0,차대사람 - 기타,안전운전불이행,건조,맑음,단일로 - 기타,승용,여,54세,상해없음,보행자,남,5세,중상
2022041200100353,2022년 4월 12일 16시,화요일,광주광역시 북구 각화동,경상사고,0,0,1,0,차대차 - 측면충돌,안전운전불이행,건조,맑음,단일로 - 기타,승합,남,56세,기타불명,승용,남,28세,경상
2022041200100400,2022년 4월 12일 17시,화요일,광주광역시 동구 계림동,경상사고,0,0,3,0,차대차 - 기타,신호위반,건조,맑음,교차로 - 교차로안,승용,여,63세,경상,승용,남,56세,경상
2022041200100401,2022년 4월 12일 17시,화요일,광주광역시 광산구 수완동,경상사고,0,0,1,0,차대차 - 측면충돌,중앙선침범,건조,맑음,교차로 - 교차로부근,승합,남,67세,기타불명,승용,남,19세,경상
2022041200100437,2022년 4월 12일 18시,화요일,광주광역시 북구 우산동,경상사고,0,0,1,0,차대차 - 추돌,안전거리미확보,건조,맑음,교차로 - 교차로부근,승용,남,44세,상해없음,승용,여,35세,상해없음
2022041200100438,2022년 4월 12일 18시,화요일,광주광역시 북구 각화동,경상사고,0,0,1,0,차대차 - 기타,안전운전불이행,기타,기타,단일로 - 기타,승용,여,42세,상해없음,승용,남,31세,경상
2022041200100472,2022년 4월 12일 19시,화요일,광주광역시 서구 화정동,경상사고,0,0,2,0,차대차 - 정면충돌,신호위반,건조,맑음,교차로 - 교차로안,승용,남,27세,상해없음,승용,남,49세,경상
2022041200100473,2022년 4월 12일 19시,화요일,광주광역시 남구 진월동,중상사고,0,1,0,0,차대사람 - 차도통행중,안전운전불이행,건조,맑음,교차로 - 교차로부근,승용,여,58세,상해없음,보행자,여,53세,중상
2022041200100474,2022년 4월 12일 19시,화요일,광주광역시 광산구 쌍암동,경상사고,0,0,3,0,차대차 - 후진중충돌,안전운전불이행,건조,맑음,단일로 - 기타,승용,남,52세,상해없음,승용,여,52세,경상
2022041200100475,2022년 4월 12일 19시,화요일,광주광역시 광산구 오선동,중상사고,0,1,1,0,차대차 - 추돌,안전운전불이행,건조,맑음,교차로 - 교차로부근,승용,여,46세,상해없음,승용,남,49세,경상
2022041200100502,2022년 4월 12일 20시,화요일,광주광역시 서구 내방동,경상사고,0,0,1,0,차대차 - 기타,직진우회전진행방해,건조,맑음,교차로 - 교차로안,승용,남,26세,상해없음,이륜,남,23세,경상
2022041200100576,2022년 4월 12일 23시,화요일,광주광역시 광산구 월곡동,경상사고,0,0,1,0,차대사람 - 차도통행중,교차로운행방법위반,건조,맑음,단일로 - 기타,화물,남,57세,상해없음,보행자,여,19세,경상
2022041300100012,2022년 4월 13일 00시,수요일,광주광역시 동구 학동,경상사고,0,0,1,0,차대차 - 기타,신호위반,건조,맑음,교차로 - 교차로안,승용,남,32세,상해없음,승합,남,69세,경상
2022041300100013,2022년 4월 13일 00시,수요일,광주광역시 북구 용봉동,경상사고,0,0,1,0,차대차 - 측면충돌,안전운전불이행,건조,맑음,교차로 - 교차로안,승용,남,52세,상해없음,이륜,남,28세,경상
2022041300100024,2022년 4월 13일 02시,수요일,광주광역시 서구 덕흥동,경상사고,0,0,1,1,차량단독 - 공작물충돌,안전거리미확보,건조,맑음,단일로 - 기타,승용,남,19세,상해없음,,,,
2022041300100028,2022년 4월 13일 04시,수요일,광주광역시 광산구 하남동,사망사고,1,0,1,0,차대차 - 측면충돌,신호위반,건조,맑음,교차로 - 교차로안,승용,남,56세,경상,화물,남,55세,사망
2022041300100046,2022년 4월 13일 06시,수요일,광주광역시 광산구 고룡동,경상사고,0,0,1,0,차대차 - 측면충돌,안전거리미확보,건조,맑음,단일로 - 기타,승용,여,58세,상해없음,화물,남,53세,경상
2022041300100157,2022년 4월 13일 10시,수요일,광주광역시 동구 금남로5가,경상사고,0,0,1,0,차대사람 - 기타,안전운전불이행,젖음/습기,비,단일로 - 기타,화물,남,34세,상해없음,보행자,여,29세,경상
2022041300100158,2022년 4월 13일 10시,수요일,광주광역시 남구 진월동,중상사고,0,1,0,0,차대사람 - 횡단중,안전운전불이행,건조,맑음,교차로 - 교차로안,승용,여,50세,상해없음,보행자,여,72세,중상
2022041300100186,2022년 4월 13일 11시,수요일,광주광역시 광산구 산정동,경상사고,0,0,3,0,차대사람 - 기타,안전운전불이행,건조,맑음,단일로 - 기타,승합,남,46세,상해없음,보행자,남,23세,경상
2022041300100211,2022년 4월 13일 12시,수요일,광주광역시 동구 월남동,경상사고,0,0,5,0,차대차 - 측면충돌,안전거리미확보,건조,흐림,단일로 - 기타,화물,남,50세,상해없음,승용,여,40세,경상
2022041300100212,2022년 4월 13일 12시,수요일,광주광역시 동구 계림동,중상사고,0,1,2,0,차대차 - 측면충돌,교차로운행방법위반,건조,맑음,교차로 - 교차로안,승용,여,64세,중상,승용,남,23세,경상
2022041300100213,2022년 4월 13일 12시,수요일,광주광역시 광산구 월계동,경상사고,0,0,2,1,차대차 - 측면충돌,교차로운행방법위반,건조,맑음,교차로 - 교차로안,승용,남,80세,부상신고,승용,여,39세,경상
2022041300100241,2022년 4월 13일 13시,수요일,광주광역시 남구 봉선동,경상사고,0,0,2,0,차대차 - 측면충돌,안전거리미확보,건조,맑음,교차로 - 교차로부근,승용,여,45세,상해없음,승용,여,37세,경상
2022041300100289,2022년 4월 13일 15시,수요일,광주광역시 광산구 도천동,경상사고,0,0,2,0,차대차 - 측면충돌,교차로운행방법위반,젖음/습기,비,교차로 - 교차로안,승용,남,44세,경상,승용,여,37세,경상
2022041300100370,2022년 4월 13일 17시,수요일,광주광역시 북구 오룡동,경상사고,0,0,1,0,차대차 - 추돌,신호위반,젖음/습기,흐림,교차로 - 교차로안,승용,여,25세,상해없음,승용,여,35세,경상
2022041300100408,2022년 4월 13일 18시,수요일,광주광역시 북구 장등동,경상사고,0,0,1,0,차대차 - 측면충돌,안전운전불이행,건조,맑음,단일로 - 기타,화물,남,70세,상해없음,화물,남,36세,경상
2022041300100409,2022년 4월 13일 18시,수요일,광주광역시 광산구 수완동,경상사고,0,0,1,0,차대차 - 측면충돌,안전운전불이행,건조,맑음,단일로 - 기타,승용,남,48세,상해없음,이륜,남,41세,경상
2022041300100446,2022년 4월 13일 19시,수요일,광주광역시 동구 동명동,경상사고,0,0,2,0,차대차 - 기타,안전운전불이행,건조,맑음,기타 - 기타,승합,남,55세,상해없음,승용,남,29세,경상
2022041300100447,2022년 4월 13일 19시,수요일,광주광역시 서구 치평동,경상사고,0,0,1,0,차대차 - 측면충돌,안전운전불이행,건조,맑음,교차로 - 교차로안,승용,여,52세,상해없음,이륜,남,29세,경상
2022041300100481,2022년 4월 13일 20시,수요일,광주광역시 남구 월산동,경상사고,0,0,3,0,차대차 - 측면충돌,안전운전불이행,건조,맑음,교차로 - 교차로안,승용,남,19세,기타불명,승용,남,30세,경상
2022041300100482,2022년 4월 13일 20시,수요일,광주광역시 광산구 흑석동,경상사고,0,0,1,0,차대차 - 후진중충돌,안전운전불이행,젖음/습기,비,교차로 - 교차로안,승용,남,50세,상해없음,승용,여,26세,경상
2022041300100524,2022년 4월 13일 21시,수요일,광주광역시 서구 내방동,중상사고,0,1,0,0,차대사람 - 횡단중,안전운전불이행,젖음/습기,비,단일로 - 기타,승용,남,26세,상해없음,보행자,남,40세,중상
2022041300100546,2022년 4월 13일 22시,수요일,광주광역시 광산구 신창동,경상사고,0,0,1,0,차대차 - 측면충돌,안전거리미확보,젖음/습기,비,단일로 - 기타,승용,남,48세,상해없음,이륜,남,18세,경상
2022041300100547,2022년 4월 13일 22시,수요일,광주광역시 광산구 수완동,경상사고,0,0,1,0,차대차 - 측면충돌,안전운전불이행,건조,맑음,단일로 - 기타,승용,남,30세,상해없음,승용,남,22세,경상
2022041400100025,2022년 4월 14일 01시,목요일,광주광역시 서구 치평동,부상신고사고,0,0,0,1,차대차 - 추돌,안전운전불이행,건조,맑음,교차로 - 교차로부근,승용,남,37세,상해없음,승용,남,22세,부상신고
2022041400100111,2022년 4월 14일 08시,목요일,광주광역시 서구 풍암동,경상사고,0,0,1,0,차대차 - 기타,안전운전불이행,건조,맑음,교차로 - 교차로부근,승용,남,38세,상해없음,승용,남,43세,경상
2022041400100157,2022년 4월 14일 10시,목요일,광주광역시 서구 유촌동,경상사고,0,0,1,0,차대차 - 측면충돌,신호위반,건조,맑음,단일로 - 기타,승용,여,61세,상해없음,승용,남,50세,경상
2022041400100158,2022년 4월 14일 10시,목요일,광주광역시 북구 삼각동,경상사고,0,0,1,0,차대차 - 후진중충돌,안전운전불이행,건조,맑음,교차로 - 교차로안,승용,남,48세,상해없음,승용,여,62세,경상
2022041400100189,2022년 4월 14일 11시,목요일,광주광역시 서구 농성동,중상사고,0,1,0,0,차대차 - 기타,안전운전불이행,건조,맑음,교차로 - 교차로안,승용,여,45세,상해없음,자전거,남,68세,중상
2022041400100190,2022년 4월 14일 11시,목요일,광주광역시 북구 장등동,중상사고,0,1,0,0,차량단독 - 공작물충돌,안전운전불이행,건조,맑음,단일로 - 기타,이륜,남,67세,중상,,,,
2022041400100191,2022년 4월 14일 11시,목요일,광주광역시 광산구 소촌동,경상사고,0,0,2,0,차대차 - 기타,중앙선침범,건조,맑음,교차로 - 교차로부근,승용,남,40세,상해없음,화물,남,26세,경상
2022041400100219,2022년 4월 14일 12시,목요일,광주광역시 서구 치평동,경상사고,0,0,1,0,차대사람 - 횡단중,안전운전불이행,건조,맑음,교차로 - 교차로안,승용,남,26세,상해없음,보행자,남,84세,경상
2022041400100220,2022년 4월 14일 12시,목요일,광주광역시 북구 두암동,중상사고,0,1,0,0,차대사람 - 기타,안전운전불이행,건조,맑음,단일로 - 기타,승용,여,72세,상해없음,보행자,여,79세,중상
2022041400100262,2022년 4월 14일 13시,목요일,광주광역시 남구 진월동,경상사고,0,0,1,0,차대차 - 측면충돌,안전운전불이행,건조,맑음,단일로 - 기타,승용,남,57세,상해없음,승용,여,18세,경상
2022041400100263,2022년 4월 14일 13시,목요일,광주광역시 북구 두암동,경상사고,0,0,1,0,차대차 - 기타,직진우회전진행방해,건조,맑음,교차로 - 교차로안,승용,여,46세,상해없음,승용,남,70세,상해없음
2022041400100314,2022년 4월 14일 15시,목요일,광주광역시 서구 양동,경상사고,0,0,2,1,차대차 - 기타,안전운전불이행,건조,맑음,교차로 - 교차로안,승용,여,60세,부상신고,승용,여,39세,경상
2022041400100315,2022년 4월 14일 15시,목요일,광주광역시 북구 우산동,경상사고,0,0,2,0,차대차 - 후진중충돌,안전운전불이행,건조,맑음,교차로 - 교차로부근,화물,남,48세,상해없음,이륜,남,64세,경상
2022041400100316,2022년 4월 14일 15시,목요일,광주광역시 북구 동림동,경상사고,0,0,3,0,차대차 - 기타,안전운전불이행,건조,맑음,단일로 - 기타,승용,남,34세,상해없음,승용,여,55세,경상
2022041400100317,2022년 4월 14일 15시,목요일,광주광역시 광산구 운수동,경상사고,0,0,1,0,차대차 - 추돌,안전거리미확보,건조,맑음,단일로 - 기타,화물,남,53세,상해없음,승용,남,61세,경상
2022041400100318,2022년 4월 14일 15시,목요일,광주광역시 광산구 오선동,경상사고,0,0,2,0,차대차 - 측면충돌,안전운전불이행,건조,맑음,주차장 - 주차장,화물,남,72세,경상,화물,남,25세,경상
2022041400100385,2022년 4월 14일 17시,목요일,광주광역시 북구 연제동,경상사고,0,0,1,0,차대사람 - 기타,안전운전불이행,건조,맑음,기타 - 기타,승용,남,35세,상해없음,보행자,남,34세,경상
2022041400100386,2022년 4월 14일 17시,목요일,광주광역시 광산구 신가동,경상사고,0,0,1,0,차대사람 - 보도통행중,신호위반,건조,맑음,교차로 - 교차로부근,승용,여,66세,상해없음,보행자,남,5세,경상
2022041400100417,2022년 4월 14일 18시,목요일,광주광역시 서구 광천동,경상사고,0,0,3,0,차대차 - 측면충돌,교차로운행방법위반,건조,맑음,교차로 - 교차로안,승용,남,56세,경상,승용,남,23세,경상
2022041400100450,2022년 4월 14일 19시,목요일,광주광역시 동구 월남동,중상사고,0,1,2,0,차대차 - 추돌,안전거리미확보,건조,맑음,단일로 - 기타,화물,남,69세,상해없음,승용,남,79세,경상
2022041400100451,2022년 4월 14일 19시,목요일,광주광역시 북구 용봉동,경상사고,0,0,3,0,차대차 - 측면충돌,교차로운행방법위반,건조,맑음,교차로 - 교차로안,승용,남,24세,기타불명,승용,남,29세,경상
2022041400100452,2022년 4월 14일 19시,목요일,광주광역시 광산구 운수동,중상사고,0,1,0,0,차대차 - 추돌,안전거리미확보,건조,맑음,단일로 - 기타,승용,남,39세,상해없음,승용,여,62세,중상
2022041400100453,2022년 4월 14일 19시,목요일,광주광역시 광산구 수완동,경상사고,0,0,2,0,차대차 - 추돌,안전운전불이행,건조,맑음,교차로 - 교차로부근,승용,남,43세,상해없음,승용,남,49세,경상
2022041400100469,2022년 4월 14일 20시,목요일,광주광역시 동구 호남동,경상사고,0,0,1,0,차대차 - 측면충돌,신호위반,건조,맑음,교차로 - 교차로안,승용,남,23세,상해없음,이륜,남,24세,경상
2022041400100470,2022년 4월 14일 20시,목요일,광주광역시 광산구 수완동,부상신고사고,0,0,0,1,차대차 - 측면충돌,신호위반,건조,맑음,교차로 - 교차로부근,이륜,남,41세,부상신고,승용,남,47세,상해없음
2022041400100486,2022년 4월 14일 21시,목요일,광주광역시 동구 용산동,중상사고,0,2,0,0,차대차 - 정면충돌,안전운전불이행,건조,맑음,교차로 - 교차로안,승용,남,64세,상해없음,이륜,남,26세,중상
2022041400100487,2022년 4월 14일 21시,목요일,광주광역시 광산구 수완동,경상사고,0,0,2,0,차대차 - 기타,안전운전불이행,건조,맑음,단일로 - 기타,승용,남,31세,상해없음,승용,여,20세,경상
2022041500100044,2022년 4월 15일 06시,금요일,광주광역시 남구 행암동,경상사고,0,0,1,0,차대차 - 측면충돌,안전거리미확보,건조,맑음,단일로 - 기타,건설기계,남,49세,상해없음,승용,여,52세,경상
2022041500100045,2022년 4월 15일 06시,금요일,광주광역시 북구 연제동,경상사고,0,0,2,0,차대차 - 측면충돌,안전거리미확보,건조,맑음,단일로 - 기타,화물,남,63세,상해없음,승용,여,45세,경상
2022041500100066,2022년 4월 15일 07시,금요일,광주광역시 서구 매월동,경상사고,0,0,1,0,차대차 - 기타,교차로운행방법위반,건조,맑음,교차로 - 교차로안,승용,여,44세,상해없음,승용,남,33세,경상
2022041500100067,2022년 4월 15일 07시,금요일,광주광역시 광산구 우산동,경상사고,0,0,10,0,차대차 - 추돌,안전거리미확보,건조,맑음,단일로 - 기타,승용,남,59세,상해없음,승용,여,56세,상해없음
2022041500100110,2022년 4월 15일 08시,금요일,광주광역시 북구 월출동,경상사고,0,0,1,0,차대차 - 기타,안전운전불이행,건조,맑음,단일로 - 기타,승용,여,60세,상해없음,승용,여,45세,경상
2022041500100111,2022년 4월 15일 08시,금요일,광주광역시 광산구 지평동,경상사고,0,0,1,0,차대차 - 추돌,안전운전불이행,건조,맑음,단일로 - 기타,화물,남,25세,기타불명,승용,여,26세,경상
2022041500100112,2022년 4월 15일 08시,금요일,광주광역시 광산구 산정동,중상사고,0,1,1,0,차대차 - 측면충돌,교차로운행방법위반,건조,맑음,단일로 - 기타,개인형이동수단(PM),남,38세,중상,승용,남,31세,경상
2022041500100152,2022년 4월 15일 09시,금요일,광주광역시 동구 학동,경상사고,0,0,4,0,차대사람 - 기타,기타,건조,맑음,교차로 - 교차로부근,승용,남,93세,경상,보행자,여,21세,경상
2022041500100180,2022년 4월 15일 10시,금요일,광주광역시 동구 서석동,중상사고,0,1,0,0,차대사람 - 횡단중,안전운전불이행,건조,맑음,단일로 - 기타,승용,남,62세,상해없음,보행자,여,72세,중상
2022041500100181,2022년 4월 15일 10시,금요일,광주광역시 서구 농성동,경상사고,0,0,2,0,차대차 - 정면충돌,안전거리미확보,건조,맑음,교차로 - 교차로안,승용,남,78세,상해없음,승용,여,41세,경상
2022041500100207,2022년 4월 15일 11시,금요일,광주광역시 서구 치평동,경상사고,0,0,1,0,차대차 - 기타,안전운전불이행,건조,맑음,교차로 - 교차로부근,승용,여,65세,상해없음,개인형이동수단(PM),남,82세,경상
2022041500100238,2022년 4월 15일 12시,금요일,광주광역시 광산구 신창동,경상사고,0,0,2,1,차대차 - 측면충돌,신호위반,건조,맑음,교차로 - 교차로안,이륜,남,23세,부상신고,승용,남,59세,경상
2022041500100270,2022년 4월 15일 13시,금요일,광주광역시 광산구 송촌동,경상사고,0,0,1,0,차대차 - 추돌,안전운전불이행,건조,맑음,교차로 - 교차로안,화물,남,57세,상해없음,화물,여,56세,경상
2022041500100298,2022년 4월 15일 14시,금요일,광주광역시 서구 금호동,경상사고,0,0,2,0,차대차 - 측면충돌,기타,건조,맑음,교차로 - 교차로부근,화물,남,32세,경상,승용,남,61세,경상
2022041500100340,2022년 4월 15일 15시,금요일,광주광역시 서구 화정동,경상사고,0,0,1,0,차대사람 - 기타,보행자보호의무위반,건조,맑음,단일로 - 기타,승용,여,21세,상해없음,보행자,남,9세,경상
2022041500100341,2022년 4월 15일 15시,금요일,광주광역시 북구 우산동,경상사고,0,0,1,0,차대차 - 측면충돌,직진우회전진행방해,건조,맑음,교차로 - 교차로안,이륜,남,27세,경상,화물,남,44세,상해없음
2022041500100390,2022년 4월 15일 16시,금요일,광주광역시 광산구 산정동,경상사고,0,0,1,0,차대차 - 추돌,안전운전불이행,건조,맑음,교차로 - 교차로안,이륜,남,39세,상해없음,승용,남,48세,경상
2022041500100437,2022년 4월 15일 17시,금요일,광주광역시 서구 화정동,경상사고,0,0,1,0,차대사람 - 기타,안전운전불이행,건조,맑음,단일로 - 기타,승용,여,52세,상해없음,보행자,남,11세,경상
2022041500100537,2022년 4월 15일 19시,금요일,광주광역시 서구 치평동,경상사고,0,0,1,0,차대차 - 측면충돌,안전운전불이행,건조,맑음,단일로 - 기타,승용,남,60세,상해없음,승용,남,25세,경상
2022041500100538,2022년 4월 15일 19시,금요일,광주광역시 북구 양산동,경상사고,0,0,3,0,차대차 - 측면충돌,교차로운행방법위반,건조,맑음,교차로 - 교차로안,승용,남,55세,상해없음,승용,여,41세,경상
2022041500100539,2022년 4월 15일 19시,금요일,광주광역시 광산구 신창동,중상사고,0,1,0,0,차대차 - 측면충돌,교차로운행방법위반,젖음/습기,흐림,교차로 - 교차로안,승용,남,77세,상해없음,이륜,남,29세,중상
2022041500100597,2022년 4월 15일 21시,금요일,광주광역시 북구 본촌동,경상사고,0,0,1,0,차대차 - 기타,안전운전불이행,건조,맑음,교차로 - 교차로부근,승용,남,64세,상해없음,승용,남,32세,경상
2022041500100598,2022년 4월 15일 21시,금요일,광주광역시 북구 신안동,경상사고,0,0,1,0,차대사람 - 횡단중,신호위반,건조,맑음,교차로 - 교차로횡단보도내,승용,남,76세,상해없음,보행자,여,9세,경상
2022041500100624,2022년 4월 15일 22시,금요일,광주광역시 서구 치평동,경상사고,0,0,1,0,차대차 - 후진중충돌,불법유턴,건조,맑음,교차로 - 교차로부근,승용,남,25세,상해없음,이륜,남,36세,경상
2022041500100625,2022년 4월 15일 22시,금요일,광주광역시 북구 문흥동,경상사고,0,0,1,0,차대차 - 정면충돌,신호위반,건조,맑음,교차로 - 교차로안,승용,남,29세,상해없음,승용,여,25세,경상
2022041500100653,2022년 4월 15일 23시,금요일,광주광역시 북구 오룡동,중상사고,0,1,1,0,차대차 - 추돌,안전운전불이행,건조,맑음,교차로 - 교차로부근,승용,남,35세,상해없음,승용,남,56세,중상
2022041600100080,2022년 4월 16일 08시,토요일,광주광역시 북구 신안동,경상사고,0,0,1,0,차대차 - 측면충돌,안전거리미확보,건조,맑음,단일로 - 기타,승용,남,34세,상해없음,승용,남,26세,경상
2022041600100081,2022년 4월 16일 08시,토요일,광주광역시 북구 운암동,경상사고,0,0,2,0,차대차 - 측면충돌,안전운전불이행,건조,맑음,교차로 - 교차로부근,승용,여,35세,상해없음,승용,남,60세,경상
2022041600100237,2022년 4월 16일 12시,토요일,광주광역시 서구 풍암동,중상사고,0,1,5,0,차대차 - 측면충돌,안전운전불이행,건조,맑음,교차로 - 교차로안,화물,남,43세,경상,승용,남,75세,경상
2022041600100238,2022년 4월 16일 12시,토요일,광주광역시 서구 치평동,중상사고,0,1,1,0,차대차 - 측면충돌,안전운전불이행,건조,맑음,단일로 - 기타,이륜,남,30세,중상,승용,여,50세,경상
2022041600100239,2022년 4월 16일 12시,토요일,광주광역시 서구 금호동,경상사고,0,0,2,0,차대차 - 기타,안전운전불이행,건조,맑음,주차장 - 주차장,승용,여,42세,상해없음,승용,남,29세,경상
2022041600100333,2022년 4월 16일 14시,토요일,광주광역시 동구 계림동,부상신고사고,0,0,0,1,차대사람 - 기타,안전운전불이행,건조,맑음,단일로 - 기타,승용,남,40세,상해없음,보행자,여,71세,부상신고
2022041600100377,2022년 4월 16일 15시,토요일,광주광역시 광산구 수완동,경상사고,0,0,1,0,차대차 - 후진중충돌,불법유턴,건조,맑음,단일로 - 기타,승용,여,37세,상해없음,이륜,남,35세,경상
2022041600100426,2022년 4월 16일 16시,토요일,광주광역시 북구 오치동,경상사고,0,0,2,0,차대차 - 기타,안전운전불이행,건조,맑음,교차로 - 교차로안,승용,여,45세,상해없음,승용,남,71세,경상
2022041600100473,2022년 4월 16일 17시,토요일,광주광역시 북구 용봉동,경상사고,0,0,1,0,차대차 - 후진중충돌,불법유턴,건조,맑음,교차로 - 교차로부근,화물,남,50세,상해없음,이륜,남,25세,경상
2022041600100474,2022년 4월 16일 17시,토요일,광주광역시 광산구 쌍암동,경상사고,0,0,1,0,차대차 - 기타,안전운전불이행,건조,맑음,단일로 - 기타,승용,남,60세,상해없음,자전거,남,66세,경상
2022041600100506,2022년 4월 16일 18시,토요일,광주광역시 서구 치평동,경상사고,0,0,2,0,차대차 - 측면충돌,안전거리미확보,건조,맑음,단일로 - 기타,화물,남,73세,상해없음,승용,여,48세,경상
2022041600100507,2022년 4월 16일 18시,토요일,광주광역시 북구 운암동,중상사고,0,1,0,0,차대차 - 측면충돌,안전운전불이행,건조,맑음,단일로 - 기타,승용,남,66세,상해없음,이륜,남,24세,중상
2022041600100536,2022년 4월 16일 19시,토요일,광주광역시 북구 용봉동,경상사고,0,0,1,0,차대차 - 측면충돌,안전운전불이행,건조,맑음,단일로 - 기타,승용,남,22세,상해없음,승용,남,30세,경상
2022041600100537,2022년 4월 16일 19시,토요일,광주광역시 광산구 송정동,중상사고,0,1,0,0,차대차 - 측면충돌,불법유턴,건조,맑음,단일로 - 기타,승용,남,52세,상해없음,이륜,여,51세,중상
2022041600100538,2022년 4월 16일 19시,토요일,광주광역시 광산구 수완동,경상사고,0,0,2,0,차대차 - 기타,신호위반,건조,맑음,교차로 - 교차로안,승용,남,29세,상해없음,승용,남,39세,경상
2022041600100567,2022년 4월 16일 20시,토요일,광주광역시 북구 운암동,경상사고,0,0,1,0,차대차 - 기타,안전운전불이행,건조,맑음,기타 - 기타,승용,남,46세,상해없음,승용,남,32세,경상
2022041600100589,2022년 4월 16일 21시,토요일,광주광역시 서구 양동,중상사고,0,1,0,0,차대차 - 추돌,안전거리미확보,건조,맑음,단일로 - 기타,승용,남,61세,상해없음,승용,남,40세,상해없음
2022041600100590,2022년 4월 16일 21시,토요일,광주광역시 남구 백운동,경상사고,0,0,1,0,차대차 - 측면충돌,신호위반,건조,맑음,단일로 - 기타,개인형이동수단(PM),남,19세,상해없음,승용,남,19세,경상
2022041600100613,2022년 4월 16일 22시,토요일,광주광역시 서구 치평동,경상사고,0,0,1,0,차대사람 - 횡단중,보행자보호의무위반,건조,맑음,교차로 - 교차로횡단보도내,승용,남,52세,상해없음,보행자,남,39세,경상
2022041600100633,2022년 4월 16일 23시,토요일,광주광역시 북구 각화동,경상사고,0,0,1,0,차대사람 - 기타,안전운전불이행,건조,맑음,단일로 - 기타,승용,남,44세,상해없음,보행자,남,16세,경상
2022041700100106,2022년 4월 17일 09시,일요일,광주광역시 광산구 장덕동,경상사고,0,0,1,0,차대차 - 측면충돌,안전거리미확보,건조,맑음,단일로 - 기타,승용,여,52세,상해없음,이륜,남,25세,경상
2022041700100107,2022년 4월 17일 09시,일요일,광주광역시 광산구 우산동,경상사고,0,0,2,0,차대차 - 정면충돌,직진우회전진행방해,건조,맑음,교차로 - 교차로안,승용,여,40세,경상,승합,남,48세,경상
2022041700100133,2022년 4월 17일 10시,일요일,광주광역시 동구 소태동,경상사고,0,0,4,0,차대차 - 기타,차로위반,건조,맑음,기타 - 기타,승용,여,62세,상해없음,승용,여,31세,경상
2022041700100189,2022년 4월 17일 12시,일요일,광주광역시 북구 삼각동,경상사고,0,0,2,0,차대차 - 측면충돌,신호위반,건조,맑음,교차로 - 교차로안,승용,남,26세,상해없음,승용,남,58세,경상
2022041700100239,2022년 4월 17일 14시,일요일,광주광역시 북구 용봉동,경상사고,0,0,1,0,차대차 - 추돌,안전운전불이행,건조,맑음,기타 - 기타,화물,남,46세,상해없음,승용,남,67세,경상
2022041700100252,2022년 4월 17일 14시,일요일,광주광역시 동구 지산동,경상사고,0,0,1,0,차대차 - 기타,안전운전불이행,건조,맑음,단일로 - 기타,이륜,남,66세,상해없음,자전거,남,80세,경상
2022041700100319,2022년 4월 17일 16시,일요일,광주광역시 남구 진월동,중상사고,0,2,2,0,차대차 - 추돌,안전운전불이행,건조,맑음,교차로 - 교차로부근,화물,여,52세,상해없음,승용,여,62세,중상