사고번호,사고일시,요일,시군구,사고내용,사망자수,중상자수,경상자수,부상신고자수,사고유형,법규위반,노면상태,기상상태,도로형태,가해운전자 차종,가해운전자 성별,가해운전자 연령,가해운전자 상해정도,피해운전자 차종,피해운전자 성별,피해운전자 연령,피해운전자 상해정도
2022041700100320,2022년 4월 17일 16시,일요일,광주광역시 북구 오치동,경상사고,0,0,1,0,차대사람 - 횡단중,안전운전불이행,건조,맑음,교차로 - 교차로안,승용,남,64세,상해없음,보행자,여,59세,경상
2022041700100351,2022년 4월 17일 17시,일요일,광주광역시 동구 소태동,경상사고,0,0,1,0,차대차 - 기타,안전운전불이행,건조,맑음,기타 - 기타,화물,남,38세,상해없음,승합,남,39세,경상
2022041700100380,2022년 4월 17일 18시,일요일,광주광역시 서구 유촌동,경상사고,0,0,1,0,차량단독 - 기타,안전운전불이행,건조,맑음,기타 - 기타,승용,남,24세,상해없음,,,,
2022041700100436,2022년 4월 17일 20시,일요일,광주광역시 광산구 월계동,중상사고,0,1,0,0,차대차 - 측면충돌,신호위반,건조,맑음,교차로 - 교차로안,승용,여,46세,상해없음,이륜,남,36세,중상
2022041800100026,2022년 4월 18일 02시,월요일,광주광역시 서구 화정동,경상사고,0,0,2,0,차대차 - 기타,안전운전불이행,건조,맑음,단일로 - 기타,승용,남,28세,상해없음,승용,남,21세,경상
2022041800100068,2022년 4월 18일 07시,월요일,광주광역시 서구 치평동,경상사고,0,0,2,0,차대차 - 기타,신호위반,건조,맑음,교차로 - 교차로안,승합,남,64세,상해없음,승용,남,30세,경상
2022041800100069,2022년 4월 18일 07시,월요일,광주광역시 북구 임동,경상사고,0,0,3,0,차대차 - 추돌,안전운전불이행,건조,맑음,단일로 - 기타,화물,남,30세,상해없음,승용,남,33세,경상
2022041800100070,2022년 4월 18일 07시,월요일,광주광역시 광산구 신가동,경상사고,0,0,1,0,차대사람 - 횡단중,보행자보호의무위반,건조,맑음,교차로 - 교차로횡단보도내,승용,여,57세,상해없음,보행자,여,17세,경상
2022041800100112,2022년 4월 18일 08시,월요일,광주광역시 서구 풍암동,경상사고,0,0,1,0,차대사람 - 횡단중,교차로운행방법위반,건조,맑음,교차로 - 교차로안,승용,남,30세,상해없음,보행자,남,49세,경상
2022041800100113,2022년 4월 18일 08시,월요일,광주광역시 광산구 우산동,경상사고,0,0,6,0,차대차 - 기타,안전거리미확보,건조,맑음,단일로 - 기타,승용,여,51세,상해없음,승합,남,52세,상해없음
2022041800100139,2022년 4월 18일 09시,월요일,광주광역시 남구 송하동,경상사고,0,0,1,0,차대차 - 측면충돌,안전거리미확보,건조,맑음,단일로 - 기타,승용,남,73세,상해없음,화물,남,58세,경상
2022041800100162,2022년 4월 18일 10시,월요일,광주광역시 광산구 송정동,경상사고,0,0,1,0,차대차 - 정면충돌,불법유턴,건조,맑음,단일로 - 기타,승용,남,63세,기타불명,승용,남,53세,경상
2022041800100192,2022년 4월 18일 11시,월요일,광주광역시 광산구 장수동,경상사고,0,0,1,0,차대차 - 기타,신호위반,건조,맑음,단일로 - 터널,승용,남,72세,상해없음,승용,여,49세,경상
2022041800100193,2022년 4월 18일 11시,월요일,광주광역시 광산구 신가동,중상사고,0,1,0,0,차대차 - 측면충돌,중앙선침범,건조,맑음,교차로 - 교차로부근,승용,남,50세,상해없음,이륜,남,19세,중상
2022041800100224,2022년 4월 18일 12시,월요일,광주광역시 북구 우산동,경상사고,0,0,1,0,차대사람 - 기타,안전운전불이행,건조,맑음,단일로 - 기타,승용,남,24세,상해없음,보행자,여,64세,경상
2022041800100258,2022년 4월 18일 13시,월요일,광주광역시 남구 봉선동,경상사고,0,0,1,0,차대사람 - 차도통행중,안전운전불이행,건조,맑음,교차로 - 교차로부근,승용,여,46세,상해없음,보행자,여,76세,경상
2022041800100259,2022년 4월 18일 13시,월요일,광주광역시 광산구 수완동,경상사고,0,0,1,0,차대차 - 추돌,안전운전불이행,건조,맑음,교차로 - 교차로부근,화물,남,30세,상해없음,승용,여,50세,경상
2022041800100302,2022년 4월 18일 14시,월요일,광주광역시 서구 농성동,경상사고,0,0,1,0,차대차 - 기타,안전운전불이행,건조,맑음,주차장 - 주차장,승용,여,61세,상해없음,승용,남,40세,경상
2022041800100375,2022년 4월 18일 16시,월요일,광주광역시 서구 동천동,경상사고,0,0,1,0,차대차 - 측면충돌,안전운전불이행,건조,맑음,교차로 - 교차로안,승용,여,51세,상해없음,승용,여,26세,경상
2022041800100376,2022년 4월 18일 16시,월요일,광주광역시 북구 두암동,경상사고,0,0,1,0,차대사람 - 차도통행중,보행자보호의무위반,건조,맑음,기타 - 기타,승용,여,41세,상해없음,보행자,남,17세,경상
2022041800100415,2022년 4월 18일 17시,월요일,광주광역시 북구 양산동,경상사고,0,0,1,0,차대차 - 기타,차로위반,건조,맑음,단일로 - 기타,승용,여,56세,상해없음,승용,여,50세,경상
2022041800100456,2022년 4월 18일 18시,월요일,광주광역시 광산구 우산동,경상사고,0,0,2,0,차대차 - 추돌,안전거리미확보,건조,맑음,단일로 - 기타,승용,남,64세,경상,승용,남,70세,경상
2022041800100528,2022년 4월 18일 21시,월요일,광주광역시 북구 두암동,경상사고,0,0,2,0,차대차 - 측면충돌,중앙선침범,건조,맑음,단일로 - 기타,승용,남,26세,경상,승용,남,50세,경상
2022041800100567,2022년 4월 18일 23시,월요일,광주광역시 광산구 월계동,경상사고,0,0,1,0,차대사람 - 기타,안전운전불이행,건조,맑음,교차로 - 교차로부근,승용,남,25세,상해없음,보행자,남,40세,경상
2022041900100012,2022년 4월 19일 00시,화요일,광주광역시 서구 쌍촌동,중상사고,0,1,0,0,차대사람 - 차도통행중,안전운전불이행,건조,맑음,단일로 - 기타,이륜,남,25세,기타불명,보행자,여,42세,중상
2022041900100013,2022년 4월 19일 00시,화요일,광주광역시 남구 주월동,경상사고,0,0,1,0,차대차 - 측면충돌,안전거리미확보,건조,맑음,교차로 - 교차로부근,승용,여,26세,상해없음,승용,남,43세,경상
2022041900100060,2022년 4월 19일 06시,화요일,광주광역시 광산구 우산동,중상사고,0,1,0,0,차대차 - 측면충돌,안전운전불이행,건조,맑음,교차로 - 교차로안,승용,남,33세,상해없음,자전거,남,60세,중상
2022041900100129,2022년 4월 19일 08시,화요일,광주광역시 광산구 송정동,경상사고,0,0,1,0,차대사람 - 기타,안전운전불이행,건조,맑음,단일로 - 기타,승용,여,48세,상해없음,보행자,남,56세,경상
2022041900100201,2022년 4월 19일 10시,화요일,광주광역시 동구 계림동,경상사고,0,0,1,0,차대사람 - 차도통행중,안전운전불이행,건조,맑음,단일로 - 기타,승용,여,34세,상해없음,보행자,여,73세,경상
2022041900100231,2022년 4월 19일 11시,화요일,광주광역시 북구 중흥동,경상사고,0,0,2,0,차대차 - 기타,안전운전불이행,건조,맑음,단일로 - 기타,화물,남,47세,상해없음,승용,남,66세,경상
2022041900100309,2022년 4월 19일 13시,화요일,광주광역시 남구 사동,경상사고,0,0,1,0,차대차 - 기타,안전거리미확보,건조,맑음,단일로 - 기타,승용,여,73세,상해없음,승용,남,29세,경상
2022041900100343,2022년 4월 19일 14시,화요일,광주광역시 동구 광산동,경상사고,0,0,1,0,차대차 - 기타,안전거리미확보,건조,맑음,기타 - 기타,승용,남,71세,상해없음,승용,여,21세,상해없음
2022041900100344,2022년 4월 19일 14시,화요일,광주광역시 서구 치평동,경상사고,0,0,1,0,차대차 - 측면충돌,신호위반,건조,맑음,교차로 - 교차로안,승용,남,74세,상해없음,승용,여,43세,경상
2022041900100345,2022년 4월 19일 14시,화요일,광주광역시 북구 동림동,경상사고,0,0,1,1,차대차 - 기타,안전운전불이행,건조,맑음,단일로 - 기타,이륜,남,18세,부상신고,승용,남,48세,상해없음
2022041900100377,2022년 4월 19일 15시,화요일,광주광역시 서구 금호동,경상사고,0,0,1,0,차대차 - 추돌,안전운전불이행,건조,맑음,단일로 - 기타,승용,남,66세,기타불명,승용,남,44세,상해없음
2022041900100378,2022년 4월 19일 15시,화요일,광주광역시 북구 중흥동,경상사고,0,0,2,0,차대차 - 측면충돌,안전운전불이행,건조,맑음,단일로 - 기타,승용,여,47세,경상,이륜,남,50세,경상
2022041900100417,2022년 4월 19일 16시,화요일,광주광역시 북구 두암동,중상사고,0,1,0,0,차대사람 - 기타,신호위반,건조,맑음,교차로 - 교차로횡단보도내,승용,남,62세,상해없음,보행자,여,58세,중상
2022041900100455,2022년 4월 19일 17시,화요일,광주광역시 북구 각화동,경상사고,0,0,2,0,차대차 - 측면충돌,안전운전불이행,건조,맑음,단일로 - 기타,승용,남,39세,경상,화물,남,37세,경상
2022041900100463,2022년 4월 19일 17시,화요일,광주광역시 남구 주월동,경상사고,0,0,1,0,차대차 - 기타,신호위반,건조,맑음,교차로 - 교차로안,승용,남,74세,상해없음,이륜,남,16세,경상
2022041900100464,2022년 4월 19일 17시,화요일,광주광역시 북구 풍향동,경상사고,0,0,2,0,차대차 - 기타,신호위반,기타,맑음,교차로 - 교차로안,기타불명,기타불명,미분류,기타불명,승용,여,34세,경상
2022041900100512,2022년 4월 19일 18시,화요일,광주광역시 서구 치평동,경상사고,0,0,1,0,차대차 - 기타,기타,건조,맑음,단일로 - 기타,승용,여,44세,상해없음,이륜,남,56세,경상
2022041900100513,2022년 4월 19일 18시,화요일,광주광역시 북구 운암동,부상신고사고,0,0,0,1,차대차 - 기타,직진우회전진행방해,건조,맑음,교차로 - 교차로안,승용,남,29세,상해없음,승용,남,51세,부상신고
2022041900100514,2022년 4월 19일 18시,화요일,광주광역시 광산구 우산동,경상사고,0,0,1,0,차대차 - 기타,안전거리미확보,건조,맑음,단일로 - 기타,승용,여,34세,상해없음,승합,남,52세,상해없음
2022041900100554,2022년 4월 19일 19시,화요일,광주광역시 서구 쌍촌동,경상사고,0,0,2,0,차대차 - 기타,안전운전불이행,건조,맑음,단일로 - 기타,자전거,남,15세,경상,이륜,남,40세,경상
2022041900100555,2022년 4월 19일 19시,화요일,광주광역시 광산구 월곡동,경상사고,0,0,1,0,차대차 - 측면충돌,안전운전불이행,건조,맑음,교차로 - 교차로안,승용,여,34세,상해없음,이륜,남,32세,경상
2022041900100585,2022년 4월 19일 20시,화요일,광주광역시 광산구 월곡동,경상사고,0,0,1,0,차대차 - 측면충돌,신호위반,건조,맑음,교차로 - 교차로안,승용,남,30세,상해없음,승용,남,53세,경상
2022041900100607,2022년 4월 19일 21시,화요일,광주광역시 광산구 월계동,경상사고,0,0,1,0,차대차 - 기타,중앙선침범,건조,맑음,단일로 - 기타,승용,남,54세,상해없음,특수,남,40세,경상
2022042000100011,2022년 4월 20일 00시,수요일,광주광역시 광산구 산정동,중상사고,0,1,0,0,차대사람 - 기타,안전운전불이행,건조,맑음,단일로 - 기타,승용,남,31세,기타불명,보행자,남,57세,중상
2022042000100074,2022년 4월 20일 07시,수요일,광주광역시 북구 매곡동,경상사고,0,0,1,0,차대차 - 기타,안전거리미확보,건조,맑음,기타 - 기타,화물,남,60세,기타불명,승용,남,29세,경상
2022042000100079,2022년 4월 20일 07시,수요일,광주광역시 서구 쌍촌동,경상사고,0,0,1,0,차대차 - 추돌,안전운전불이행,건조,맑음,단일로 - 기타,승용,남,33세,상해없음,승용,여,40세,경상
2022042000100080,2022년 4월 20일 07시,수요일,광주광역시 광산구 하남동,중상사고,0,1,0,0,차대사람 - 횡단중,보행자보호의무위반,건조,맑음,교차로 - 교차로부근,승용,남,49세,상해없음,보행자,여,57세,중상
2022042000100132,2022년 4월 20일 08시,수요일,광주광역시 남구 주월동,경상사고,0,0,1,0,차대차 - 기타,안전거리미확보,건조,맑음,기타 - 기타,화물,남,74세,상해없음,승용,남,23세,경상
2022042000100133,2022년 4월 20일 08시,수요일,광주광역시 북구 풍향동,경상사고,0,0,1,0,차대차 - 기타,기타,건조,맑음,단일로 - 기타,승용,남,56세,상해없음,자전거,여,21세,경상
2022042000100178,2022년 4월 20일 09시,수요일,광주광역시 북구 동림동,경상사고,0,0,1,0,차대차 - 측면충돌,차로위반,건조,맑음,단일로 - 터널,승용,남,70세,상해없음,승용,남,61세,경상
2022042000100179,2022년 4월 20일 09시,수요일,광주광역시 북구 용봉동,경상사고,0,0,2,0,차대차 - 추돌,안전운전불이행,건조,맑음,단일로 - 기타,승용,여,57세,경상,승용,남,36세,경상
2022042000100239,2022년 4월 20일 11시,수요일,광주광역시 광산구 신촌동,경상사고,0,0,1,0,차대차 - 측면충돌,안전거리미확보,건조,맑음,단일로 - 기타,승용,남,71세,상해없음,승용,남,38세,경상
2022042000100305,2022년 4월 20일 13시,수요일,광주광역시 북구 용봉동,경상사고,0,0,1,0,차대사람 - 기타,안전운전불이행,건조,맑음,단일로 - 기타,승용,남,36세,상해없음,보행자,남,64세,경상
2022042000100306,2022년 4월 20일 13시,수요일,광주광역시 북구 두암동,경상사고,0,0,1,0,차대차 - 측면충돌,안전운전불이행,건조,맑음,교차로 - 교차로부근,화물,남,42세,상해없음,승용,여,29세,경상
2022042000100345,2022년 4월 20일 14시,수요일,광주광역시 북구 문흥동,경상사고,0,0,1,0,차대차 - 기타,안전운전불이행,건조,맑음,단일로 - 기타,이륜,남,31세,기타불명,승용,남,35세,경상
2022042000100346,2022년 4월 20일 14시,수요일,광주광역시 북구 망월동,중상사고,0,1,2,0,차대차 - 추돌,안전거리미확보,건조,맑음,교차로 - 교차로부근,승용,여,64세,상해없음,화물,남,61세,경상
2022042000100347,2022년 4월 20일 14시,수요일,광주광역시 북구 연제동,경상사고,0,0,1,0,차대차 - 기타,교차로운행방법위반,건조,맑음,교차로 - 교차로안,승합,남,68세,상해없음,이륜,남,46세,경상
2022042000100382,2022년 4월 20일 15시,수요일,광주광역시 광산구 송정동,경상사고,0,0,2,0,차대차 - 기타,중앙선침범,건조,맑음,단일로 - 기타,승용,남,73세,상해없음,승용,여,26세,경상
2022042000100383,2022년 4월 20일 15시,수요일,광주광역시 광산구 소촌동,중상사고,0,1,2,0,차대차 - 측면충돌,차로위반,건조,맑음,교차로 - 교차로부근,승용,남,29세,상해없음,승합,남,39세,상해없음
2022042000100490,2022년 4월 20일 18시,수요일,광주광역시 남구 진월동,경상사고,0,0,4,0,차대차 - 측면충돌,안전거리미확보,건조,맑음,단일로 - 기타,승용,남,51세,경상,승용,여,36세,경상
2022042000100491,2022년 4월 20일 18시,수요일,광주광역시 북구 두암동,중상사고,0,1,0,0,차대사람 - 기타,안전운전불이행,건조,맑음,주차장 - 주차장,승용,남,32세,상해없음,보행자,남,66세,중상
2022042000100492,2022년 4월 20일 18시,수요일,광주광역시 광산구 소촌동,경상사고,0,0,1,0,차대차 - 측면충돌,교차로운행방법위반,건조,맑음,교차로 - 교차로안,승용,여,63세,상해없음,승용,남,44세,경상
2022042000100530,2022년 4월 20일 19시,수요일,광주광역시 광산구 하남동,경상사고,0,0,1,1,차대차 - 측면충돌,교차로운행방법위반,건조,맑음,교차로 - 교차로안,화물,남,53세,부상신고,승용,남,58세,경상
2022042000100583,2022년 4월 20일 21시,수요일,광주광역시 광산구 신가동,경상사고,0,0,1,0,차대차 - 측면충돌,안전운전불이행,건조,맑음,교차로 - 교차로부근,이륜,남,51세,경상,승용,남,61세,상해없음
2022042100100019,2022년 4월 21일 02시,목요일,광주광역시 서구 내방동,경상사고,0,0,1,0,차대차 - 추돌,안전운전불이행,건조,맑음,단일로 - 기타,이륜,남,26세,상해없음,승용,남,53세,경상
2022042100100020,2022년 4월 21일 02시,목요일,광주광역시 광산구 신창동,경상사고,0,0,1,0,차대차 - 측면충돌,중앙선침범,건조,맑음,단일로 - 기타,승용,남,30세,상해없음,승용,남,42세,경상
2022042100100048,2022년 4월 21일 06시,목요일,광주광역시 광산구 월전동,중상사고,0,1,0,0,차대차 - 기타,안전운전불이행,건조,맑음,교차로 - 교차로부근,승용,남,62세,상해없음,승용,여,45세,중상
2022042100100063,2022년 4월 21일 07시,목요일,광주광역시 서구 매월동,경상사고,0,0,1,0,차대차 - 기타,신호위반,건조,맑음,교차로 - 교차로횡단보도내,승용,남,76세,상해없음,자전거,남,32세,경상
2022042100100095,2022년 4월 21일 08시,목요일,광주광역시 서구 벽진동,경상사고,0,0,1,0,차대차 - 기타,안전운전불이행,건조,맑음,교차로 - 교차로안,화물,남,55세,상해없음,승용,여,29세,경상
2022042100100096,2022년 4월 21일 08시,목요일,광주광역시 북구 중흥동,경상사고,0,0,1,0,차대차 - 기타,안전운전불이행,건조,맑음,단일로 - 기타,승용,여,49세,기타불명,개인형이동수단(PM),여,23세,경상
2022042100100191,2022년 4월 21일 11시,목요일,광주광역시 광산구 장덕동,중상사고,0,1,0,0,차대차 - 측면충돌,안전운전불이행,건조,맑음,교차로 - 교차로부근,승용,남,27세,상해없음,이륜,남,25세,중상
2022042100100245,2022년 4월 21일 13시,목요일,광주광역시 서구 화정동,중상사고,0,1,0,0,차대사람 - 횡단중,보행자보호의무위반,건조,맑음,단일로 - 기타,승용,남,40세,상해없음,보행자,여,52세,중상
2022042100100246,2022년 4월 21일 13시,목요일,광주광역시 북구 우산동,중상사고,0,1,0,0,차대차 - 측면충돌,안전운전불이행,건조,맑음,교차로 - 교차로안,승용,남,72세,상해없음,이륜,남,48세,중상
2022042100100305,2022년 4월 21일 15시,목요일,광주광역시 남구 주월동,경상사고,0,0,1,0,차대차 - 정면충돌,안전운전불이행,건조,맑음,교차로 - 교차로안,승용,여,54세,상해없음,이륜,남,24세,경상
2022042100100306,2022년 4월 21일 15시,목요일,광주광역시 광산구 송정동,경상사고,0,0,2,0,차대차 - 측면충돌,안전운전불이행,건조,맑음,단일로 - 기타,승용,남,64세,상해없음,승용,여,21세,경상
2022042100100342,2022년 4월 21일 16시,목요일,광주광역시 북구 오치동,경상사고,0,0,6,0,차대차 - 추돌,안전운전불이행,건조,맑음,단일로 - 기타,승용,남,56세,상해없음,승용,여,48세,경상
2022042100100379,2022년 4월 21일 17시,목요일,광주광역시 서구 쌍촌동,경상사고,0,0,1,0,차대사람 - 기타,보행자보호의무위반,건조,맑음,교차로 - 교차로횡단보도내,승용,여,66세,상해없음,보행자,여,60세,경상
2022042100100380,2022년 4월 21일 17시,목요일,광주광역시 남구 주월동,경상사고,0,0,1,0,차대차 - 측면충돌,교차로운행방법위반,건조,맑음,교차로 - 교차로안,승용,남,77세,상해없음,원동기,남,58세,경상
2022042100100490,2022년 4월 21일 20시,목요일,광주광역시 광산구 장덕동,경상사고,0,0,2,0,차대차 - 추돌,안전운전불이행,건조,맑음,단일로 - 기타,승용,남,38세,상해없음,승용,남,54세,경상
2022042100100491,2022년 4월 21일 20시,목요일,광주광역시 광산구 운수동,경상사고,0,0,1,0,차대차 - 기타,신호위반,건조,맑음,교차로 - 교차로안,승용,남,61세,상해없음,승용,남,35세,경상
2022042200100023,2022년 4월 22일 01시,금요일,광주광역시 광산구 신촌동,중상사고,0,1,0,0,차대차 - 측면충돌,신호위반,건조,맑음,교차로 - 교차로안,승용,남,63세,상해없음,이륜,남,48세,중상
2022042200100056,2022년 4월 22일 06시,금요일,광주광역시 남구 방림동,경상사고,0,0,1,0,차대차 - 기타,안전거리미확보,건조,맑음,단일로 - 기타,승용,여,67세,상해없음,승용,여,52세,경상
2022042200100057,2022년 4월 22일 06시,금요일,광주광역시 광산구 월계동,중상사고,0,1,0,0,차대차 - 기타,신호위반,건조,맑음,교차로 - 교차로안,승용,남,30세,기타불명,승용,남,55세,중상
2022042200100077,2022년 4월 22일 07시,금요일,광주광역시 북구 양산동,경상사고,0,0,1,0,차대차 - 기타,안전운전불이행,건조,맑음,단일로 - 기타,승용,남,47세,상해없음,승용,여,47세,경상
2022042200100078,2022년 4월 22일 07시,금요일,광주광역시 광산구 신가동,경상사고,0,0,1,0,차대차 - 측면충돌,교차로운행방법위반,건조,맑음,교차로 - 교차로안,승합,남,47세,상해없음,승용,남,42세,경상
2022042200100111,2022년 4월 22일 08시,금요일,광주광역시 동구 산수동,경상사고,0,0,1,0,차대차 - 기타,직진우회전진행방해,건조,맑음,교차로 - 교차로안,승용,남,23세,상해없음,승용,여,60세,경상
2022042200100112,2022년 4월 22일 08시,금요일,광주광역시 서구 화정동,경상사고,0,0,2,1,차대차 - 추돌,안전운전불이행,건조,맑음,단일로 - 기타,승용,남,77세,상해없음,승용,여,58세,경상
2022042200100113,2022년 4월 22일 08시,금요일,광주광역시 서구 매월동,경상사고,0,0,3,0,차대차 - 기타,안전운전불이행,건조,맑음,교차로 - 교차로안,화물,남,61세,상해없음,승용,남,33세,경상
2022042200100114,2022년 4월 22일 08시,금요일,광주광역시 북구 매곡동,경상사고,0,0,1,0,차대차 - 측면충돌,교차로운행방법위반,건조,맑음,교차로 - 교차로안,승용,여,59세,상해없음,승용,여,41세,경상
2022042200100115,2022년 4월 22일 08시,금요일,광주광역시 광산구 오선동,경상사고,0,0,1,0,차대차 - 측면충돌,신호위반,건조,맑음,교차로 - 교차로안,승용,남,31세,상해없음,화물,남,32세,경상
2022042200100188,2022년 4월 22일 11시,금요일,광주광역시 북구 각화동,경상사고,0,0,2,1,차대차 - 측면충돌,안전거리미확보,기타,기타,단일로 - 기타,승용,남,27세,상해없음,승용,여,35세,경상
2022042200100220,2022년 4월 22일 12시,금요일,광주광역시 서구 광천동,경상사고,0,0,2,1,차대차 - 측면충돌,교차로운행방법위반,건조,맑음,교차로 - 교차로안,승용,여,21세,부상신고,승용,여,27세,경상
2022042200100286,2022년 4월 22일 14시,금요일,광주광역시 서구 치평동,경상사고,0,0,1,0,차대차 - 측면충돌,안전운전불이행,건조,맑음,교차로 - 교차로안,승용,남,52세,상해없음,이륜,남,27세,경상
2022042200100316,2022년 4월 22일 15시,금요일,광주광역시 남구 봉선동,경상사고,0,0,1,0,차대차 - 기타,안전운전불이행,건조,맑음,교차로 - 교차로안,승용,남,64세,상해없음,승용,남,61세,경상
2022042200100408,2022년 4월 22일 17시,금요일,광주광역시 북구 양산동,경상사고,0,0,2,0,차대차 - 추돌,안전운전불이행,건조,맑음,교차로 - 교차로부근,이륜,남,30세,경상,승용,남,46세,경상
2022042200100409,2022년 4월 22일 17시,금요일,광주광역시 광산구 우산동,경상사고,0,0,1,0,차대차 - 추돌,안전운전불이행,건조,맑음,단일로 - 기타,승용,여,57세,상해없음,승용,남,50세,경상
2022042200100410,2022년 4월 22일 17시,금요일,광주광역시 광산구 소촌동,경상사고,0,0,2,0,차대차 - 측면충돌,교차로운행방법위반,건조,맑음,교차로 - 교차로안,승용,남,32세,상해없음,승용,남,24세,경상
2022042200100447,2022년 4월 22일 18시,금요일,광주광역시 서구 풍암동,중상사고,0,1,0,0,차대차 - 기타,안전운전불이행,건조,맑음,교차로 - 교차로안,승용,남,43세,기타불명,이륜,남,45세,중상
2022042200100448,2022년 4월 22일 18시,금요일,광주광역시 남구 진월동,경상사고,0,0,1,0,차대차 - 정면충돌,안전운전불이행,건조,맑음,교차로 - 교차로안,승용,남,56세,상해없음,승용,남,52세,경상
2022042200100449,2022년 4월 22일 18시,금요일,광주광역시 북구 금곡동,부상신고사고,0,0,0,1,차량단독 - 전도전복 - 전도,안전운전불이행,건조,맑음,단일로 - 기타,이륜,남,23세,부상신고,,,,
2022042200100450,2022년 4월 22일 18시,금요일,광주광역시 북구 동림동,경상사고,0,0,1,0,차대차 - 측면충돌,안전운전불이행,건조,맑음,단일로 - 기타,화물,남,53세,상해없음,승용,남,23세,경상
2022042200100489,2022년 4월 22일 19시,금요일,광주광역시 광산구 장록동,경상사고,0,0,1,0,차대차 - 측면충돌,중앙선침범,건조,맑음,단일로 - 기타,개인형이동수단(PM),남,23세,경상,승용,남,60세,상해없음
2022042200100521,2022년 4월 22일 20시,금요일,광주광역시 남구 진월동,경상사고,0,0,5,0,차대차 - 측면충돌,안전운전불이행,건조,맑음,교차로 - 교차로안,승용,남,58세,상해없음,승용,남,33세,경상
2022042200100543,2022년 4월 22일 21시,금요일,광주광역시 서구 치평동,경상사고,0,0,2,0,차대차 - 추돌,안전운전불이행,건조,맑음,기타 - 기타,승용,남,57세,상해없음,승용,남,38세,경상
2022042200100566,2022년 4월 22일 22시,금요일,광주광역시 서구 쌍촌동,중상사고,0,1,0,0,차대사람 - 기타,안전운전불이행,건조,맑음,교차로 - 교차로부근,승용,남,35세,상해없음,보행자,남,23세,중상
2022042200100586,2022년 4월 22일 23시,금요일,광주광역시 북구 용봉동,경상사고,0,0,1,0,차대사람 - 차도통행중,안전운전불이행,건조,맑음,단일로 - 기타,승용,남,51세,상해없음,보행자,남,56세,경상
2022042300100035,2022년 4월 23일 02시,토요일,광주광역시 북구 용전동,경상사고,0,0,2,0,차량단독 - 도로외이탈 - 추락,안전운전불이행,기타,기타,단일로 - 기타,화물,남,33세,경상,,,,
2022042300100036,2022년 4월 23일 02시,토요일,광주광역시 광산구 우산동,경상사고,0,0,1,0,차대차 - 기타,안전운전불이행,젖음/습기,비,단일로 - 기타,승용,여,56세,상해없음,이륜,남,21세,경상
2022042300100051,2022년 4월 23일 04시,토요일,광주광역시 북구 문흥동,경상사고,0,0,2,0,차대차 - 측면충돌,신호위반,건조,맑음,교차로 - 교차로안,승용,여,49세,기타불명,승용,여,47세,경상
2022042300100090,2022년 4월 23일 08시,토요일,광주광역시 북구 우산동,경상사고,0,0,2,0,차량단독 - 공작물충돌,안전운전불이행,건조,맑음,단일로 - 기타,화물,남,66세,경상,,,,
2022042300100172,2022년 4월 23일 11시,토요일,광주광역시 북구 운암동,경상사고,0,0,1,0,차대차 - 측면충돌,신호위반,건조,맑음,교차로 - 교차로안,승용,남,40세,상해없음,승용,여,47세,경상
2022042300100173,2022년 4월 23일 11시,토요일,광주광역시 북구 각화동,중상사고,0,1,0,0,차대차 - 기타,안전운전불이행,건조,맑음,단일로 - 기타,자전거,남,78세,중상,승용,남,57세,상해없음
2022042300100200,2022년 4월 23일 12시,토요일,광주광역시 서구 양동,중상사고,0,1,0,0,차대사람 - 기타,안전운전불이행,건조,맑음,단일로 - 기타,자전거,남,57세,상해없음,보행자,여,62세,중상
2022042300100201,2022년 4월 23일 12시,토요일,광주광역시 북구 운암동,경상사고,0,0,1,0,차대사람 - 기타,안전운전불이행,건조,맑음,단일로 - 기타,화물,남,61세,상해없음,보행자,여,56세,경상
2022042300100239,2022년 4월 23일 13시,토요일,광주광역시 서구 치평동,중상사고,0,1,0,0,차대차 - 기타,안전거리미확보,건조,맑음,교차로 - 교차로부근,승용,남,73세,상해없음,이륜,남,45세,중상
2022042300100240,2022년 4월 23일 13시,토요일,광주광역시 광산구 신가동,경상사고,0,0,2,0,차대차 - 추돌,안전운전불이행,건조,맑음,교차로 - 교차로부근,화물,여,53세,상해없음,승용,남,43세,경상
2022042300100355,2022년 4월 23일 16시,토요일,광주광역시 북구 문흥동,경상사고,0,0,1,0,차대차 - 측면충돌,안전운전불이행,건조,맑음,주차장 - 주차장,자전거,남,8세,경상,승용,여,22세,상해없음
2022042300100386,2022년 4월 23일 17시,토요일,광주광역시 서구 농성동,경상사고,0,0,1,0,차대차 - 측면충돌,신호위반,건조,맑음,교차로 - 교차로안,승용,남,29세,상해없음,이륜,남,19세,경상
2022042300100387,2022년 4월 23일 17시,토요일,광주광역시 광산구 월전동,경상사고,0,0,2,0,차대차 - 기타,안전운전불이행,건조,맑음,단일로 - 기타,승용,남,22세,기타불명,승용,남,57세,경상
2022042300100388,2022년 4월 23일 17시,토요일,광주광역시 광산구 장덕동,경상사고,0,0,1,0,차대차 - 추돌,안전운전불이행,건조,맑음,교차로 - 교차로부근,승용,여,50세,상해없음,승용,남,47세,경상