사고번호,사고일시,요일,시군구,사고내용,사망자수,중상자수,경상자수,부상신고자수,사고유형,법규위반,노면상태,기상상태,도로형태,가해운전자 차종,가해운전자 성별,가해운전자 연령,가해운전자 상해정도,피해운전자 차종,피해운전자 성별,피해운전자 연령,피해운전자 상해정도
2022042300100555,2022년 4월 23일 23시,토요일,광주광역시 서구 금호동,경상사고,0,0,1,0,차대사람 - 횡단중,신호위반,건조,맑음,교차로 - 교차로횡단보도내,이륜,남,62세,상해없음,보행자,여,18세,경상
2022042400100017,2022년 4월 24일 00시,일요일,광주광역시 북구 운암동,경상사고,0,0,1,0,차량단독 - 기타,안전운전불이행,건조,맑음,교차로 - 교차로횡단보도내,승용,남,55세,상해없음,,,,
2022042400100018,2022년 4월 24일 00시,일요일,광주광역시 광산구 송정동,경상사고,0,0,1,0,차대차 - 측면충돌,안전운전불이행,건조,맑음,단일로 - 기타,승용,남,62세,상해없음,승용,남,35세,상해없음
2022042400100084,2022년 4월 24일 08시,일요일,광주광역시 광산구 월계동,경상사고,0,0,1,0,차대차 - 기타,안전운전불이행,건조,맑음,주차장 - 주차장,승용,여,26세,상해없음,승용,여,47세,경상
2022042400100188,2022년 4월 24일 13시,일요일,광주광역시 서구 화정동,경상사고,0,0,1,0,차대차 - 기타,안전운전불이행,건조,맑음,교차로 - 교차로안,승용,여,75세,상해없음,자전거,여,17세,경상
2022042400100189,2022년 4월 24일 13시,일요일,광주광역시 광산구 송정동,경상사고,0,0,1,0,차대차 - 측면충돌,차로위반,건조,맑음,교차로 - 교차로안,승용,여,37세,상해없음,승합,남,63세,경상
2022042400100215,2022년 4월 24일 14시,일요일,광주광역시 서구 치평동,경상사고,0,0,3,0,차대차 - 기타,교차로운행방법위반,건조,맑음,교차로 - 교차로안,승용,남,51세,경상,승용,남,48세,경상
2022042400100216,2022년 4월 24일 14시,일요일,광주광역시 서구 광천동,경상사고,0,0,2,0,차대차 - 측면충돌,안전운전불이행,건조,맑음,교차로 - 교차로안,승용,여,33세,경상,승용,남,81세,경상
2022042400100217,2022년 4월 24일 14시,일요일,광주광역시 남구 양림동,경상사고,0,0,2,0,차대차 - 측면충돌,안전운전불이행,건조,맑음,단일로 - 기타,승용,남,69세,상해없음,승용,남,41세,경상
2022042400100263,2022년 4월 24일 15시,일요일,광주광역시 광산구 월곡동,경상사고,0,0,1,0,차대차 - 측면충돌,안전운전불이행,건조,맑음,단일로 - 기타,승용,여,24세,상해없음,화물,남,30세,경상
2022042400100290,2022년 4월 24일 16시,일요일,광주광역시 광산구 하남동,중상사고,0,1,1,0,차대차 - 측면충돌,안전운전불이행,건조,맑음,교차로 - 교차로부근,개인형이동수단(PM),여,13세,경상,승합,남,39세,상해없음
2022042400100350,2022년 4월 24일 18시,일요일,광주광역시 서구 화정동,경상사고,0,0,1,0,차량단독 - 기타,안전운전불이행,건조,맑음,교차로 - 교차로부근,이륜,남,59세,경상,,,,
2022042400100402,2022년 4월 24일 20시,일요일,광주광역시 광산구 신촌동,경상사고,0,0,9,0,차대차 - 추돌,안전운전불이행,건조,맑음,단일로 - 기타,승용,남,33세,상해없음,승용,여,44세,경상
2022042400100449,2022년 4월 24일 23시,일요일,광주광역시 동구 학동,경상사고,0,0,2,0,차대차 - 추돌,안전운전불이행,건조,맑음,단일로 - 기타,승용,남,37세,상해없음,승용,남,26세,경상
2022042500100012,2022년 4월 25일 01시,월요일,광주광역시 동구 학동,경상사고,0,0,1,0,차대차 - 측면충돌,안전운전불이행,건조,맑음,단일로 - 고가도로위,이륜,남,51세,상해없음,이륜,남,26세,경상
2022042500100145,2022년 4월 25일 09시,월요일,광주광역시 북구 중흥동,경상사고,0,0,2,0,차대차 - 기타,안전운전불이행,건조,맑음,교차로 - 교차로부근,승용,남,69세,상해없음,화물,남,51세,경상
2022042500100175,2022년 4월 25일 10시,월요일,광주광역시 북구 운암동,경상사고,0,0,1,0,차대차 - 측면충돌,안전운전불이행,건조,맑음,단일로 - 기타,승합,남,47세,상해없음,승용,여,44세,경상
2022042500100206,2022년 4월 25일 11시,월요일,광주광역시 광산구 우산동,경상사고,0,0,3,0,차대차 - 추돌,안전운전불이행,건조,맑음,단일로 - 교량,승용,남,69세,상해없음,승용,여,64세,경상
2022042500100235,2022년 4월 25일 12시,월요일,광주광역시 광산구 대산동,경상사고,0,0,1,0,차대차 - 측면충돌,안전운전불이행,건조,맑음,주차장 - 주차장,승용,여,46세,상해없음,승용,여,53세,경상
2022042500100273,2022년 4월 25일 13시,월요일,광주광역시 남구 양림동,경상사고,0,0,1,0,차대차 - 측면충돌,신호위반,건조,맑음,교차로 - 교차로안,승용,남,30세,상해없음,승용,여,46세,경상
2022042500100358,2022년 4월 25일 15시,월요일,광주광역시 남구 봉선동,경상사고,0,0,1,0,차대차 - 측면충돌,직진우회전진행방해,건조,맑음,교차로 - 교차로안,승용,여,59세,상해없음,승용,남,34세,경상
2022042500100359,2022년 4월 25일 15시,월요일,광주광역시 광산구 송정동,경상사고,0,0,1,0,차대차 - 측면충돌,안전운전불이행,건조,맑음,단일로 - 기타,화물,남,52세,상해없음,승용,여,40세,경상
2022042500100447,2022년 4월 25일 17시,월요일,광주광역시 서구 금호동,경상사고,0,0,1,0,차대차 - 기타,교차로운행방법위반,건조,맑음,교차로 - 교차로부근,승용,남,30세,상해없음,승용,여,41세,경상
2022042500100485,2022년 4월 25일 18시,월요일,광주광역시 광산구 수완동,경상사고,0,0,2,0,차대차 - 측면충돌,안전운전불이행,건조,맑음,단일로 - 기타,승용,남,34세,상해없음,승용,남,31세,경상
2022042500100578,2022년 4월 25일 21시,월요일,광주광역시 동구 궁동,경상사고,0,0,1,0,차대차 - 정면충돌,안전운전불이행,젖음/습기,비,교차로 - 교차로안,화물,여,25세,상해없음,이륜,남,39세,경상
2022042500100579,2022년 4월 25일 21시,월요일,광주광역시 서구 내방동,부상신고사고,0,0,0,3,차대차 - 측면충돌,신호위반,젖음/습기,비,교차로 - 교차로안,이륜,남,27세,상해없음,승용,남,22세,부상신고
2022042500100580,2022년 4월 25일 21시,월요일,광주광역시 북구 운암동,경상사고,0,0,2,0,차대사람 - 보도통행중,보행자보호의무위반,젖음/습기,비,교차로 - 교차로횡단보도내,승용,남,53세,상해없음,보행자,남,52세,경상
2022042500100599,2022년 4월 25일 22시,월요일,광주광역시 서구 쌍촌동,경상사고,0,0,2,0,차대차 - 추돌,안전운전불이행,젖음/습기,흐림,단일로 - 기타,승용,남,24세,상해없음,승용,여,54세,경상
2022042600100017,2022년 4월 26일 00시,화요일,광주광역시 서구 유촌동,경상사고,0,0,2,1,차대차 - 기타,안전운전불이행,젖음/습기,비,단일로 - 기타,승용,남,49세,부상신고,승용,남,58세,경상
2022042600100073,2022년 4월 26일 06시,화요일,광주광역시 북구 두암동,경상사고,0,0,1,0,차대차 - 측면충돌,안전운전불이행,젖음/습기,비,단일로 - 기타,화물,남,42세,상해없음,화물,남,48세,경상
2022042600100094,2022년 4월 26일 07시,화요일,광주광역시 서구 치평동,중상사고,0,1,1,0,차대차 - 기타,중앙선침범,젖음/습기,비,단일로 - 기타,승용,여,56세,경상,승용,남,52세,중상
2022042600100095,2022년 4월 26일 07시,화요일,광주광역시 서구 화정동,경상사고,0,0,1,0,차대차 - 기타,안전운전불이행,젖음/습기,비,교차로 - 교차로부근,승용,남,24세,상해없음,승용,남,39세,경상
2022042600100135,2022년 4월 26일 08시,화요일,광주광역시 북구 일곡동,중상사고,0,1,0,0,차대사람 - 횡단중,안전운전불이행,젖음/습기,비,교차로 - 교차로안,승용,남,43세,상해없음,보행자,남,22세,중상
2022042600100303,2022년 4월 26일 13시,화요일,광주광역시 서구 광천동,경상사고,0,0,1,2,차대차 - 기타,안전운전불이행,건조,맑음,교차로 - 교차로부근,승용,남,56세,상해없음,승용,여,43세,부상신고
2022042600100304,2022년 4월 26일 13시,화요일,광주광역시 남구 월산동,경상사고,0,0,1,0,차대차 - 측면충돌,안전거리미확보,건조,맑음,단일로 - 기타,승용,남,74세,상해없음,승용,남,48세,경상
2022042600100305,2022년 4월 26일 13시,화요일,광주광역시 북구 매곡동,경상사고,0,0,2,0,차대차 - 측면충돌,안전운전불이행,건조,맑음,교차로 - 교차로부근,승용,여,53세,경상,승용,남,48세,경상
2022042600100331,2022년 4월 26일 14시,화요일,광주광역시 서구 매월동,부상신고사고,0,0,0,1,차량단독 - 전도전복 - 전도,안전운전불이행,젖음/습기,흐림,단일로 - 기타,이륜,남,51세,부상신고,,,,
2022042600100386,2022년 4월 26일 16시,화요일,광주광역시 남구 봉선동,경상사고,0,0,1,0,차대차 - 측면충돌,안전운전불이행,건조,맑음,교차로 - 교차로안,화물,남,45세,상해없음,승용,여,40세,경상
2022042600100449,2022년 4월 26일 18시,화요일,광주광역시 북구 오치동,경상사고,0,0,1,0,차대차 - 기타,중앙선침범,건조,맑음,교차로 - 교차로부근,승용,남,43세,상해없음,이륜,남,38세,경상
2022042600100450,2022년 4월 26일 18시,화요일,광주광역시 북구 매곡동,경상사고,0,0,2,0,차대차 - 추돌,안전운전불이행,건조,맑음,교차로 - 교차로안,승용,여,50세,기타불명,승용,남,57세,경상
2022042600100473,2022년 4월 26일 19시,화요일,광주광역시 남구 봉선동,중상사고,0,1,0,0,차대사람 - 횡단중,안전운전불이행,건조,맑음,단일로 - 기타,승용,여,50세,기타불명,보행자,여,72세,중상
2022042600100474,2022년 4월 26일 19시,화요일,광주광역시 북구 일곡동,경상사고,0,0,1,0,차대차 - 추돌,안전거리미확보,건조,맑음,교차로 - 교차로부근,이륜,남,28세,상해없음,승용,남,56세,경상
2022042600100475,2022년 4월 26일 19시,화요일,광주광역시 광산구 운남동,경상사고,0,0,1,0,차대사람 - 횡단중,안전운전불이행,건조,맑음,단일로 - 기타,승용,남,51세,상해없음,보행자,여,16세,경상
2022042600100557,2022년 4월 26일 23시,화요일,광주광역시 남구 주월동,경상사고,0,0,1,0,차대차 - 정면충돌,중앙선침범,건조,맑음,교차로 - 교차로부근,승용,남,48세,상해없음,승용,남,23세,경상
2022042600100558,2022년 4월 26일 23시,화요일,광주광역시 남구 봉선동,경상사고,0,0,1,0,차대차 - 기타,신호위반,건조,맑음,단일로 - 기타,승용,남,75세,상해없음,개인형이동수단(PM),남,18세,경상
2022042700100051,2022년 4월 27일 06시,수요일,광주광역시 서구 풍암동,경상사고,0,0,1,0,차대차 - 측면충돌,신호위반,건조,맑음,교차로 - 교차로안,승용,남,50세,상해없음,승용,여,45세,경상
2022042700100189,2022년 4월 27일 10시,수요일,광주광역시 서구 유촌동,경상사고,0,0,1,0,차대차 - 기타,안전운전불이행,건조,맑음,교차로 - 교차로안,화물,남,41세,상해없음,자전거,남,62세,경상
2022042700100213,2022년 4월 27일 11시,수요일,광주광역시 북구 우산동,중상사고,0,1,0,0,차대사람 - 기타,안전운전불이행,건조,맑음,기타 - 기타,승용,남,68세,상해없음,보행자,여,66세,중상
2022042700100240,2022년 4월 27일 12시,수요일,광주광역시 북구 용봉동,중상사고,0,1,3,0,차대차 - 측면충돌,교차로운행방법위반,건조,맑음,교차로 - 교차로안,승용,남,32세,중상,이륜,남,34세,경상
2022042700100285,2022년 4월 27일 13시,수요일,광주광역시 북구 두암동,경상사고,0,0,1,0,차대사람 - 차도통행중,안전운전불이행,건조,맑음,단일로 - 기타,승용,남,48세,상해없음,보행자,여,37세,경상
2022042700100286,2022년 4월 27일 13시,수요일,광주광역시 광산구 장수동,경상사고,0,0,1,0,차량단독 - 기타,안전운전불이행,건조,맑음,교차로 - 교차로부근,사륜오토바이(ATV),남,76세,경상,,,,
2022042700100398,2022년 4월 27일 16시,수요일,광주광역시 남구 백운동,경상사고,0,0,1,0,차대사람 - 횡단중,신호위반,건조,맑음,단일로 - 기타,이륜,남,23세,상해없음,보행자,여,55세,경상
2022042700100434,2022년 4월 27일 17시,수요일,광주광역시 북구 중흥동,경상사고,0,0,1,0,차대차 - 측면충돌,중앙선침범,건조,맑음,단일로 - 기타,자전거,남,61세,경상,승용,남,53세,상해없음
2022042700100435,2022년 4월 27일 17시,수요일,광주광역시 광산구 신가동,경상사고,0,0,1,0,차대차 - 측면충돌,신호위반,건조,맑음,교차로 - 교차로안,승용,남,20세,기타불명,승용,남,35세,경상
2022042700100436,2022년 4월 27일 17시,수요일,광주광역시 광산구 오선동,경상사고,0,0,2,0,차대차 - 측면충돌,차로위반,건조,맑음,교차로 - 교차로안,승용,여,36세,상해없음,화물,남,59세,경상
2022042700100437,2022년 4월 27일 17시,수요일,광주광역시 광산구 송정동,경상사고,0,0,2,0,차대차 - 추돌,안전운전불이행,건조,맑음,단일로 - 기타,화물,남,20세,상해없음,화물,남,28세,경상
2022042700100484,2022년 4월 27일 18시,수요일,광주광역시 북구 양산동,경상사고,0,0,1,0,차대차 - 측면충돌,안전운전불이행,건조,맑음,단일로 - 기타,승용,여,42세,상해없음,개인형이동수단(PM),남,56세,경상
2022042700100485,2022년 4월 27일 18시,수요일,광주광역시 광산구 장덕동,경상사고,0,0,1,0,차대차 - 기타,안전운전불이행,건조,맑음,교차로 - 교차로안,승용,남,43세,상해없음,승용,남,26세,경상
2022042700100517,2022년 4월 27일 19시,수요일,광주광역시 서구 치평동,경상사고,0,0,1,0,차대차 - 측면충돌,중앙선침범,건조,맑음,단일로 - 기타,승용,남,50세,상해없음,승용,여,28세,경상
2022042700100559,2022년 4월 27일 21시,수요일,광주광역시 서구 화정동,경상사고,0,0,1,0,차대차 - 기타,안전운전불이행,건조,맑음,교차로 - 교차로안,이륜,남,26세,경상,승용,남,65세,상해없음
2022042700100584,2022년 4월 27일 22시,수요일,광주광역시 북구 운암동,경상사고,0,0,1,0,차대차 - 정면충돌,안전운전불이행,건조,맑음,단일로 - 기타,승용,남,47세,상해없음,승용,남,28세,경상
2022042700100585,2022년 4월 27일 22시,수요일,광주광역시 북구 용봉동,경상사고,0,0,1,0,차대차 - 후진중충돌,안전운전불이행,건조,맑음,기타 - 기타,승용,남,53세,상해없음,이륜,남,27세,경상
2022042700100606,2022년 4월 27일 23시,수요일,광주광역시 광산구 신가동,중상사고,0,2,0,0,차대차 - 측면충돌,안전운전불이행,건조,맑음,교차로 - 교차로안,승용,남,41세,기타불명,이륜,남,43세,중상
2022042800100020,2022년 4월 28일 01시,목요일,광주광역시 동구 계림동,경상사고,0,0,1,0,차대차 - 추돌,안전거리미확보,건조,맑음,단일로 - 기타,화물,남,56세,상해없음,승용,여,51세,경상
2022042800100114,2022년 4월 28일 08시,목요일,광주광역시 동구 산수동,중상사고,0,1,0,0,차량단독 - 기타,안전운전불이행,건조,맑음,교차로 - 교차로부근,승합,남,52세,상해없음,,,,
2022042800100115,2022년 4월 28일 08시,목요일,광주광역시 남구 주월동,경상사고,0,0,1,0,차대사람 - 횡단중,안전운전불이행,건조,맑음,단일로 - 기타,승용,남,73세,상해없음,보행자,여,11세,경상
2022042800100116,2022년 4월 28일 08시,목요일,광주광역시 광산구 운남동,경상사고,0,0,1,0,차대차 - 측면충돌,안전운전불이행,건조,맑음,교차로 - 교차로안,기타불명,남,57세,경상,승용,여,59세,상해없음
2022042800100117,2022년 4월 28일 08시,목요일,광주광역시 광산구 산정동,경상사고,0,0,2,0,차대차 - 기타,안전운전불이행,건조,맑음,단일로 - 기타,화물,남,47세,경상,승용,남,35세,경상
2022042800100147,2022년 4월 28일 09시,목요일,광주광역시 북구 중흥동,경상사고,0,0,1,0,차대차 - 측면충돌,안전운전불이행,건조,흐림,단일로 - 기타,개인형이동수단(PM),남,22세,경상,승용,남,45세,상해없음
2022042800100148,2022년 4월 28일 09시,목요일,광주광역시 광산구 월계동,경상사고,0,0,2,0,차대차 - 측면충돌,안전운전불이행,건조,맑음,단일로 - 기타,승용,여,32세,경상,승용,여,53세,경상
2022042800100185,2022년 4월 28일 10시,목요일,광주광역시 북구 임동,경상사고,0,0,2,0,차대차 - 측면충돌,안전거리미확보,건조,맑음,교차로 - 교차로부근,승용,남,23세,상해없음,승용,남,37세,경상
2022042800100319,2022년 4월 28일 14시,목요일,광주광역시 북구 임동,경상사고,0,0,1,0,차대차 - 측면충돌,교차로운행방법위반,건조,맑음,교차로 - 교차로안,승용,여,52세,상해없음,승용,여,29세,경상
2022042800100353,2022년 4월 28일 15시,목요일,광주광역시 동구 장동,경상사고,0,0,1,0,차대차 - 기타,안전운전불이행,건조,맑음,단일로 - 기타,개인형이동수단(PM),여,13세,상해없음,자전거,남,38세,경상
2022042800100354,2022년 4월 28일 15시,목요일,광주광역시 서구 유촌동,경상사고,0,0,1,0,차대차 - 측면충돌,안전운전불이행,건조,맑음,단일로 - 기타,화물,남,64세,상해없음,승용,남,45세,경상
2022042800100355,2022년 4월 28일 15시,목요일,광주광역시 북구 각화동,경상사고,0,0,1,0,차대차 - 측면충돌,안전운전불이행,건조,맑음,단일로 - 기타,승용,여,66세,상해없음,자전거,남,73세,경상
2022042800100390,2022년 4월 28일 16시,목요일,광주광역시 동구 불로동,경상사고,0,0,1,0,차대차 - 측면충돌,안전운전불이행,건조,맑음,단일로 - 기타,승용,남,61세,상해없음,승용,남,64세,경상
2022042800100391,2022년 4월 28일 16시,목요일,광주광역시 남구 백운동,중상사고,0,1,0,0,차대차 - 후진중충돌,안전운전불이행,건조,맑음,단일로 - 기타,화물,남,35세,상해없음,자전거,여,83세,중상
2022042800100432,2022년 4월 28일 17시,목요일,광주광역시 북구 오룡동,경상사고,0,0,1,0,차대차 - 측면충돌,기타,건조,맑음,교차로 - 교차로안,이륜,남,18세,경상,승용,남,36세,상해없음
2022042800100433,2022년 4월 28일 17시,목요일,광주광역시 북구 양산동,경상사고,0,0,1,0,차대차 - 기타,기타,건조,맑음,기타 - 기타,화물,남,45세,상해없음,이륜,남,56세,경상
2022042800100501,2022년 4월 28일 19시,목요일,광주광역시 북구 우산동,경상사고,0,0,1,0,차대사람 - 기타,안전운전불이행,건조,맑음,단일로 - 기타,승용,남,35세,상해없음,보행자,여,13세,경상
2022042800100502,2022년 4월 28일 19시,목요일,광주광역시 광산구 월곡동,경상사고,0,0,1,0,차대차 - 측면충돌,안전거리미확보,건조,맑음,단일로 - 기타,승합,남,27세,상해없음,이륜,남,25세,경상
2022042800100545,2022년 4월 28일 20시,목요일,광주광역시 서구 치평동,경상사고,0,0,2,0,차대차 - 기타,안전운전불이행,건조,맑음,교차로 - 교차로안,승용,여,46세,상해없음,승용,남,58세,경상
2022042800100546,2022년 4월 28일 20시,목요일,광주광역시 북구 용봉동,경상사고,0,0,1,0,차대사람 - 길가장자리구역통행중,안전운전불이행,건조,맑음,단일로 - 기타,승용,남,26세,상해없음,보행자,남,41세,경상
2022042800100605,2022년 4월 28일 23시,목요일,광주광역시 광산구 소촌동,경상사고,0,0,2,0,차대차 - 기타,안전거리미확보,건조,맑음,단일로 - 기타,승용,여,56세,상해없음,이륜,남,17세,경상
2022042900100009,2022년 4월 29일 00시,금요일,광주광역시 광산구 선암동,중상사고,0,1,1,0,차대차 - 측면충돌,중앙선침범,건조,맑음,단일로 - 기타,승용,여,32세,중상,화물,남,43세,경상
2022042900100027,2022년 4월 29일 01시,금요일,광주광역시 동구 광산동,경상사고,0,0,2,0,차대차 - 기타,중앙선침범,서리/결빙,맑음,단일로 - 기타,승용,남,33세,상해없음,승용,남,57세,상해없음
2022042900100028,2022년 4월 29일 01시,금요일,광주광역시 서구 치평동,경상사고,0,0,1,0,차대차 - 추돌,안전운전불이행,젖음/습기,비,교차로 - 교차로부근,이륜,남,50세,경상,승용,여,56세,상해없음
2022042900100046,2022년 4월 29일 03시,금요일,광주광역시 북구 임동,중상사고,0,1,1,0,차대사람 - 횡단중,신호위반,젖음/습기,비,교차로 - 교차로횡단보도내,승용,남,51세,상해없음,보행자,남,27세,중상
2022042900100105,2022년 4월 29일 07시,금요일,광주광역시 북구 각화동,경상사고,0,0,1,0,차대차 - 기타,신호위반,젖음/습기,비,교차로 - 교차로안,승용,남,60세,상해없음,승용,여,29세,경상
2022042900100162,2022년 4월 29일 08시,금요일,광주광역시 북구 신안동,경상사고,0,0,1,0,차대사람 - 횡단중,보행자보호의무위반,젖음/습기,비,교차로 - 교차로횡단보도내,승합,남,57세,상해없음,보행자,남,15세,경상
2022042900100187,2022년 4월 29일 09시,금요일,광주광역시 남구 백운동,경상사고,0,0,1,0,차대차 - 정면충돌,안전운전불이행,건조,맑음,교차로 - 교차로안,승용,여,31세,상해없음,승용,남,78세,경상
2022042900100222,2022년 4월 29일 10시,금요일,광주광역시 서구 화정동,경상사고,0,0,1,0,차대사람 - 기타,신호위반,건조,맑음,교차로 - 교차로안,승용,남,50세,상해없음,보행자,여,58세,경상
2022042900100280,2022년 4월 29일 12시,금요일,광주광역시 북구 매곡동,중상사고,0,1,0,0,차량단독 - 기타,안전운전불이행,건조,맑음,교차로 - 교차로안,승합,남,58세,상해없음,,,,
2022042900100395,2022년 4월 29일 15시,금요일,광주광역시 광산구 소촌동,경상사고,0,0,1,0,차대차 - 기타,안전거리미확보,건조,맑음,단일로 - 기타,승용,남,48세,상해없음,승용,남,66세,경상
2022042900100396,2022년 4월 29일 15시,금요일,광주광역시 광산구 오선동,경상사고,0,0,1,0,차대차 - 측면충돌,안전운전불이행,건조,맑음,교차로 - 교차로안,화물,남,50세,상해없음,화물,남,30세,경상
2022042900100463,2022년 4월 29일 17시,금요일,광주광역시 서구 화정동,경상사고,0,0,1,0,차대차 - 기타,신호위반,건조,맑음,교차로 - 교차로안,승용,남,47세,상해없음,승용,남,57세,상해없음
2022042900100464,2022년 4월 29일 17시,금요일,광주광역시 서구 세하동,중상사고,0,1,4,0,차대차 - 추돌,안전운전불이행,건조,맑음,단일로 - 기타,승용,여,51세,상해없음,승용,남,39세,경상
2022042900100465,2022년 4월 29일 17시,금요일,광주광역시 남구 방림동,경상사고,0,0,1,0,차대차 - 측면충돌,안전운전불이행,건조,맑음,교차로 - 교차로안,승용,여,36세,상해없음,승용,남,26세,경상
2022042900100507,2022년 4월 29일 18시,금요일,광주광역시 서구 치평동,부상신고사고,0,0,0,1,차대차 - 측면충돌,신호위반,건조,맑음,교차로 - 교차로부근,이륜,남,48세,상해없음,승용,남,24세,부상신고
2022042900100508,2022년 4월 29일 18시,금요일,광주광역시 서구 화정동,경상사고,0,0,1,0,차대사람 - 기타,안전운전불이행,건조,맑음,기타 - 기타,개인형이동수단(PM),여,22세,상해없음,보행자,여,30세,경상
2022042900100509,2022년 4월 29일 18시,금요일,광주광역시 남구 양촌동,경상사고,0,0,1,0,차대차 - 기타,안전운전불이행,건조,맑음,단일로 - 기타,승용,남,71세,상해없음,승용,여,61세,경상
2022042900100510,2022년 4월 29일 18시,금요일,광주광역시 북구 운암동,경상사고,0,0,1,0,차대차 - 정면충돌,교차로운행방법위반,건조,맑음,교차로 - 교차로부근,승용,남,64세,상해없음,자전거,남,8세,경상
2022042900100511,2022년 4월 29일 18시,금요일,광주광역시 북구 두암동,경상사고,0,0,1,0,차대차 - 기타,안전거리미확보,건조,맑음,교차로 - 교차로부근,승용,남,65세,상해없음,이륜,남,23세,경상
2022042900100579,2022년 4월 29일 20시,금요일,광주광역시 광산구 소촌동,경상사고,0,0,2,0,차대차 - 측면충돌,차로위반,건조,맑음,단일로 - 기타,승용,남,59세,상해없음,승용,남,48세,경상
2022042900100580,2022년 4월 29일 20시,금요일,광주광역시 광산구 수완동,경상사고,0,0,1,0,차대차 - 측면충돌,직진우회전진행방해,건조,맑음,교차로 - 교차로안,승용,남,33세,상해없음,원동기,남,24세,경상
2022042900100608,2022년 4월 29일 21시,금요일,광주광역시 광산구 신창동,경상사고,0,0,1,0,차대차 - 측면충돌,신호위반,건조,맑음,교차로 - 교차로부근,승용,남,49세,상해없음,승용,여,62세,상해없음
2022042900100630,2022년 4월 29일 22시,금요일,광주광역시 광산구 도천동,중상사고,0,1,4,0,차대차 - 추돌,안전운전불이행,건조,맑음,교차로 - 교차로부근,승용,남,29세,상해없음,승용,여,45세,경상
2022043000100010,2022년 4월 30일 00시,토요일,광주광역시 서구 쌍촌동,경상사고,0,0,1,0,차대사람 - 기타,안전운전불이행,건조,맑음,단일로 - 기타,승용,남,56세,상해없음,보행자,여,29세,경상
2022043000100011,2022년 4월 30일 00시,토요일,광주광역시 남구 노대동,중상사고,0,3,0,0,차대차 - 측면충돌,신호위반,건조,맑음,교차로 - 교차로안,화물,남,31세,상해없음,승용,남,66세,중상
2022043000100039,2022년 4월 30일 02시,토요일,광주광역시 남구 봉선동,경상사고,0,0,1,0,차대사람 - 기타,안전운전불이행,건조,맑음,교차로 - 교차로부근,승용,남,55세,상해없음,보행자,남,62세,경상
2022043000100090,2022년 4월 30일 08시,토요일,광주광역시 광산구 월계동,경상사고,0,0,1,0,차대차 - 측면충돌,중앙선침범,건조,맑음,교차로 - 교차로부근,승용,남,34세,상해없음,승용,남,47세,경상
2022043000100114,2022년 4월 30일 09시,토요일,광주광역시 서구 유촌동,경상사고,0,0,2,0,차대차 - 측면충돌,신호위반,건조,맑음,교차로 - 교차로안,승용,여,50세,경상,승용,여,23세,경상
2022043000100115,2022년 4월 30일 09시,토요일,광주광역시 광산구 본덕동,경상사고,0,0,2,0,차대차 - 측면충돌,안전거리미확보,건조,맑음,단일로 - 기타,승용,남,49세,상해없음,승용,남,28세,경상
2022043000100133,2022년 4월 30일 10시,토요일,광주광역시 동구 동명동,경상사고,0,0,3,0,차대차 - 기타,신호위반,건조,맑음,교차로 - 교차로안,승용,여,64세,경상,승용,남,67세,경상
2022043000100134,2022년 4월 30일 10시,토요일,광주광역시 북구 풍향동,중상사고,0,1,0,0,차대사람 - 횡단중,신호위반,건조,맑음,교차로 - 교차로횡단보도내,승합,남,34세,상해없음,보행자,여,36세,중상
2022043000100253,2022년 4월 30일 13시,토요일,광주광역시 서구 매월동,경상사고,0,0,2,0,차대차 - 기타,안전거리미확보,건조,맑음,단일로 - 기타,승용,남,69세,경상,승용,남,22세,경상
2022043000100254,2022년 4월 30일 13시,토요일,광주광역시 북구 운암동,중상사고,0,1,0,0,차대사람 - 보도통행중,기타,건조,맑음,단일로 - 기타,승용,여,37세,상해없음,보행자,남,75세,중상
2022043000100255,2022년 4월 30일 13시,토요일,광주광역시 북구 오치동,경상사고,0,0,2,0,차대차 - 측면충돌,교차로운행방법위반,건조,맑음,교차로 - 교차로안,승용,여,49세,상해없음,승용,여,31세,경상
2022043000100256,2022년 4월 30일 13시,토요일,광주광역시 광산구 월곡동,경상사고,0,0,2,0,차대차 - 추돌,안전운전불이행,건조,맑음,교차로 - 교차로부근,승용,남,33세,상해없음,승용,남,46세,경상
2022043000100331,2022년 4월 30일 15시,토요일,광주광역시 서구 쌍촌동,경상사고,0,0,4,0,차대차 - 추돌,신호위반,건조,맑음,기타 - 기타,이륜,남,43세,경상,승용,남,61세,경상
2022043000100365,2022년 4월 30일 16시,토요일,광주광역시 서구 풍암동,경상사고,0,0,2,0,차대차 - 기타,교차로운행방법위반,건조,맑음,교차로 - 교차로안,승용,남,37세,경상,화물,남,68세,상해없음
2022043000100366,2022년 4월 30일 16시,토요일,광주광역시 북구 우산동,경상사고,0,0,1,0,차대사람 - 횡단중,보행자보호의무위반,건조,맑음,교차로 - 교차로부근,승용,여,58세,상해없음,보행자,남,8세,경상