사고번호,사고일시,요일,시군구,사고내용,사망자수,중상자수,경상자수,부상신고자수,사고유형,법규위반,노면상태,기상상태,도로형태,가해운전자 차종,가해운전자 성별,가해운전자 연령,가해운전자 상해정도,피해운전자 차종,피해운전자 성별,피해운전자 연령,피해운전자 상해정도
2022043000100459,2022년 4월 30일 19시,토요일,광주광역시 북구 문흥동,부상신고사고,0,0,0,1,차대차 - 기타,안전운전불이행,건조,맑음,교차로 - 교차로안,이륜,남,49세,부상신고,승용,여,62세,상해없음
2022043000100507,2022년 4월 30일 21시,토요일,광주광역시 광산구 쌍암동,경상사고,0,0,2,0,차대차 - 측면충돌,교차로운행방법위반,건조,맑음,교차로 - 교차로안,승용,남,54세,상해없음,승용,남,35세,경상
2022043000100555,2022년 4월 30일 23시,토요일,광주광역시 북구 삼각동,경상사고,0,0,4,0,차대차 - 측면충돌,안전운전불이행,건조,맑음,교차로 - 교차로안,승용,남,58세,경상,승용,남,39세,상해없음
2022043000100556,2022년 4월 30일 23시,토요일,광주광역시 광산구 신가동,경상사고,0,0,1,0,차대차 - 측면충돌,신호위반,건조,맑음,교차로 - 교차로안,승용,남,51세,상해없음,승용,남,22세,경상
2022050100100059,2022년 5월 1일 06시,일요일,광주광역시 북구 운암동,경상사고,0,0,1,0,차대차 - 측면충돌,차로위반,기타,맑음,단일로 - 기타,승용,여,57세,상해없음,승합,남,53세,경상
2022050100100067,2022년 5월 1일 07시,일요일,광주광역시 동구 운림동,경상사고,0,0,1,0,차대차 - 기타,안전운전불이행,건조,맑음,교차로 - 교차로안,승용,여,60세,상해없음,이륜,남,59세,경상
2022050100100080,2022년 5월 1일 08시,일요일,광주광역시 서구 치평동,경상사고,0,0,1,0,차대차 - 기타,신호위반,건조,맑음,교차로 - 교차로안,화물,남,68세,상해없음,승용,남,65세,경상
2022050100100128,2022년 5월 1일 10시,일요일,광주광역시 북구 양산동,부상신고사고,0,0,0,1,차대사람 - 차도통행중,안전운전불이행,건조,맑음,단일로 - 기타,기타불명,기타불명,미분류,기타불명,보행자,여,75세,부상신고
2022050100100205,2022년 5월 1일 13시,일요일,광주광역시 북구 오치동,중상사고,0,1,0,0,차대사람 - 횡단중,보행자보호의무위반,건조,맑음,교차로 - 교차로안,승용,여,47세,상해없음,보행자,남,51세,중상
2022050100100206,2022년 5월 1일 13시,일요일,광주광역시 광산구 수완동,경상사고,0,0,1,0,차대차 - 추돌,안전운전불이행,건조,맑음,교차로 - 교차로부근,승용,남,70세,상해없음,승용,남,59세,경상
2022050100100234,2022년 5월 1일 14시,일요일,광주광역시 광산구 하남동,경상사고,0,0,1,0,차대차 - 측면충돌,안전운전불이행,건조,맑음,교차로 - 교차로안,승용,여,29세,상해없음,승용,남,67세,경상
2022050100100271,2022년 5월 1일 15시,일요일,광주광역시 서구 서창동,경상사고,0,0,1,0,차대차 - 측면충돌,교차로운행방법위반,건조,맑음,교차로 - 교차로부근,승용,남,63세,상해없음,승용,여,62세,경상
2022050100100310,2022년 5월 1일 16시,일요일,광주광역시 광산구 운남동,경상사고,0,0,1,0,차대차 - 후진중충돌,안전운전불이행,건조,맑음,주차장 - 주차장,승용,남,68세,상해없음,승용,남,26세,경상
2022050100100342,2022년 5월 1일 17시,일요일,광주광역시 북구 용전동,경상사고,0,0,2,3,차대차 - 추돌,안전운전불이행,건조,맑음,단일로 - 기타,승용,남,41세,상해없음,승용,남,63세,부상신고
2022050100100363,2022년 5월 1일 18시,일요일,광주광역시 동구 동명동,경상사고,0,0,2,0,차대차 - 기타,안전운전불이행,건조,맑음,단일로 - 기타,승용,여,27세,상해없음,승용,남,25세,경상
2022050100100364,2022년 5월 1일 18시,일요일,광주광역시 서구 치평동,경상사고,0,0,1,0,차대차 - 추돌,안전거리미확보,건조,맑음,교차로 - 교차로안,승용,남,72세,상해없음,승용,여,69세,경상
2022050100100365,2022년 5월 1일 18시,일요일,광주광역시 북구 문흥동,중상사고,0,1,0,0,차대사람 - 횡단중,보행자보호의무위반,건조,맑음,단일로 - 기타,승용,여,24세,상해없음,보행자,남,70세,중상
2022050100100389,2022년 5월 1일 19시,일요일,광주광역시 동구 동명동,경상사고,0,0,1,0,차대사람 - 차도통행중,안전운전불이행,건조,기타,단일로 - 기타,승용,남,24세,상해없음,보행자,남,23세,경상
2022050100100411,2022년 5월 1일 20시,일요일,광주광역시 북구 용봉동,경상사고,0,0,6,0,차대차 - 기타,차로위반,건조,맑음,단일로 - 기타,승용,남,57세,경상,승용,남,42세,경상
2022050100100415,2022년 5월 1일 20시,일요일,광주광역시 북구 중흥동,경상사고,0,0,1,0,차대차 - 기타,안전운전불이행,건조,맑음,교차로 - 교차로안,기타불명,기타불명,미분류,기타불명,승용,남,58세,상해없음
2022050100100448,2022년 5월 1일 22시,일요일,광주광역시 광산구 선암동,경상사고,0,0,1,0,차대사람 - 횡단중,안전운전불이행,건조,맑음,교차로 - 교차로안,승용,여,59세,상해없음,보행자,여,41세,경상
2022050100100466,2022년 5월 1일 23시,일요일,광주광역시 동구 계림동,경상사고,0,0,1,0,차대차 - 기타,안전운전불이행,건조,맑음,기타 - 기타,이륜,남,19세,상해없음,승용,남,53세,경상
2022050200100009,2022년 5월 2일 00시,월요일,광주광역시 광산구 신촌동,경상사고,0,0,1,0,차대차 - 추돌,안전운전불이행,건조,맑음,교차로 - 교차로부근,승용,남,24세,상해없음,승용,남,41세,경상
2022050200100019,2022년 5월 2일 02시,월요일,광주광역시 서구 쌍촌동,경상사고,0,0,1,0,차대차 - 기타,안전거리미확보,건조,맑음,단일로 - 기타,승용,남,36세,상해없음,승용,남,29세,경상
2022050200100025,2022년 5월 2일 04시,월요일,광주광역시 서구 벽진동,중상사고,0,2,0,0,차량단독 - 공작물충돌,안전운전불이행,건조,맑음,단일로 - 기타,승용,남,25세,중상,,,,
2022050200100043,2022년 5월 2일 06시,월요일,광주광역시 남구 송하동,경상사고,0,0,3,0,차대차 - 기타,안전운전불이행,건조,맑음,단일로 - 기타,승용,남,57세,상해없음,승용,남,48세,경상
2022050200100073,2022년 5월 2일 07시,월요일,광주광역시 남구 행암동,경상사고,0,0,2,0,차대차 - 기타,안전운전불이행,건조,맑음,교차로 - 교차로안,승용,여,38세,상해없음,승용,남,38세,경상
2022050200100114,2022년 5월 2일 08시,월요일,광주광역시 북구 신안동,경상사고,0,0,1,0,차대차 - 측면충돌,신호위반,건조,맑음,교차로 - 교차로횡단보도내,승용,여,52세,상해없음,자전거,남,48세,경상
2022050200100149,2022년 5월 2일 09시,월요일,광주광역시 동구 학동,경상사고,0,0,1,0,차대사람 - 횡단중,보행자보호의무위반,건조,맑음,교차로 - 교차로횡단보도내,승합,남,52세,상해없음,보행자,여,80세,경상
2022050200100150,2022년 5월 2일 09시,월요일,광주광역시 북구 각화동,경상사고,0,0,1,0,차대차 - 측면충돌,안전거리미확보,건조,맑음,단일로 - 기타,승용,여,62세,상해없음,승합,남,46세,경상
2022050200100185,2022년 5월 2일 10시,월요일,광주광역시 북구 두암동,중상사고,0,2,0,0,차량단독 - 기타,안전운전불이행,건조,맑음,단일로 - 기타,승용,여,62세,중상,,,,
2022050200100219,2022년 5월 2일 11시,월요일,광주광역시 북구 운암동,경상사고,0,0,1,0,차대사람 - 기타,안전운전불이행,건조,맑음,기타 - 기타,화물,남,57세,상해없음,보행자,여,72세,경상
2022050200100220,2022년 5월 2일 11시,월요일,광주광역시 광산구 우산동,경상사고,0,0,1,0,차대차 - 후진중충돌,안전운전불이행,건조,맑음,교차로 - 교차로부근,승용,여,67세,상해없음,승용,여,38세,경상
2022050200100280,2022년 5월 2일 13시,월요일,광주광역시 동구 산수동,경상사고,0,0,1,0,차대차 - 기타,기타,건조,맑음,단일로 - 기타,승용,남,28세,상해없음,개인형이동수단(PM),남,23세,경상
2022050200100281,2022년 5월 2일 13시,월요일,광주광역시 서구 덕흥동,경상사고,0,0,1,0,차대차 - 추돌,안전거리미확보,건조,맑음,단일로 - 기타,승용,남,24세,상해없음,승용,남,43세,경상
2022050200100282,2022년 5월 2일 13시,월요일,광주광역시 북구 운암동,경상사고,0,0,2,0,차대차 - 기타,안전운전불이행,건조,맑음,단일로 - 기타,승용,남,60세,상해없음,화물,남,44세,경상
2022050200100283,2022년 5월 2일 13시,월요일,광주광역시 광산구 산월동,경상사고,0,0,1,0,차대차 - 추돌,안전거리미확보,건조,맑음,교차로 - 교차로부근,승용,여,58세,상해없음,승용,여,57세,경상
2022050200100316,2022년 5월 2일 14시,월요일,광주광역시 서구 쌍촌동,경상사고,0,0,1,0,차대차 - 기타,안전운전불이행,건조,맑음,교차로 - 교차로안,승용,여,57세,상해없음,화물,남,45세,경상
2022050200100317,2022년 5월 2일 14시,월요일,광주광역시 북구 중흥동,중상사고,0,1,0,0,차대사람 - 횡단중,보행자보호의무위반,건조,맑음,교차로 - 교차로횡단보도내,승용,남,46세,상해없음,보행자,여,55세,중상
2022050200100404,2022년 5월 2일 16시,월요일,광주광역시 북구 매곡동,경상사고,0,0,1,0,차대사람 - 횡단중,안전운전불이행,건조,맑음,교차로 - 교차로부근,승용,여,57세,기타불명,보행자,남,8세,경상
2022050200100405,2022년 5월 2일 16시,월요일,광주광역시 광산구 신창동,경상사고,0,0,7,0,차대차 - 정면충돌,안전운전불이행,건조,맑음,단일로 - 기타,승용,남,65세,상해없음,승용,남,24세,경상
2022050200100446,2022년 5월 2일 17시,월요일,광주광역시 동구 지산동,경상사고,0,0,2,0,차대차 - 기타,안전운전불이행,건조,맑음,단일로 - 기타,승용,남,69세,상해없음,화물,남,44세,경상
2022050200100447,2022년 5월 2일 17시,월요일,광주광역시 서구 쌍촌동,경상사고,0,0,1,0,차대차 - 기타,안전운전불이행,건조,맑음,교차로 - 교차로안,이륜,남,31세,상해없음,승용,남,25세,경상
2022050200100448,2022년 5월 2일 17시,월요일,광주광역시 광산구 수완동,경상사고,0,0,2,0,차대차 - 측면충돌,안전운전불이행,건조,맑음,단일로 - 기타,승용,남,61세,기타불명,승용,남,23세,경상
2022050200100449,2022년 5월 2일 17시,월요일,광주광역시 광산구 수완동,부상신고사고,0,0,0,1,차대차 - 기타,안전운전불이행,건조,맑음,교차로 - 교차로횡단보도내,기타불명,기타불명,미분류,기타불명,자전거,남,10세,부상신고
2022050200100484,2022년 5월 2일 18시,월요일,광주광역시 동구 불로동,경상사고,0,0,1,0,차대사람 - 보도통행중,안전운전불이행,건조,맑음,단일로 - 기타,개인형이동수단(PM),남,18세,상해없음,보행자,여,68세,경상
2022050200100485,2022년 5월 2일 18시,월요일,광주광역시 북구 오치동,경상사고,0,0,1,0,차대사람 - 횡단중,안전운전불이행,건조,맑음,기타 - 기타,화물,남,70세,상해없음,보행자,여,43세,경상
2022050200100486,2022년 5월 2일 18시,월요일,광주광역시 광산구 산정동,경상사고,0,0,1,0,차대차 - 기타,안전운전불이행,건조,맑음,주차장 - 주차장,승용,여,34세,상해없음,승용,여,24세,경상
2022050200100487,2022년 5월 2일 18시,월요일,광주광역시 광산구 신가동,경상사고,0,0,2,0,차대차 - 측면충돌,신호위반,건조,맑음,단일로 - 기타,승용,여,26세,경상,승용,남,47세,경상
2022050200100578,2022년 5월 2일 21시,월요일,광주광역시 광산구 쌍암동,경상사고,0,0,1,0,차대차 - 측면충돌,안전거리미확보,건조,맑음,단일로 - 기타,승용,남,20세,상해없음,승용,남,54세,경상
2022050200100608,2022년 5월 2일 22시,월요일,광주광역시 남구 월산동,경상사고,0,0,1,0,차대차 - 후진중충돌,안전운전불이행,건조,맑음,주차장 - 주차장,승용,남,72세,기타불명,승용,남,50세,경상
2022050200100609,2022년 5월 2일 22시,월요일,광주광역시 북구 오치동,경상사고,0,0,3,0,차대차 - 측면충돌,안전운전불이행,건조,맑음,교차로 - 교차로부근,승용,남,35세,상해없음,승용,남,48세,경상
2022050200100617,2022년 5월 2일 23시,월요일,광주광역시 남구 봉선동,중상사고,0,1,0,0,차대차 - 기타,직진우회전진행방해,건조,맑음,교차로 - 교차로안,이륜,남,34세,중상,승용,남,62세,상해없음
2022050200100618,2022년 5월 2일 23시,월요일,광주광역시 광산구 수완동,경상사고,0,0,1,0,차대차 - 측면충돌,안전운전불이행,건조,맑음,교차로 - 교차로안,승용,남,56세,상해없음,이륜,남,57세,경상
2022050300100008,2022년 5월 3일 00시,화요일,광주광역시 북구 용봉동,경상사고,0,0,1,0,차대차 - 측면충돌,신호위반,건조,맑음,교차로 - 교차로안,승용,남,25세,상해없음,개인형이동수단(PM),남,19세,경상
2022050300100045,2022년 5월 3일 06시,화요일,광주광역시 광산구 박호동,경상사고,0,0,1,0,차대차 - 측면충돌,차로위반,건조,맑음,단일로 - 기타,화물,남,62세,상해없음,화물,남,61세,경상
2022050300100046,2022년 5월 3일 06시,화요일,광주광역시 광산구 오선동,경상사고,0,0,1,0,차대차 - 기타,안전거리미확보,건조,맑음,단일로 - 기타,승용,남,35세,상해없음,화물,남,41세,경상
2022050300100181,2022년 5월 3일 10시,화요일,광주광역시 광산구 선암동,중상사고,0,1,0,0,차대차 - 추돌,안전운전불이행,건조,맑음,단일로 - 기타,화물,남,65세,상해없음,승용,남,50세,중상
2022050300100225,2022년 5월 3일 11시,화요일,광주광역시 동구 금남로4가,중상사고,0,2,0,0,차대차 - 측면충돌,중앙선침범,건조,맑음,단일로 - 기타,이륜,남,71세,상해없음,이륜,남,23세,중상
2022050300100226,2022년 5월 3일 11시,화요일,광주광역시 서구 금호동,경상사고,0,0,1,0,차대차 - 측면충돌,안전운전불이행,건조,맑음,단일로 - 기타,승용,남,62세,상해없음,화물,남,31세,경상
2022050300100258,2022년 5월 3일 12시,화요일,광주광역시 북구 신안동,경상사고,0,0,1,0,차대차 - 측면충돌,안전운전불이행,건조,맑음,교차로 - 교차로횡단보도내,승용,남,24세,상해없음,자전거,여,56세,경상
2022050300100282,2022년 5월 3일 13시,화요일,광주광역시 동구 산수동,경상사고,0,0,1,0,차대차 - 기타,기타,건조,맑음,단일로 - 기타,화물,남,55세,상해없음,승용,여,34세,경상
2022050300100283,2022년 5월 3일 13시,화요일,광주광역시 남구 구동,경상사고,0,0,2,0,차대차 - 정면충돌,신호위반,건조,맑음,교차로 - 교차로안,승용,남,74세,상해없음,이륜,여,47세,경상
2022050300100319,2022년 5월 3일 14시,화요일,광주광역시 서구 유촌동,경상사고,0,0,1,0,차대차 - 추돌,안전운전불이행,건조,맑음,교차로 - 교차로부근,승용,여,52세,상해없음,승용,남,61세,경상
2022050300100320,2022년 5월 3일 14시,화요일,광주광역시 북구 삼각동,경상사고,0,0,1,0,차대사람 - 횡단중,보행자보호의무위반,건조,맑음,교차로 - 교차로횡단보도내,이륜,남,16세,상해없음,보행자,남,22세,경상
2022050300100321,2022년 5월 3일 14시,화요일,광주광역시 북구 삼각동,경상사고,0,0,1,0,차대차 - 측면충돌,안전운전불이행,건조,맑음,단일로 - 기타,승용,남,73세,상해없음,승용,여,49세,경상
2022050300100452,2022년 5월 3일 17시,화요일,광주광역시 동구 금남로3가,경상사고,0,0,2,0,차대차 - 추돌,안전운전불이행,건조,맑음,교차로 - 교차로부근,승용,남,23세,상해없음,승용,남,64세,경상
2022050300100583,2022년 5월 3일 21시,화요일,광주광역시 광산구 쌍암동,경상사고,0,0,1,0,차대차 - 정면충돌,안전운전불이행,건조,맑음,단일로 - 기타,승용,남,61세,상해없음,승용,남,27세,경상
2022050300100584,2022년 5월 3일 21시,화요일,광주광역시 광산구 장덕동,경상사고,0,0,1,0,차대사람 - 기타,안전운전불이행,건조,맑음,단일로 - 기타,승용,남,22세,상해없음,보행자,남,20세,경상
2022050300100604,2022년 5월 3일 22시,화요일,광주광역시 서구 쌍촌동,경상사고,0,0,3,0,차대차 - 추돌,안전거리미확보,건조,맑음,단일로 - 기타,승용,남,61세,상해없음,승용,여,23세,경상
2022050400100031,2022년 5월 4일 01시,수요일,광주광역시 북구 우산동,경상사고,0,0,1,0,차대차 - 측면충돌,신호위반,건조,맑음,단일로 - 기타,이륜,남,18세,경상,승용,남,75세,상해없음
2022050400100066,2022년 5월 4일 06시,수요일,광주광역시 광산구 운수동,경상사고,0,0,1,0,차대차 - 기타,안전거리미확보,건조,맑음,단일로 - 기타,화물,남,43세,상해없음,승용,남,32세,경상
2022050400100093,2022년 5월 4일 07시,수요일,광주광역시 광산구 장록동,중상사고,0,1,0,0,차대사람 - 기타,안전운전불이행,건조,맑음,기타 - 기타,승용,남,48세,상해없음,보행자,남,57세,중상
2022050400100151,2022년 5월 4일 08시,수요일,광주광역시 북구 양산동,중상사고,0,1,0,0,차대사람 - 기타,기타,건조,맑음,기타 - 기타,자전거,남,24세,기타불명,보행자,여,81세,중상
2022050400100198,2022년 5월 4일 09시,수요일,광주광역시 북구 우산동,중상사고,0,1,0,0,차대사람 - 횡단중,보행자보호의무위반,건조,맑음,교차로 - 교차로횡단보도내,화물,남,64세,상해없음,보행자,남,87세,중상
2022050400100199,2022년 5월 4일 09시,수요일,광주광역시 북구 각화동,경상사고,0,0,2,0,차대차 - 측면충돌,안전운전불이행,건조,맑음,교차로 - 교차로안,화물,남,42세,상해없음,승용,남,56세,경상
2022050400100270,2022년 5월 4일 11시,수요일,광주광역시 광산구 안청동,중상사고,0,1,0,0,차대차 - 측면충돌,안전운전불이행,건조,맑음,교차로 - 교차로부근,승용,남,39세,상해없음,승용,남,24세,중상
2022050400100271,2022년 5월 4일 11시,수요일,광주광역시 광산구 운수동,경상사고,0,0,2,0,차대차 - 측면충돌,안전거리미확보,건조,맑음,교차로 - 교차로안,승용,남,58세,경상,승합,남,41세,경상
2022050400100272,2022년 5월 4일 11시,수요일,광주광역시 광산구 수완동,경상사고,0,0,1,0,차대차 - 정면충돌,안전운전불이행,건조,맑음,교차로 - 교차로안,승용,남,29세,기타불명,승용,남,46세,경상
2022050400100373,2022년 5월 4일 14시,수요일,광주광역시 광산구 연산동,경상사고,0,0,1,1,차대차 - 측면충돌,안전거리미확보,건조,맑음,교차로 - 교차로안,화물,남,75세,경상,화물,남,47세,부상신고
2022050400100410,2022년 5월 4일 15시,수요일,광주광역시 서구 금호동,경상사고,0,0,1,0,차대차 - 측면충돌,교차로운행방법위반,건조,맑음,교차로 - 교차로안,승용,남,25세,상해없음,승용,남,36세,경상
2022050400100573,2022년 5월 4일 18시,수요일,광주광역시 남구 주월동,경상사고,0,0,2,0,차대차 - 측면충돌,안전운전불이행,건조,맑음,단일로 - 기타,승용,여,48세,상해없음,승용,남,39세,상해없음
2022050400100574,2022년 5월 4일 18시,수요일,광주광역시 북구 신안동,경상사고,0,0,2,0,차대차 - 추돌,안전운전불이행,건조,맑음,단일로 - 기타,승용,남,48세,상해없음,승용,여,42세,경상
2022050400100617,2022년 5월 4일 19시,수요일,광주광역시 광산구 송정동,경상사고,0,0,1,0,차대차 - 기타,차로위반,건조,맑음,단일로 - 기타,승합,남,60세,상해없음,승용,여,59세,경상
2022050400100618,2022년 5월 4일 19시,수요일,광주광역시 광산구 신가동,경상사고,0,0,1,0,차대사람 - 기타,안전운전불이행,건조,맑음,교차로 - 교차로부근,승용,남,63세,상해없음,보행자,여,58세,경상
2022050400100658,2022년 5월 4일 20시,수요일,광주광역시 북구 일곡동,경상사고,0,0,1,0,차대차 - 후진중충돌,안전운전불이행,건조,맑음,주차장 - 주차장,승용,남,31세,상해없음,승용,남,47세,경상
2022050400100659,2022년 5월 4일 20시,수요일,광주광역시 광산구 도산동,경상사고,0,0,1,0,차대차 - 측면충돌,안전거리미확보,건조,맑음,단일로 - 기타,승용,남,27세,상해없음,이륜,남,20세,경상
2022050400100686,2022년 5월 4일 21시,수요일,광주광역시 북구 중흥동,경상사고,0,0,1,0,차대차 - 측면충돌,안전운전불이행,건조,맑음,단일로 - 기타,승용,남,56세,상해없음,승용,여,31세,경상
2022050400100687,2022년 5월 4일 21시,수요일,광주광역시 광산구 수완동,경상사고,0,0,1,0,차대차 - 측면충돌,안전운전불이행,건조,맑음,교차로 - 교차로횡단보도내,화물,남,56세,기타불명,승용,여,32세,경상
2022050400100713,2022년 5월 4일 22시,수요일,광주광역시 북구 운암동,중상사고,0,1,2,0,차대차 - 측면충돌,신호위반,건조,맑음,교차로 - 교차로안,승용,남,22세,상해없음,승용,남,21세,경상
2022050500100013,2022년 5월 5일 00시,목요일,광주광역시 북구 오룡동,경상사고,0,0,1,0,차대차 - 추돌,안전거리미확보,건조,맑음,교차로 - 교차로부근,승용,남,42세,상해없음,승용,여,31세,경상
2022050500100014,2022년 5월 5일 00시,목요일,광주광역시 광산구 월계동,경상사고,0,0,2,0,차대차 - 측면충돌,중앙선침범,건조,맑음,단일로 - 기타,승용,남,41세,상해없음,승용,남,40세,경상
2022050500100032,2022년 5월 5일 01시,목요일,광주광역시 광산구 수완동,경상사고,0,0,3,0,차대차 - 측면충돌,안전운전불이행,건조,맑음,교차로 - 교차로안,승용,남,26세,상해없음,승용,남,61세,상해없음
2022050500100047,2022년 5월 5일 03시,목요일,광주광역시 광산구 흑석동,경상사고,0,0,1,0,차대사람 - 기타,안전운전불이행,건조,맑음,단일로 - 기타,승용,남,50세,상해없음,보행자,남,41세,경상
2022050500100055,2022년 5월 5일 04시,목요일,광주광역시 서구 풍암동,경상사고,0,0,1,0,차대차 - 기타,안전운전불이행,건조,맑음,단일로 - 기타,승용,남,50세,상해없음,승용,남,41세,경상
2022050500100131,2022년 5월 5일 10시,목요일,광주광역시 서구 화정동,경상사고,0,0,1,0,차대차 - 정면충돌,신호위반,건조,맑음,교차로 - 교차로안,승용,남,26세,상해없음,승용,남,34세,경상
2022050500100164,2022년 5월 5일 11시,목요일,광주광역시 동구 산수동,경상사고,0,0,2,0,차대차 - 추돌,안전운전불이행,건조,맑음,단일로 - 터널,화물,남,28세,상해없음,승용,남,25세,경상
2022050500100165,2022년 5월 5일 11시,목요일,광주광역시 북구 임동,경상사고,0,0,2,0,차대차 - 측면충돌,안전운전불이행,건조,맑음,단일로 - 기타,승용,남,57세,상해없음,승용,남,42세,경상
2022050500100196,2022년 5월 5일 12시,목요일,광주광역시 광산구 우산동,경상사고,0,0,2,0,차대차 - 기타,안전운전불이행,건조,맑음,단일로 - 기타,이륜,남,29세,경상,이륜,남,37세,경상
2022050500100234,2022년 5월 5일 13시,목요일,광주광역시 남구 방림동,경상사고,0,0,2,0,차대차 - 후진중충돌,안전운전불이행,건조,맑음,교차로 - 교차로안,승용,남,43세,상해없음,승용,남,79세,경상
2022050500100235,2022년 5월 5일 13시,목요일,광주광역시 북구 용봉동,경상사고,0,0,1,0,차대차 - 기타,교차로운행방법위반,건조,맑음,교차로 - 교차로안,승용,남,23세,상해없음,승용,남,58세,경상
2022050500100236,2022년 5월 5일 13시,목요일,광주광역시 북구 연제동,경상사고,0,0,1,0,차대차 - 측면충돌,안전거리미확보,건조,맑음,단일로 - 기타,승용,여,54세,상해없음,승용,남,37세,상해없음
2022050500100274,2022년 5월 5일 14시,목요일,광주광역시 북구 오치동,경상사고,0,0,1,0,차대차 - 기타,안전운전불이행,건조,맑음,교차로 - 교차로부근,승용,남,65세,상해없음,자전거,남,10세,경상
2022050500100275,2022년 5월 5일 14시,목요일,광주광역시 광산구 신가동,중상사고,0,1,0,0,차대차 - 측면충돌,안전거리미확보,건조,맑음,교차로 - 교차로부근,승용,여,53세,상해없음,이륜,남,19세,중상
2022050500100308,2022년 5월 5일 15시,목요일,광주광역시 동구 학동,중상사고,0,1,0,0,차대차 - 기타,차로위반,건조,맑음,기타 - 기타,승용,남,70세,상해없음,이륜,남,67세,중상
2022050500100353,2022년 5월 5일 16시,목요일,광주광역시 동구 황금동,경상사고,0,0,1,0,차대사람 - 기타,안전운전불이행,건조,맑음,단일로 - 기타,승용,남,26세,상해없음,보행자,남,16세,경상
2022050500100391,2022년 5월 5일 17시,목요일,광주광역시 북구 임동,경상사고,0,0,5,0,차대차 - 기타,안전거리미확보,건조,맑음,기타 - 기타,승용,남,37세,상해없음,화물,남,63세,경상
2022050500100457,2022년 5월 5일 19시,목요일,광주광역시 동구 내남동,경상사고,0,0,2,0,차대차 - 추돌,안전운전불이행,건조,맑음,단일로 - 기타,화물,남,64세,상해없음,화물,남,41세,경상
2022050500100508,2022년 5월 5일 21시,목요일,광주광역시 서구 화정동,경상사고,0,0,2,0,차대차 - 기타,신호위반,건조,맑음,교차로 - 교차로부근,이륜,남,27세,경상,승용,여,37세,경상
2022050500100527,2022년 5월 5일 22시,목요일,광주광역시 서구 풍암동,경상사고,0,0,1,0,차대차 - 추돌,안전운전불이행,건조,맑음,교차로 - 교차로부근,승용,여,36세,상해없음,승용,여,68세,경상
2022050500100528,2022년 5월 5일 22시,목요일,광주광역시 북구 운암동,경상사고,0,0,1,0,차대차 - 기타,중앙선침범,건조,맑음,교차로 - 교차로부근,승용,남,49세,상해없음,승용,남,56세,경상
2022050500100541,2022년 5월 5일 23시,목요일,광주광역시 북구 신안동,경상사고,0,0,2,0,차대차 - 측면충돌,신호위반,건조,맑음,교차로 - 교차로안,승용,남,24세,상해없음,승용,남,53세,경상
2022050600100010,2022년 5월 6일 00시,금요일,광주광역시 광산구 우산동,경상사고,0,0,2,0,차대차 - 기타,신호위반,건조,맑음,교차로 - 교차로안,승용,남,50세,상해없음,승용,남,40세,경상
2022050600100031,2022년 5월 6일 05시,금요일,광주광역시 광산구 월곡동,경상사고,0,0,1,0,차대차 - 기타,안전운전불이행,건조,맑음,교차로 - 교차로안,자전거,남,49세,경상,승용,남,31세,상해없음
2022050600100066,2022년 5월 6일 07시,금요일,광주광역시 북구 각화동,경상사고,0,0,1,0,차대차 - 측면충돌,안전운전불이행,건조,맑음,단일로 - 기타,건설기계,남,55세,상해없음,승용,남,36세,경상
2022050600100092,2022년 5월 6일 08시,금요일,광주광역시 동구 학동,중상사고,0,1,0,0,차대차 - 측면충돌,안전운전불이행,건조,맑음,교차로 - 교차로부근,승용,여,61세,상해없음,이륜,남,61세,중상
2022050600100093,2022년 5월 6일 08시,금요일,광주광역시 남구 주월동,경상사고,0,0,1,0,차대차 - 기타,교차로운행방법위반,건조,맑음,교차로 - 교차로안,승용,여,54세,기타불명,기타불명,여,54세,경상
2022050600100160,2022년 5월 6일 10시,금요일,광주광역시 북구 용봉동,경상사고,0,0,1,0,차대차 - 측면충돌,안전거리미확보,건조,맑음,단일로 - 기타,승용,여,31세,상해없음,승용,여,39세,경상
2022050600100161,2022년 5월 6일 10시,금요일,광주광역시 광산구 선암동,중상사고,0,1,0,0,차대사람 - 횡단중,안전운전불이행,건조,맑음,교차로 - 교차로안,승용,남,51세,기타불명,보행자,여,53세,중상
2022050600100208,2022년 5월 6일 11시,금요일,광주광역시 북구 각화동,경상사고,0,0,1,0,차대사람 - 기타,안전운전불이행,건조,맑음,교차로 - 교차로안,승용,남,57세,상해없음,보행자,여,50세,경상
2022050600100209,2022년 5월 6일 11시,금요일,광주광역시 광산구 월계동,경상사고,0,0,2,0,차대차 - 측면충돌,신호위반,건조,맑음,교차로 - 교차로안,승용,여,44세,경상,승용,남,51세,경상
2022050600100254,2022년 5월 6일 12시,금요일,광주광역시 서구 치평동,경상사고,0,0,5,0,차대차 - 후진중충돌,안전운전불이행,건조,맑음,단일로 - 기타,승용,남,60세,상해없음,승용,여,38세,경상
2022050600100291,2022년 5월 6일 13시,금요일,광주광역시 광산구 흑석동,경상사고,0,0,2,1,차대차 - 측면충돌,직진우회전진행방해,건조,맑음,교차로 - 교차로안,승용,남,29세,부상신고,승용,여,34세,경상