사고번호,사고일시,요일,시군구,사고내용,사망자수,중상자수,경상자수,부상신고자수,사고유형,법규위반,노면상태,기상상태,도로형태,가해운전자 차종,가해운전자 성별,가해운전자 연령,가해운전자 상해정도,피해운전자 차종,피해운전자 성별,피해운전자 연령,피해운전자 상해정도
2022050600100292,2022년 5월 6일 13시,금요일,광주광역시 광산구 월계동,경상사고,0,0,1,0,차대사람 - 횡단중,안전운전불이행,건조,맑음,교차로 - 교차로부근,승용,여,20세,상해없음,보행자,여,24세,경상
2022050600100339,2022년 5월 6일 14시,금요일,광주광역시 북구 운암동,경상사고,0,0,1,0,차대차 - 측면충돌,안전운전불이행,건조,맑음,단일로 - 기타,승합,남,61세,상해없음,승용,여,50세,경상
2022050600100340,2022년 5월 6일 14시,금요일,광주광역시 북구 운암동,경상사고,0,0,2,0,차대차 - 측면충돌,차로위반,건조,맑음,단일로 - 고가도로위,승용,남,61세,상해없음,승용,남,44세,경상
2022050600100431,2022년 5월 6일 16시,금요일,광주광역시 광산구 수완동,경상사고,0,0,2,0,차대차 - 측면충돌,차로위반,건조,맑음,단일로 - 기타,승용,남,62세,상해없음,승용,남,34세,경상
2022050600100483,2022년 5월 6일 17시,금요일,광주광역시 서구 풍암동,중상사고,0,1,0,0,차대사람 - 횡단중,보행자보호의무위반,건조,맑음,단일로 - 기타,이륜,남,64세,상해없음,보행자,남,59세,중상
2022050600100484,2022년 5월 6일 17시,금요일,광주광역시 서구 쌍촌동,경상사고,0,0,2,0,차대차 - 측면충돌,안전운전불이행,건조,맑음,교차로 - 교차로안,승용,여,57세,상해없음,승용,남,33세,경상
2022050600100485,2022년 5월 6일 17시,금요일,광주광역시 남구 월성동,경상사고,0,0,1,0,차대차 - 추돌,안전운전불이행,기타,맑음,기타 - 기타,화물,남,57세,상해없음,화물,남,46세,상해없음
2022050600100486,2022년 5월 6일 17시,금요일,광주광역시 남구 봉선동,경상사고,0,0,1,0,차대차 - 측면충돌,안전운전불이행,건조,맑음,단일로 - 기타,승용,남,53세,상해없음,승용,남,62세,경상
2022050600100487,2022년 5월 6일 17시,금요일,광주광역시 북구 문흥동,경상사고,0,0,2,2,차대차 - 기타,안전운전불이행,건조,맑음,단일로 - 기타,승용,남,67세,상해없음,승용,여,33세,경상
2022050600100488,2022년 5월 6일 17시,금요일,광주광역시 북구 각화동,경상사고,0,0,3,4,차대차 - 측면충돌,안전거리미확보,건조,맑음,단일로 - 기타,화물,남,51세,상해없음,승용,남,42세,경상
2022050600100535,2022년 5월 6일 18시,금요일,광주광역시 남구 월산동,경상사고,0,0,2,0,차대차 - 측면충돌,교차로운행방법위반,건조,맑음,교차로 - 교차로안,승용,남,63세,상해없음,승용,남,63세,경상
2022050600100536,2022년 5월 6일 18시,금요일,광주광역시 남구 양과동,경상사고,0,0,5,0,차대차 - 추돌,안전운전불이행,건조,맑음,단일로 - 기타,승용,남,39세,상해없음,승용,남,43세,경상
2022050600100603,2022년 5월 6일 20시,금요일,광주광역시 북구 지야동,경상사고,0,0,2,0,차대차 - 추돌,안전운전불이행,건조,맑음,단일로 - 기타,승용,남,63세,상해없음,승용,남,56세,경상
2022050600100632,2022년 5월 6일 21시,금요일,광주광역시 남구 봉선동,경상사고,0,0,4,0,차대차 - 기타,안전운전불이행,건조,맑음,단일로 - 기타,기타불명,기타불명,미분류,기타불명,승용,남,50세,경상
2022050600100633,2022년 5월 6일 21시,금요일,광주광역시 광산구 신창동,경상사고,0,0,3,0,차대차 - 측면충돌,신호위반,건조,맑음,교차로 - 교차로안,이륜,남,47세,경상,승용,여,45세,경상
2022050600100651,2022년 5월 6일 22시,금요일,광주광역시 서구 광천동,중상사고,0,1,0,0,차대차 - 측면충돌,안전운전불이행,건조,맑음,단일로 - 기타,승용,남,52세,상해없음,이륜,남,22세,중상
2022050600100652,2022년 5월 6일 22시,금요일,광주광역시 광산구 신가동,부상신고사고,0,0,0,1,차량단독 - 공작물충돌,안전운전불이행,건조,맑음,단일로 - 기타,이륜,남,20세,부상신고,,,,
2022050600100668,2022년 5월 6일 23시,금요일,광주광역시 북구 임동,경상사고,0,0,3,0,차대차 - 기타,안전거리미확보,건조,맑음,교차로 - 교차로부근,승용,여,19세,기타불명,승용,남,24세,경상
2022050600100669,2022년 5월 6일 23시,금요일,광주광역시 광산구 신창동,중상사고,0,1,0,0,차대차 - 측면충돌,안전운전불이행,건조,맑음,교차로 - 교차로부근,화물,남,60세,상해없음,이륜,남,25세,중상
2022050700100017,2022년 5월 7일 01시,토요일,광주광역시 서구 금호동,경상사고,0,0,1,0,차대차 - 측면충돌,안전운전불이행,건조,맑음,단일로 - 기타,기타불명,기타불명,미분류,기타불명,승용,여,53세,경상
2022050700100045,2022년 5월 7일 05시,토요일,광주광역시 광산구 비아동,경상사고,0,0,1,0,차대차 - 후진중충돌,안전운전불이행,건조,맑음,교차로 - 교차로부근,승용,남,48세,상해없음,승용,여,68세,경상
2022050700100095,2022년 5월 7일 09시,토요일,광주광역시 서구 쌍촌동,경상사고,0,0,1,0,차대차 - 측면충돌,안전운전불이행,건조,맑음,교차로 - 교차로안,승용,남,60세,상해없음,승용,남,27세,경상
2022050700100096,2022년 5월 7일 09시,토요일,광주광역시 광산구 수완동,경상사고,0,0,1,0,차대차 - 측면충돌,안전운전불이행,건조,맑음,교차로 - 교차로부근,승용,여,62세,상해없음,자전거,남,12세,경상
2022050700100150,2022년 5월 7일 11시,토요일,광주광역시 북구 삼각동,경상사고,0,0,1,1,차대차 - 측면충돌,안전거리미확보,건조,맑음,교차로 - 교차로부근,화물,남,65세,상해없음,승용,남,33세,경상
2022050700100151,2022년 5월 7일 11시,토요일,광주광역시 북구 운암동,경상사고,0,0,1,0,차대차 - 측면충돌,차로위반,건조,맑음,단일로 - 기타,화물,남,64세,상해없음,화물,남,61세,상해없음
2022050700100153,2022년 5월 7일 11시,토요일,광주광역시 광산구 산정동,경상사고,0,0,2,0,차대차 - 추돌,안전거리미확보,건조,맑음,교차로 - 교차로부근,승용,남,67세,상해없음,화물,남,29세,경상
2022050700100193,2022년 5월 7일 12시,토요일,광주광역시 서구 화정동,경상사고,0,0,1,0,차대차 - 기타,중앙선침범,건조,맑음,기타 - 기타,승용,남,68세,상해없음,승용,남,30세,경상
2022050700100236,2022년 5월 7일 13시,토요일,광주광역시 광산구 월계동,경상사고,0,0,1,0,차대차 - 후진중충돌,불법유턴,건조,맑음,단일로 - 기타,승용,남,33세,상해없음,이륜,남,17세,경상
2022050700100283,2022년 5월 7일 14시,토요일,광주광역시 광산구 신가동,경상사고,0,0,1,0,차대차 - 측면충돌,신호위반,건조,맑음,교차로 - 교차로안,이륜,남,21세,상해없음,승용,여,60세,경상
2022050700100395,2022년 5월 7일 17시,토요일,광주광역시 서구 덕흥동,중상사고,0,1,7,0,차대차 - 추돌,안전운전불이행,건조,맑음,단일로 - 기타,승용,남,28세,경상,화물,남,38세,중상
2022050700100428,2022년 5월 7일 18시,토요일,광주광역시 북구 운암동,경상사고,0,0,1,0,차대사람 - 길가장자리구역통행중,안전운전불이행,건조,맑음,기타 - 기타,승용,여,58세,상해없음,보행자,여,66세,경상
2022050700100429,2022년 5월 7일 18시,토요일,광주광역시 광산구 우산동,경상사고,0,0,1,0,차대사람 - 횡단중,안전운전불이행,건조,맑음,교차로 - 교차로부근,승용,남,58세,상해없음,보행자,남,57세,경상
2022050700100461,2022년 5월 7일 19시,토요일,광주광역시 북구 두암동,경상사고,0,0,1,0,차대차 - 측면충돌,안전운전불이행,건조,맑음,단일로 - 기타,승용,남,25세,상해없음,승용,남,45세,경상
2022050700100489,2022년 5월 7일 20시,토요일,광주광역시 북구 오치동,중상사고,0,1,0,0,차대사람 - 길가장자리구역통행중,안전운전불이행,건조,맑음,교차로 - 교차로안,승용,남,25세,상해없음,보행자,여,20세,중상
2022050700100490,2022년 5월 7일 20시,토요일,광주광역시 북구 신안동,경상사고,0,0,3,0,차대차 - 기타,안전운전불이행,건조,맑음,교차로 - 교차로부근,승용,남,57세,상해없음,승합,남,61세,경상
2022050700100529,2022년 5월 7일 22시,토요일,광주광역시 북구 오치동,경상사고,0,0,1,0,차대사람 - 기타,안전운전불이행,건조,맑음,기타 - 기타,승용,남,68세,상해없음,보행자,남,22세,경상
2022050700100546,2022년 5월 7일 23시,토요일,광주광역시 서구 치평동,경상사고,0,0,1,0,차대차 - 추돌,안전운전불이행,건조,맑음,교차로 - 교차로부근,승용,남,21세,기타불명,승용,여,46세,경상
2022050800100036,2022년 5월 8일 03시,일요일,광주광역시 서구 금호동,경상사고,0,0,1,0,차대차 - 기타,안전운전불이행,건조,맑음,단일로 - 기타,기타불명,기타불명,미분류,기타불명,자전거,남,26세,경상
2022050800100124,2022년 5월 8일 11시,일요일,광주광역시 서구 화정동,경상사고,0,0,1,0,차대차 - 기타,중앙선침범,건조,맑음,단일로 - 기타,승용,남,51세,상해없음,원동기,남,22세,경상
2022050800100163,2022년 5월 8일 12시,일요일,광주광역시 서구 쌍촌동,경상사고,0,0,1,0,차대차 - 추돌,안전거리미확보,건조,맑음,교차로 - 교차로부근,승용,남,65세,상해없음,승용,남,75세,경상
2022050800100164,2022년 5월 8일 12시,일요일,광주광역시 광산구 도천동,경상사고,0,0,1,0,차대차 - 기타,안전운전불이행,건조,맑음,단일로 - 기타,승용,남,65세,기타불명,자전거,남,76세,경상
2022050800100206,2022년 5월 8일 13시,일요일,광주광역시 광산구 장덕동,경상사고,0,0,1,0,차대차 - 측면충돌,불법유턴,건조,맑음,단일로 - 기타,승용,남,64세,상해없음,이륜,남,36세,경상
2022050800100239,2022년 5월 8일 14시,일요일,광주광역시 북구 동림동,경상사고,0,0,4,0,차대차 - 기타,기타,건조,맑음,교차로 - 교차로부근,승용,남,25세,상해없음,승용,남,39세,경상
2022050800100266,2022년 5월 8일 15시,일요일,광주광역시 서구 유촌동,경상사고,0,0,1,0,차대차 - 기타,안전운전불이행,건조,맑음,단일로 - 기타,승용,여,56세,상해없음,승용,여,37세,경상
2022050800100303,2022년 5월 8일 16시,일요일,광주광역시 북구 용봉동,중상사고,0,1,2,0,차대차 - 기타,신호위반,건조,맑음,교차로 - 교차로안,승용,여,54세,기타불명,승용,남,41세,중상
2022050800100304,2022년 5월 8일 16시,일요일,광주광역시 광산구 신가동,경상사고,0,0,2,0,차대차 - 기타,교차로운행방법위반,건조,맑음,교차로 - 교차로안,승용,남,66세,경상,승용,남,22세,경상
2022050800100330,2022년 5월 8일 17시,일요일,광주광역시 북구 양산동,경상사고,0,0,3,0,차대차 - 측면충돌,안전운전불이행,건조,맑음,교차로 - 교차로안,승용,남,66세,상해없음,승용,여,32세,경상
2022050800100331,2022년 5월 8일 17시,일요일,광주광역시 광산구 신가동,경상사고,0,0,1,0,차대차 - 측면충돌,안전거리미확보,건조,맑음,교차로 - 교차로부근,승용,남,59세,기타불명,이륜,남,27세,경상
2022050800100360,2022년 5월 8일 18시,일요일,광주광역시 광산구 장덕동,경상사고,0,0,5,0,차대차 - 측면충돌,안전운전불이행,건조,맑음,교차로 - 교차로안,승용,여,55세,경상,승용,남,39세,경상
2022050800100390,2022년 5월 8일 19시,일요일,광주광역시 남구 봉선동,경상사고,0,0,1,0,차대차 - 추돌,안전운전불이행,건조,맑음,교차로 - 교차로부근,승용,남,70세,상해없음,승용,남,29세,경상
2022050800100420,2022년 5월 8일 20시,일요일,광주광역시 광산구 신창동,경상사고,0,0,1,0,차대차 - 정면충돌,신호위반,건조,맑음,교차로 - 교차로안,승용,남,70세,상해없음,승용,여,56세,경상
2022050800100458,2022년 5월 8일 21시,일요일,광주광역시 북구 각화동,경상사고,0,0,2,0,차대차 - 후진중충돌,안전운전불이행,건조,맑음,기타 - 기타,화물,남,72세,기타불명,승용,남,74세,경상
2022050800100487,2022년 5월 8일 23시,일요일,광주광역시 동구 대인동,경상사고,0,0,1,0,차대차 - 정면충돌,신호위반,건조,맑음,교차로 - 교차로부근,승용,남,27세,상해없음,이륜,남,20세,경상
2022050800100488,2022년 5월 8일 23시,일요일,광주광역시 남구 임암동,경상사고,0,0,2,0,차대차 - 측면충돌,안전운전불이행,건조,맑음,단일로 - 기타,승용,남,62세,상해없음,승용,여,38세,경상
2022050900100011,2022년 5월 9일 00시,월요일,광주광역시 광산구 수완동,경상사고,0,0,2,0,차대차 - 추돌,안전운전불이행,건조,맑음,교차로 - 교차로부근,승용,남,27세,상해없음,승용,남,56세,경상
2022050900100036,2022년 5월 9일 05시,월요일,광주광역시 동구 학동,경상사고,0,0,1,0,차대차 - 기타,중앙선침범,건조,맑음,단일로 - 기타,승용,여,33세,상해없음,화물,남,63세,경상
2022050900100117,2022년 5월 9일 08시,월요일,광주광역시 동구 운림동,경상사고,0,0,1,0,차대사람 - 기타,안전운전불이행,건조,맑음,단일로 - 기타,승용,여,65세,상해없음,보행자,여,31세,경상
2022050900100118,2022년 5월 9일 08시,월요일,광주광역시 남구 백운동,경상사고,0,0,1,0,차대차 - 측면충돌,안전운전불이행,건조,맑음,교차로 - 교차로횡단보도내,승용,남,52세,상해없음,원동기,남,29세,경상
2022050900100252,2022년 5월 9일 12시,월요일,광주광역시 동구 계림동,경상사고,0,0,1,0,차대차 - 추돌,안전운전불이행,건조,맑음,단일로 - 기타,화물,남,32세,상해없음,승용,여,44세,경상
2022050900100253,2022년 5월 9일 12시,월요일,광주광역시 북구 중흥동,경상사고,0,0,1,0,차대사람 - 기타,기타,건조,맑음,기타 - 기타,원동기,여,62세,상해없음,보행자,남,30세,경상
2022050900100292,2022년 5월 9일 13시,월요일,광주광역시 서구 풍암동,경상사고,0,0,4,0,차대차 - 기타,안전운전불이행,건조,맑음,단일로 - 기타,승용,여,38세,상해없음,승용,남,19세,경상
2022050900100293,2022년 5월 9일 13시,월요일,광주광역시 북구 풍향동,경상사고,0,0,4,0,차대차 - 추돌,안전운전불이행,건조,맑음,교차로 - 교차로안,승용,남,64세,상해없음,승용,여,54세,경상
2022050900100294,2022년 5월 9일 13시,월요일,광주광역시 광산구 신가동,경상사고,0,0,1,0,차대차 - 측면충돌,신호위반,건조,맑음,단일로 - 교량,화물,남,53세,상해없음,승용,여,59세,경상
2022050900100330,2022년 5월 9일 14시,월요일,광주광역시 북구 신안동,경상사고,0,0,1,0,차대차 - 기타,안전운전불이행,건조,맑음,단일로 - 기타,승용,남,61세,상해없음,승합,남,65세,경상
2022050900100374,2022년 5월 9일 15시,월요일,광주광역시 북구 신안동,경상사고,0,0,1,0,차대사람 - 기타,안전운전불이행,건조,맑음,단일로 - 기타,승용,남,27세,상해없음,보행자,남,65세,경상
2022050900100421,2022년 5월 9일 16시,월요일,광주광역시 서구 농성동,경상사고,0,0,1,0,차대차 - 기타,교차로운행방법위반,건조,맑음,교차로 - 교차로안,승용,남,60세,상해없음,승용,여,37세,경상
2022050900100422,2022년 5월 9일 16시,월요일,광주광역시 서구 금호동,경상사고,0,0,1,0,차대사람 - 횡단중,신호위반,건조,맑음,기타 - 기타,승용,남,21세,상해없음,보행자,남,9세,경상
2022050900100467,2022년 5월 9일 17시,월요일,광주광역시 남구 서동,경상사고,0,0,1,0,차대사람 - 기타,안전운전불이행,건조,맑음,기타 - 기타,화물,남,46세,상해없음,보행자,남,58세,경상
2022050900100468,2022년 5월 9일 17시,월요일,광주광역시 광산구 송정동,경상사고,0,0,1,0,차대사람 - 기타,안전운전불이행,건조,맑음,단일로 - 기타,승용,여,40세,상해없음,보행자,남,45세,경상
2022050900100511,2022년 5월 9일 18시,월요일,광주광역시 남구 월산동,경상사고,0,0,1,0,차대사람 - 횡단중,신호위반,건조,맑음,교차로 - 교차로횡단보도내,승용,남,28세,상해없음,보행자,남,66세,경상
2022050900100512,2022년 5월 9일 18시,월요일,광주광역시 북구 중흥동,경상사고,0,0,1,0,차대차 - 측면충돌,안전운전불이행,건조,맑음,교차로 - 교차로안,승용,남,31세,상해없음,승용,여,47세,경상
2022050900100513,2022년 5월 9일 18시,월요일,광주광역시 광산구 월계동,경상사고,0,0,1,0,차대차 - 기타,안전운전불이행,건조,맑음,단일로 - 기타,자전거,남,11세,경상,승용,남,64세,상해없음
2022050900100599,2022년 5월 9일 22시,월요일,광주광역시 북구 신안동,중상사고,0,1,0,0,차대차 - 정면충돌,신호위반,건조,맑음,교차로 - 교차로안,승용,남,42세,상해없음,승용,남,40세,중상
2022051000100023,2022년 5월 10일 01시,화요일,광주광역시 광산구 신가동,경상사고,0,0,1,0,차대차 - 측면충돌,안전운전불이행,건조,맑음,교차로 - 교차로부근,승용,여,41세,상해없음,승용,남,44세,경상
2022051000100071,2022년 5월 10일 07시,화요일,광주광역시 광산구 옥동,경상사고,0,0,1,0,차대차 - 측면충돌,안전운전불이행,건조,맑음,교차로 - 교차로안,화물,남,55세,상해없음,승용,남,35세,경상
2022051000100072,2022년 5월 10일 07시,화요일,광주광역시 광산구 도산동,경상사고,0,0,1,0,차대차 - 측면충돌,교차로운행방법위반,건조,흐림,교차로 - 교차로안,승용,여,57세,상해없음,승용,여,47세,경상
2022051000100123,2022년 5월 10일 08시,화요일,광주광역시 광산구 월곡동,경상사고,0,0,1,0,차대사람 - 기타,안전운전불이행,건조,맑음,단일로 - 기타,자전거,남,54세,상해없음,보행자,여,38세,경상
2022051000100164,2022년 5월 10일 09시,화요일,광주광역시 북구 장등동,경상사고,0,0,1,0,차대차 - 측면충돌,차로위반,건조,맑음,기타 - 기타,승용,남,51세,상해없음,승용,남,36세,경상
2022051000100174,2022년 5월 10일 09시,화요일,광주광역시 서구 치평동,경상사고,0,0,2,0,차대차 - 측면충돌,안전운전불이행,건조,맑음,교차로 - 교차로안,승용,여,31세,경상,승용,남,33세,경상
2022051000100175,2022년 5월 10일 09시,화요일,광주광역시 광산구 수완동,중상사고,0,1,0,0,차대사람 - 보도통행중,보행자보호의무위반,건조,맑음,단일로 - 기타,승용,남,45세,상해없음,보행자,남,67세,중상
2022051000100341,2022년 5월 10일 14시,화요일,광주광역시 서구 동천동,중상사고,0,1,0,0,차대차 - 측면충돌,중앙선침범,건조,맑음,단일로 - 기타,승용,남,55세,상해없음,이륜,남,45세,중상
2022051000100377,2022년 5월 10일 15시,화요일,광주광역시 서구 화정동,경상사고,0,0,1,0,차대차 - 기타,신호위반,건조,맑음,단일로 - 터널,승용,남,73세,상해없음,승용,여,54세,경상
2022051000100378,2022년 5월 10일 15시,화요일,광주광역시 북구 용봉동,경상사고,0,0,2,0,차대차 - 기타,안전운전불이행,건조,맑음,단일로 - 기타,승용,남,18세,상해없음,승용,남,62세,경상
2022051000100505,2022년 5월 10일 18시,화요일,광주광역시 서구 광천동,경상사고,0,0,2,0,차대차 - 측면충돌,안전운전불이행,건조,맑음,교차로 - 교차로부근,승합,남,63세,상해없음,특수,남,24세,경상
2022051000100506,2022년 5월 10일 18시,화요일,광주광역시 북구 망월동,중상사고,0,1,0,0,차대차 - 기타,안전운전불이행,건조,맑음,단일로 - 기타,화물,남,73세,상해없음,이륜,남,16세,중상
2022051000100537,2022년 5월 10일 19시,화요일,광주광역시 남구 노대동,중상사고,0,1,0,0,차대차 - 측면충돌,안전운전불이행,건조,맑음,교차로 - 교차로안,승용,남,39세,상해없음,이륜,남,34세,중상
2022051000100538,2022년 5월 10일 19시,화요일,광주광역시 북구 신용동,경상사고,0,0,1,0,차대차 - 후진중충돌,안전운전불이행,건조,맑음,단일로 - 기타,승용,남,63세,상해없음,승용,여,30세,경상
2022051000100603,2022년 5월 10일 22시,화요일,광주광역시 서구 농성동,경상사고,0,0,2,0,차대차 - 측면충돌,안전운전불이행,건조,맑음,교차로 - 교차로횡단보도내,승용,여,48세,경상,승용,여,32세,경상
2022051000100604,2022년 5월 10일 22시,화요일,광주광역시 북구 용봉동,경상사고,0,0,1,0,차대차 - 측면충돌,중앙선침범,건조,맑음,단일로 - 기타,승용,여,50세,상해없음,자전거,여,29세,경상
2022051000100617,2022년 5월 10일 23시,화요일,광주광역시 북구 오치동,경상사고,0,0,4,0,차대차 - 기타,안전운전불이행,건조,맑음,교차로 - 교차로안,승용,남,42세,경상,승용,남,43세,상해없음
2022051100100034,2022년 5월 11일 05시,수요일,광주광역시 남구 주월동,경상사고,0,0,1,0,차대차 - 측면충돌,안전거리미확보,건조,맑음,단일로 - 기타,승용,남,79세,상해없음,승용,남,40세,경상
2022051100100035,2022년 5월 11일 05시,수요일,광주광역시 북구 동림동,중상사고,0,1,0,0,차대차 - 기타,안전운전불이행,건조,맑음,단일로 - 기타,이륜,남,19세,중상,화물,남,54세,기타불명
2022051100100170,2022년 5월 11일 10시,수요일,광주광역시 서구 화정동,경상사고,0,0,3,0,차대차 - 측면충돌,안전운전불이행,건조,맑음,단일로 - 기타,승용,남,35세,상해없음,승용,남,38세,경상
2022051100100193,2022년 5월 11일 11시,수요일,광주광역시 북구 임동,경상사고,0,0,1,0,차대차 - 측면충돌,안전운전불이행,건조,맑음,단일로 - 교량,승용,여,42세,기타불명,승용,남,24세,경상
2022051100100194,2022년 5월 11일 11시,수요일,광주광역시 북구 용강동,사망사고,1,0,0,0,차량단독 - 기타,안전운전불이행,건조,맑음,단일로 - 기타,이륜,남,86세,사망,,,,
2022051100100221,2022년 5월 11일 12시,수요일,광주광역시 서구 금호동,경상사고,0,0,1,0,차대차 - 기타,안전운전불이행,건조,맑음,교차로 - 교차로안,승용,여,62세,상해없음,이륜,남,28세,경상
2022051100100253,2022년 5월 11일 13시,수요일,광주광역시 서구 금호동,경상사고,0,0,1,0,차대차 - 측면충돌,신호위반,건조,맑음,교차로 - 교차로안,화물,남,29세,상해없음,승용,남,60세,경상
2022051100100287,2022년 5월 11일 14시,수요일,광주광역시 서구 유촌동,중상사고,0,1,0,0,차대차 - 기타,안전운전불이행,건조,맑음,교차로 - 교차로부근,화물,남,57세,상해없음,이륜,남,30세,중상
2022051100100323,2022년 5월 11일 15시,수요일,광주광역시 북구 우산동,경상사고,0,0,1,0,차대사람 - 횡단중,안전운전불이행,건조,맑음,교차로 - 교차로부근,승용,남,57세,상해없음,보행자,남,59세,경상
2022051100100366,2022년 5월 11일 16시,수요일,광주광역시 북구 삼각동,경상사고,0,0,1,0,차대사람 - 횡단중,안전운전불이행,건조,맑음,단일로 - 기타,승용,남,57세,상해없음,보행자,남,13세,경상
2022051100100367,2022년 5월 11일 16시,수요일,광주광역시 북구 두암동,경상사고,0,0,3,0,차대차 - 측면충돌,신호위반,건조,흐림,교차로 - 교차로횡단보도내,승용,남,37세,경상,승합,남,66세,경상
2022051100100368,2022년 5월 11일 16시,수요일,광주광역시 광산구 우산동,경상사고,0,0,1,0,차대차 - 기타,교차로운행방법위반,건조,맑음,교차로 - 교차로안,승용,남,58세,상해없음,승용,여,24세,상해없음
2022051100100413,2022년 5월 11일 17시,수요일,광주광역시 북구 두암동,사망사고,1,0,0,0,차대사람 - 횡단중,보행자보호의무위반,건조,맑음,교차로 - 교차로안,승합,남,57세,기타불명,보행자,남,7세,사망
2022051100100459,2022년 5월 11일 18시,수요일,광주광역시 광산구 신가동,경상사고,0,0,1,1,차대차 - 기타,교차로운행방법위반,건조,맑음,교차로 - 교차로안,이륜,남,23세,부상신고,이륜,남,22세,경상
2022051100100460,2022년 5월 11일 18시,수요일,광주광역시 광산구 우산동,경상사고,0,0,1,0,차대차 - 추돌,안전거리미확보,건조,맑음,단일로 - 기타,화물,여,55세,상해없음,승용,여,38세,경상
2022051100100461,2022년 5월 11일 18시,수요일,광주광역시 광산구 선암동,경상사고,0,0,1,0,차대차 - 추돌,안전운전불이행,건조,맑음,기타 - 기타,승용,남,38세,상해없음,승용,여,59세,경상
2022051100100462,2022년 5월 11일 18시,수요일,광주광역시 광산구 장덕동,경상사고,0,0,3,0,차대차 - 측면충돌,안전거리미확보,건조,맑음,교차로 - 교차로부근,승용,여,63세,상해없음,승용,여,41세,경상
2022051100100493,2022년 5월 11일 19시,수요일,광주광역시 남구 봉선동,경상사고,0,0,3,1,차대차 - 측면충돌,안전거리미확보,건조,맑음,단일로 - 기타,이륜,남,17세,부상신고,승용,남,21세,경상
2022051100100521,2022년 5월 11일 20시,수요일,광주광역시 북구 문흥동,경상사고,0,0,1,1,차대차 - 기타,신호위반,건조,맑음,교차로 - 교차로안,승용,여,50세,기타불명,승용,남,22세,경상
2022051100100522,2022년 5월 11일 20시,수요일,광주광역시 광산구 하남동,경상사고,0,0,1,0,차대차 - 기타,교차로운행방법위반,건조,맑음,교차로 - 교차로안,승용,여,48세,상해없음,승용,남,47세,경상
2022051100100576,2022년 5월 11일 23시,수요일,광주광역시 북구 두암동,경상사고,0,0,1,0,차대차 - 측면충돌,안전운전불이행,건조,맑음,교차로 - 교차로부근,자전거,남,18세,경상,승용,남,52세,상해없음
2022051100100577,2022년 5월 11일 23시,수요일,광주광역시 광산구 산정동,경상사고,0,0,1,0,차대차 - 측면충돌,안전운전불이행,건조,맑음,교차로 - 교차로안,승용,남,63세,상해없음,승용,여,31세,경상
2022051200100023,2022년 5월 12일 01시,목요일,광주광역시 북구 누문동,경상사고,0,0,1,0,차대차 - 측면충돌,신호위반,건조,맑음,교차로 - 교차로부근,기타불명,기타불명,미분류,기타불명,승용,여,24세,경상
2022051200100084,2022년 5월 12일 07시,목요일,광주광역시 북구 오치동,경상사고,0,0,1,0,차대차 - 기타,안전운전불이행,건조,맑음,교차로 - 교차로부근,승용,여,54세,상해없음,승용,남,27세,경상
2022051200100085,2022년 5월 12일 07시,목요일,광주광역시 광산구 수완동,부상신고사고,0,0,0,1,차대차 - 기타,안전운전불이행,건조,맑음,교차로 - 교차로부근,기타불명,기타불명,미분류,기타불명,개인형이동수단(PM),남,23세,부상신고
2022051200100122,2022년 5월 12일 08시,목요일,광주광역시 동구 학동,경상사고,0,0,6,0,차대차 - 추돌,안전거리미확보,건조,맑음,기타 - 기타,화물,남,41세,상해없음,승용,여,42세,경상
2022051200100241,2022년 5월 12일 12시,목요일,광주광역시 서구 농성동,경상사고,0,0,2,0,차대차 - 기타,안전운전불이행,건조,맑음,교차로 - 교차로부근,이륜,기타불명,미분류,기타불명,승합,남,35세,경상
2022051200100242,2022년 5월 12일 12시,목요일,광주광역시 북구 임동,경상사고,0,0,3,0,차대차 - 측면충돌,안전운전불이행,건조,맑음,단일로 - 교량,승용,남,64세,상해없음,승용,남,22세,경상
2022051200100307,2022년 5월 12일 14시,목요일,광주광역시 남구 봉선동,경상사고,0,0,1,0,차대사람 - 기타,안전운전불이행,건조,맑음,기타 - 기타,승용,여,55세,상해없음,보행자,남,65세,경상
2022051200100308,2022년 5월 12일 14시,목요일,광주광역시 남구 주월동,경상사고,0,0,2,0,차대차 - 추돌,안전운전불이행,건조,맑음,교차로 - 교차로안,승용,여,45세,상해없음,화물,남,41세,경상
2022051200100337,2022년 5월 12일 15시,목요일,광주광역시 광산구 운수동,경상사고,0,0,2,0,차대차 - 측면충돌,안전거리미확보,건조,맑음,단일로 - 기타,승용,남,69세,경상,건설기계,남,49세,경상
2022051200100432,2022년 5월 12일 17시,목요일,광주광역시 동구 서석동,경상사고,0,0,1,0,차대차 - 기타,안전운전불이행,건조,맑음,교차로 - 교차로안,승용,남,64세,상해없음,승용,남,41세,경상
2022051200100433,2022년 5월 12일 17시,목요일,광주광역시 남구 봉선동,경상사고,0,0,1,0,차대차 - 측면충돌,안전운전불이행,건조,맑음,교차로 - 교차로부근,승용,여,28세,상해없음,승용,남,46세,경상
2022051200100434,2022년 5월 12일 17시,목요일,광주광역시 광산구 송정동,부상신고사고,0,0,0,1,차대차 - 측면충돌,안전거리미확보,건조,흐림,교차로 - 교차로부근,이륜,남,20세,부상신고,승합,남,53세,상해없음