사고번호,사고일시,요일,시군구,사고내용,사망자수,중상자수,경상자수,부상신고자수,사고유형,법규위반,노면상태,기상상태,도로형태,가해운전자 차종,가해운전자 성별,가해운전자 연령,가해운전자 상해정도,피해운전자 차종,피해운전자 성별,피해운전자 연령,피해운전자 상해정도
2022051200100477,2022년 5월 12일 18시,목요일,광주광역시 남구 송하동,경상사고,0,0,2,0,차대차 - 측면충돌,교차로운행방법위반,건조,맑음,교차로 - 교차로안,승용,여,41세,상해없음,승용,남,50세,경상
2022051200100478,2022년 5월 12일 18시,목요일,광주광역시 북구 운암동,부상신고사고,0,0,0,1,차대차 - 측면충돌,안전운전불이행,건조,맑음,교차로 - 교차로안,이륜,남,45세,부상신고,승합,남,47세,상해없음
2022051200100479,2022년 5월 12일 18시,목요일,광주광역시 북구 두암동,중상사고,0,1,0,0,차대사람 - 기타,안전운전불이행,건조,맑음,단일로 - 기타,화물,남,64세,상해없음,보행자,남,34세,중상
2022051200100519,2022년 5월 12일 19시,목요일,광주광역시 광산구 월곡동,경상사고,0,0,3,0,차대차 - 측면충돌,직진우회전진행방해,건조,맑음,교차로 - 교차로안,승용,남,19세,기타불명,승용,남,42세,경상
2022051300100009,2022년 5월 13일 00시,금요일,광주광역시 서구 화정동,경상사고,0,0,1,0,차대차 - 측면충돌,안전운전불이행,건조,맑음,교차로 - 교차로안,승용,남,59세,상해없음,승용,남,61세,경상
2022051300100121,2022년 5월 13일 08시,금요일,광주광역시 광산구 연산동,경상사고,0,0,1,0,차대차 - 측면충돌,안전운전불이행,건조,맑음,교차로 - 교차로안,승용,여,43세,상해없음,승용,여,40세,경상
2022051300100155,2022년 5월 13일 09시,금요일,광주광역시 서구 덕흥동,경상사고,0,0,3,0,차대차 - 추돌,안전운전불이행,건조,맑음,단일로 - 기타,화물,남,64세,상해없음,승용,여,50세,경상
2022051300100231,2022년 5월 13일 11시,금요일,광주광역시 서구 쌍촌동,경상사고,0,0,2,0,차대차 - 기타,안전운전불이행,건조,맑음,단일로 - 기타,승용,남,76세,상해없음,승용,여,38세,경상
2022051300100268,2022년 5월 13일 12시,금요일,광주광역시 북구 임동,경상사고,0,0,2,0,차대차 - 추돌,안전운전불이행,건조,맑음,교차로 - 교차로부근,승용,여,73세,상해없음,승용,남,41세,경상
2022051300100269,2022년 5월 13일 12시,금요일,광주광역시 광산구 흑석동,경상사고,0,0,1,0,차대차 - 측면충돌,신호위반,건조,맑음,교차로 - 교차로안,승용,남,34세,상해없음,이륜,남,51세,경상
2022051300100299,2022년 5월 13일 13시,금요일,광주광역시 북구 유동,경상사고,0,0,1,0,차대차 - 추돌,안전운전불이행,건조,맑음,교차로 - 교차로부근,승용,남,25세,상해없음,승용,남,55세,경상
2022051300100336,2022년 5월 13일 14시,금요일,광주광역시 북구 본촌동,경상사고,0,0,1,0,차대차 - 측면충돌,직진우회전진행방해,건조,맑음,교차로 - 교차로안,화물,남,65세,기타불명,승용,여,51세,경상
2022051300100337,2022년 5월 13일 14시,금요일,광주광역시 북구 우산동,중상사고,0,1,0,0,차대차 - 기타,안전운전불이행,건조,맑음,단일로 - 기타,이륜,남,27세,중상,화물,남,36세,상해없음
2022051300100338,2022년 5월 13일 14시,금요일,광주광역시 광산구 도산동,경상사고,0,0,3,0,차대차 - 추돌,안전거리미확보,건조,맑음,교차로 - 교차로부근,원동기,남,35세,경상,승용,남,50세,경상
2022051300100374,2022년 5월 13일 15시,금요일,광주광역시 서구 쌍촌동,경상사고,0,0,2,0,차대차 - 기타,안전운전불이행,건조,맑음,단일로 - 기타,승용,남,60세,상해없음,승용,여,60세,경상
2022051300100375,2022년 5월 13일 15시,금요일,광주광역시 서구 농성동,경상사고,0,0,1,0,차대차 - 기타,신호위반,건조,맑음,단일로 - 터널,승용,남,64세,기타불명,화물,남,41세,경상
2022051300100450,2022년 5월 13일 17시,금요일,광주광역시 서구 치평동,경상사고,0,0,2,0,차대차 - 측면충돌,안전운전불이행,건조,맑음,교차로 - 교차로안,승용,남,50세,경상,승용,여,31세,경상
2022051300100512,2022년 5월 13일 18시,금요일,광주광역시 서구 쌍촌동,경상사고,0,0,1,0,차대차 - 추돌,안전운전불이행,건조,맑음,미분류 - 미분류,승용,남,64세,상해없음,승용,남,35세,경상
2022051300100513,2022년 5월 13일 18시,금요일,광주광역시 서구 치평동,경상사고,0,0,2,1,차대차 - 기타,안전거리미확보,건조,맑음,단일로 - 기타,승용,남,44세,부상신고,승용,남,20세,경상
2022051300100514,2022년 5월 13일 18시,금요일,광주광역시 서구 치평동,경상사고,0,0,1,0,차대차 - 기타,안전거리미확보,건조,맑음,단일로 - 기타,승용,여,28세,상해없음,승용,남,39세,경상
2022051300100515,2022년 5월 13일 18시,금요일,광주광역시 광산구 수완동,경상사고,0,0,1,0,차대차 - 측면충돌,신호위반,건조,맑음,교차로 - 교차로안,승용,여,39세,상해없음,승용,남,42세,경상
2022051300100516,2022년 5월 13일 18시,금요일,광주광역시 광산구 장덕동,경상사고,0,0,1,0,차대사람 - 횡단중,안전운전불이행,건조,맑음,교차로 - 교차로부근,승용,여,36세,기타불명,보행자,여,8세,경상
2022051300100565,2022년 5월 13일 19시,금요일,광주광역시 광산구 수완동,경상사고,0,0,3,0,차대차 - 후진중충돌,안전운전불이행,건조,맑음,단일로 - 기타,승용,남,18세,상해없음,승용,남,64세,상해없음
2022051300100600,2022년 5월 13일 20시,금요일,광주광역시 서구 쌍촌동,경상사고,0,0,1,0,차대차 - 추돌,안전거리미확보,건조,맑음,교차로 - 교차로횡단보도내,승용,남,37세,상해없음,승용,여,51세,경상
2022051300100601,2022년 5월 13일 20시,금요일,광주광역시 남구 이장동,경상사고,0,0,1,0,차대차 - 기타,안전운전불이행,건조,맑음,기타 - 기타,승용,여,21세,상해없음,승용,남,37세,경상
2022051300100602,2022년 5월 13일 20시,금요일,광주광역시 북구 운암동,경상사고,0,0,2,0,차대차 - 측면충돌,안전운전불이행,건조,맑음,교차로 - 교차로안,승용,남,24세,상해없음,화물,여,31세,경상
2022051300100631,2022년 5월 13일 21시,금요일,광주광역시 서구 금호동,경상사고,0,0,1,0,차대차 - 기타,안전운전불이행,건조,맑음,단일로 - 기타,승용,남,47세,상해없음,승용,남,40세,상해없음
2022051300100656,2022년 5월 13일 22시,금요일,광주광역시 동구 지산동,경상사고,0,0,1,0,차대사람 - 길가장자리구역통행중,안전운전불이행,건조,맑음,단일로 - 기타,승용,남,20세,기타불명,보행자,남,29세,경상
2022051400100023,2022년 5월 14일 01시,토요일,광주광역시 동구 금동,경상사고,0,0,1,0,차대사람 - 기타,안전운전불이행,건조,맑음,단일로 - 기타,승용,남,22세,상해없음,보행자,남,23세,경상
2022051400100113,2022년 5월 14일 08시,토요일,광주광역시 남구 백운동,경상사고,0,0,1,0,차대차 - 기타,교차로운행방법위반,건조,맑음,교차로 - 교차로안,승용,남,66세,상해없음,승합,남,55세,상해없음
2022051400100115,2022년 5월 14일 08시,토요일,광주광역시 북구 신용동,경상사고,0,0,1,0,차대차 - 측면충돌,안전운전불이행,건조,맑음,단일로 - 기타,건설기계,남,61세,상해없음,승용,남,22세,경상
2022051400100140,2022년 5월 14일 09시,토요일,광주광역시 북구 신용동,경상사고,0,0,1,0,차대차 - 측면충돌,신호위반,건조,맑음,교차로 - 교차로안,승용,남,68세,상해없음,건설기계,남,45세,경상
2022051400100169,2022년 5월 14일 10시,토요일,광주광역시 광산구 소촌동,경상사고,0,0,2,0,차대차 - 추돌,안전운전불이행,건조,맑음,단일로 - 기타,승용,여,37세,상해없음,승용,여,58세,경상
2022051400100209,2022년 5월 14일 11시,토요일,광주광역시 북구 두암동,경상사고,0,0,1,0,차대사람 - 차도통행중,안전운전불이행,건조,맑음,단일로 - 기타,기타불명,기타불명,미분류,기타불명,보행자,여,64세,경상
2022051400100244,2022년 5월 14일 12시,토요일,광주광역시 동구 계림동,경상사고,0,0,2,0,차대차 - 추돌,기타,건조,맑음,교차로 - 교차로부근,승용,남,35세,상해없음,승용,남,71세,상해없음
2022051400100245,2022년 5월 14일 12시,토요일,광주광역시 북구 매곡동,경상사고,0,0,2,0,차대차 - 기타,안전거리미확보,건조,맑음,단일로 - 기타,승용,여,46세,기타불명,승용,여,29세,경상
2022051400100246,2022년 5월 14일 12시,토요일,광주광역시 광산구 송정동,경상사고,0,0,1,0,차대사람 - 차도통행중,안전운전불이행,건조,맑음,교차로 - 교차로안,화물,남,47세,상해없음,보행자,여,23세,경상
2022051400100247,2022년 5월 14일 12시,토요일,광주광역시 광산구 비아동,경상사고,0,0,4,0,차대차 - 후진중충돌,안전운전불이행,건조,맑음,단일로 - 터널,승용,여,60세,상해없음,승용,남,33세,경상
2022051400100285,2022년 5월 14일 13시,토요일,광주광역시 서구 치평동,중상사고,0,1,3,0,차대차 - 추돌,안전운전불이행,건조,맑음,교차로 - 교차로부근,승용,남,64세,경상,승용,여,52세,경상
2022051400100286,2022년 5월 14일 13시,토요일,광주광역시 서구 농성동,경상사고,0,0,1,0,차대차 - 기타,안전거리미확보,건조,맑음,단일로 - 기타,승용,남,28세,상해없음,이륜,남,39세,경상
2022051400100287,2022년 5월 14일 13시,토요일,광주광역시 서구 치평동,경상사고,0,0,2,0,차대차 - 기타,안전운전불이행,건조,맑음,단일로 - 기타,승합,여,35세,상해없음,승용,여,30세,경상
2022051400100288,2022년 5월 14일 13시,토요일,광주광역시 북구 각화동,경상사고,0,0,1,0,차대사람 - 기타,안전운전불이행,건조,맑음,교차로 - 교차로횡단보도내,특수,남,59세,상해없음,보행자,여,82세,경상
2022051400100289,2022년 5월 14일 13시,토요일,광주광역시 광산구 신가동,경상사고,0,0,1,0,차대차 - 측면충돌,교차로운행방법위반,건조,맑음,교차로 - 교차로부근,이륜,남,56세,경상,승용,여,31세,상해없음
2022051400100334,2022년 5월 14일 14시,토요일,광주광역시 서구 금호동,경상사고,0,0,3,0,차대차 - 측면충돌,교차로운행방법위반,건조,맑음,교차로 - 교차로안,승용,여,60세,경상,승용,남,54세,상해없음
2022051400100382,2022년 5월 14일 15시,토요일,광주광역시 서구 농성동,경상사고,0,0,1,0,차대차 - 기타,안전운전불이행,건조,맑음,기타 - 기타,자전거,여,50세,경상,승용,여,63세,상해없음
2022051400100383,2022년 5월 14일 15시,토요일,광주광역시 서구 쌍촌동,경상사고,0,0,1,0,차대차 - 측면충돌,신호위반,건조,맑음,교차로 - 교차로안,승용,남,42세,상해없음,승용,여,33세,경상
2022051400100384,2022년 5월 14일 15시,토요일,광주광역시 광산구 산월동,경상사고,0,0,1,0,차대차 - 추돌,안전운전불이행,건조,맑음,단일로 - 기타,승용,남,27세,상해없음,승용,여,61세,경상
2022051400100428,2022년 5월 14일 16시,토요일,광주광역시 동구 황금동,경상사고,0,0,1,0,차대사람 - 기타,안전운전불이행,건조,맑음,단일로 - 기타,이륜,남,26세,상해없음,보행자,여,23세,경상
2022051400100429,2022년 5월 14일 16시,토요일,광주광역시 북구 문흥동,경상사고,0,0,1,0,차대사람 - 기타,안전운전불이행,건조,맑음,단일로 - 기타,승용,여,55세,상해없음,보행자,남,73세,경상
2022051400100472,2022년 5월 14일 17시,토요일,광주광역시 서구 농성동,중상사고,0,1,2,0,차량단독 - 기타,안전운전불이행,건조,맑음,단일로 - 기타,승합,남,52세,상해없음,,,,
2022051400100473,2022년 5월 14일 17시,토요일,광주광역시 남구 백운동,경상사고,0,0,1,0,차대사람 - 기타,안전운전불이행,건조,맑음,단일로 - 기타,기타불명,기타불명,미분류,기타불명,보행자,남,59세,경상
2022051400100474,2022년 5월 14일 17시,토요일,광주광역시 북구 두암동,경상사고,0,0,2,0,차대차 - 추돌,안전거리미확보,건조,맑음,교차로 - 교차로부근,승합,남,24세,상해없음,승용,남,77세,경상
2022051400100475,2022년 5월 14일 17시,토요일,광주광역시 광산구 송정동,경상사고,0,0,3,0,차대차 - 기타,안전거리미확보,건조,맑음,단일로 - 기타,승용,남,32세,상해없음,승용,여,38세,경상
2022051400100548,2022년 5월 14일 19시,토요일,광주광역시 북구 용봉동,경상사고,0,0,1,0,차대차 - 측면충돌,직진우회전진행방해,건조,맑음,단일로 - 기타,승용,여,45세,상해없음,개인형이동수단(PM),남,23세,경상
2022051400100578,2022년 5월 14일 20시,토요일,광주광역시 북구 임동,경상사고,0,0,1,0,차대차 - 측면충돌,안전운전불이행,건조,맑음,교차로 - 교차로안,승용,남,46세,상해없음,승용,남,39세,경상
2022051400100630,2022년 5월 14일 22시,토요일,광주광역시 광산구 소촌동,경상사고,0,0,1,0,차대차 - 측면충돌,차로위반,건조,맑음,교차로 - 교차로부근,승용,여,47세,상해없음,승용,여,48세,경상
2022051500100019,2022년 5월 15일 00시,일요일,광주광역시 서구 벽진동,경상사고,0,0,2,0,차대차 - 추돌,안전운전불이행,건조,맑음,교차로 - 교차로부근,승용,남,45세,상해없음,승용,남,40세,경상
2022051500100069,2022년 5월 15일 04시,일요일,광주광역시 북구 운암동,중상사고,0,1,1,0,차대차 - 측면충돌,신호위반,건조,맑음,교차로 - 교차로안,승용,남,69세,중상,승용,남,25세,경상
2022051500100176,2022년 5월 15일 11시,일요일,광주광역시 남구 진월동,경상사고,0,0,3,0,차대차 - 측면충돌,안전거리미확보,건조,맑음,교차로 - 교차로부근,승용,남,32세,상해없음,승용,여,49세,경상
2022051500100209,2022년 5월 15일 12시,일요일,광주광역시 북구 문흥동,중상사고,0,1,1,0,차대차 - 기타,교차로운행방법위반,건조,맑음,교차로 - 교차로안,이륜,남,38세,중상,승용,여,56세,경상
2022051500100236,2022년 5월 15일 13시,일요일,광주광역시 북구 각화동,경상사고,0,0,1,0,차대사람 - 기타,안전운전불이행,건조,맑음,단일로 - 기타,승용,여,70세,상해없음,보행자,남,17세,경상
2022051500100237,2022년 5월 15일 13시,일요일,광주광역시 광산구 신가동,중상사고,0,1,7,0,차대차 - 정면충돌,중앙선침범,건조,맑음,교차로 - 교차로부근,승용,여,53세,경상,승용,남,39세,경상
2022051500100238,2022년 5월 15일 13시,일요일,광주광역시 광산구 고룡동,경상사고,0,0,2,0,차대차 - 기타,안전운전불이행,건조,맑음,교차로 - 교차로부근,승용,남,50세,상해없음,승용,여,36세,경상
2022051500100304,2022년 5월 15일 15시,일요일,광주광역시 광산구 월계동,경상사고,0,0,1,0,차대차 - 후진중충돌,불법유턴,건조,맑음,단일로 - 기타,승용,여,30세,상해없음,이륜,남,41세,경상
2022051500100338,2022년 5월 15일 16시,일요일,광주광역시 북구 임동,중상사고,0,1,0,0,차대차 - 기타,교차로운행방법위반,건조,맑음,교차로 - 교차로안,승용,여,74세,상해없음,자전거,남,78세,중상
2022051500100379,2022년 5월 15일 17시,일요일,광주광역시 북구 연제동,경상사고,0,0,2,0,차대차 - 기타,신호위반,건조,맑음,교차로 - 교차로안,이륜,남,21세,경상,승용,남,57세,경상
2022051500100380,2022년 5월 15일 17시,일요일,광주광역시 광산구 송정동,경상사고,0,0,2,0,차대차 - 측면충돌,안전거리미확보,건조,맑음,단일로 - 기타,승용,남,50세,상해없음,승용,남,37세,경상
2022051500100413,2022년 5월 15일 18시,일요일,광주광역시 북구 중흥동,경상사고,0,0,1,0,차대차 - 측면충돌,중앙선침범,건조,맑음,단일로 - 기타,승용,남,30세,상해없음,이륜,남,37세,경상
2022051500100433,2022년 5월 15일 19시,일요일,광주광역시 광산구 동산동,사망사고,1,0,0,0,차대사람 - 기타,안전운전불이행,건조,맑음,단일로 - 기타,화물,남,63세,상해없음,보행자,여,87세,사망
2022051500100452,2022년 5월 15일 20시,일요일,광주광역시 북구 두암동,경상사고,0,0,1,0,차대사람 - 기타,안전운전불이행,건조,맑음,단일로 - 기타,이륜,남,56세,상해없음,보행자,여,78세,경상
2022051500100474,2022년 5월 15일 21시,일요일,광주광역시 광산구 신촌동,중상사고,0,1,1,0,차대차 - 측면충돌,신호위반,건조,맑음,교차로 - 교차로안,이륜,남,31세,중상,승용,남,50세,경상
2022051500100492,2022년 5월 15일 22시,일요일,광주광역시 북구 양산동,경상사고,0,0,1,0,차대차 - 기타,안전운전불이행,건조,맑음,교차로 - 교차로부근,개인형이동수단(PM),남,21세,경상,승용,남,22세,상해없음
2022051500100493,2022년 5월 15일 22시,일요일,광주광역시 광산구 소촌동,중상사고,0,1,0,0,차대차 - 추돌,안전운전불이행,건조,맑음,단일로 - 기타,승용,남,41세,상해없음,화물,남,61세,중상
2022051600100023,2022년 5월 16일 04시,월요일,광주광역시 서구 유촌동,경상사고,0,0,3,0,차대차 - 기타,안전운전불이행,건조,맑음,단일로 - 기타,승용,남,23세,상해없음,승용,남,32세,경상
2022051600100024,2022년 5월 16일 04시,월요일,광주광역시 북구 운암동,경상사고,0,0,1,0,차대차 - 추돌,안전운전불이행,건조,맑음,단일로 - 기타,승용,여,21세,상해없음,화물,남,54세,경상
2022051600100118,2022년 5월 16일 08시,월요일,광주광역시 남구 월산동,경상사고,0,0,1,0,차대차 - 기타,안전운전불이행,건조,맑음,단일로 - 기타,승용,남,49세,상해없음,자전거,남,70세,경상
2022051600100167,2022년 5월 16일 09시,월요일,광주광역시 광산구 우산동,중상사고,0,1,0,0,차대차 - 측면충돌,안전운전불이행,건조,맑음,교차로 - 교차로부근,승용,남,22세,기타불명,승용,여,40세,중상
2022051600100168,2022년 5월 16일 09시,월요일,광주광역시 광산구 신창동,경상사고,0,0,1,0,차대차 - 측면충돌,교차로운행방법위반,건조,맑음,단일로 - 기타,승용,여,42세,상해없음,개인형이동수단(PM),남,46세,경상
2022051600100229,2022년 5월 16일 11시,월요일,광주광역시 광산구 월계동,중상사고,0,1,0,0,차대사람 - 횡단중,안전운전불이행,건조,맑음,교차로 - 교차로안,승용,여,49세,상해없음,보행자,여,60세,중상
2022051600100230,2022년 5월 16일 11시,월요일,광주광역시 광산구 도덕동,경상사고,0,0,1,0,차량단독 - 기타,안전운전불이행,건조,맑음,단일로 - 기타,승합,남,53세,상해없음,,,,
2022051600100259,2022년 5월 16일 12시,월요일,광주광역시 서구 쌍촌동,경상사고,0,0,1,0,차대차 - 기타,교차로운행방법위반,건조,맑음,교차로 - 교차로안,승용,여,23세,상해없음,이륜,남,43세,경상
2022051600100293,2022년 5월 16일 13시,월요일,광주광역시 남구 임암동,경상사고,0,0,1,0,차대차 - 기타,안전운전불이행,건조,맑음,교차로 - 교차로부근,승용,남,55세,상해없음,승용,남,37세,경상
2022051600100294,2022년 5월 16일 13시,월요일,광주광역시 광산구 선암동,경상사고,0,0,1,0,차대차 - 기타,기타,건조,맑음,단일로 - 기타,화물,남,59세,상해없음,승용,남,47세,경상
2022051600100370,2022년 5월 16일 15시,월요일,광주광역시 북구 각화동,경상사고,0,0,1,0,차대사람 - 기타,안전운전불이행,건조,맑음,기타 - 기타,승용,여,56세,상해없음,보행자,남,10세,경상
2022051600100405,2022년 5월 16일 16시,월요일,광주광역시 동구 계림동,경상사고,0,0,1,0,차대차 - 후진중충돌,안전운전불이행,건조,맑음,단일로 - 기타,승용,남,35세,상해없음,화물,남,59세,경상
2022051600100406,2022년 5월 16일 16시,월요일,광주광역시 서구 풍암동,경상사고,0,0,1,0,차대사람 - 기타,안전운전불이행,건조,맑음,교차로 - 교차로안,승용,여,48세,상해없음,보행자,남,70세,경상
2022051600100407,2022년 5월 16일 16시,월요일,광주광역시 북구 매곡동,경상사고,0,0,1,0,차대사람 - 횡단중,안전운전불이행,건조,맑음,교차로 - 교차로부근,승용,남,61세,상해없음,보행자,남,8세,경상
2022051600100408,2022년 5월 16일 16시,월요일,광주광역시 북구 신안동,경상사고,0,0,2,0,차대차 - 측면충돌,안전거리미확보,건조,맑음,단일로 - 기타,승용,여,57세,기타불명,승용,여,33세,경상
2022051600100495,2022년 5월 16일 18시,월요일,광주광역시 서구 유촌동,경상사고,0,0,1,0,차대차 - 기타,안전거리미확보,건조,맑음,교차로 - 교차로안,화물,남,41세,상해없음,승용,여,30세,경상
2022051600100496,2022년 5월 16일 18시,월요일,광주광역시 남구 송하동,경상사고,0,0,1,0,차대차 - 기타,안전운전불이행,건조,맑음,교차로 - 교차로안,승용,남,56세,상해없음,승용,남,33세,경상
2022051600100497,2022년 5월 16일 18시,월요일,광주광역시 광산구 비아동,사망사고,1,0,3,0,차대차 - 추돌,안전운전불이행,건조,맑음,단일로 - 기타,화물,남,72세,사망,승용,여,62세,경상
2022051600100498,2022년 5월 16일 18시,월요일,광주광역시 광산구 우산동,경상사고,0,0,1,0,차대차 - 측면충돌,차로위반,건조,맑음,단일로 - 기타,승용,남,63세,상해없음,승용,남,62세,경상
2022051600100579,2022년 5월 16일 21시,월요일,광주광역시 남구 월산동,중상사고,0,1,0,0,차대사람 - 기타,안전운전불이행,건조,맑음,단일로 - 기타,승용,남,56세,상해없음,보행자,남,54세,중상
2022051700100115,2022년 5월 17일 08시,화요일,광주광역시 서구 매월동,경상사고,0,0,1,0,차대차 - 측면충돌,안전운전불이행,건조,맑음,단일로 - 기타,화물,남,45세,상해없음,승용,남,52세,경상
2022051700100116,2022년 5월 17일 08시,화요일,광주광역시 북구 신안동,경상사고,0,0,2,0,차대차 - 기타,차로위반,건조,맑음,단일로 - 기타,승용,여,45세,상해없음,승용,남,70세,경상
2022051700100142,2022년 5월 17일 09시,화요일,광주광역시 남구 백운동,경상사고,0,0,1,0,차대차 - 기타,안전거리미확보,건조,맑음,교차로 - 교차로부근,승합,남,55세,상해없음,승용,여,24세,경상
2022051700100209,2022년 5월 17일 11시,화요일,광주광역시 서구 매월동,중상사고,0,1,0,0,차대차 - 측면충돌,안전운전불이행,건조,맑음,단일로 - 기타,화물,남,59세,상해없음,이륜,남,58세,중상
2022051700100210,2022년 5월 17일 11시,화요일,광주광역시 서구 금호동,경상사고,0,0,1,1,차대차 - 기타,교차로운행방법위반,건조,맑음,교차로 - 교차로안,승용,여,60세,부상신고,이륜,남,48세,경상
2022051700100211,2022년 5월 17일 11시,화요일,광주광역시 북구 운암동,경상사고,0,0,2,0,차대차 - 측면충돌,안전거리미확보,건조,맑음,단일로 - 기타,화물,남,31세,상해없음,승용,여,33세,경상
2022051700100212,2022년 5월 17일 11시,화요일,광주광역시 광산구 운수동,경상사고,0,0,1,0,차대사람 - 기타,안전운전불이행,건조,맑음,교차로 - 교차로횡단보도내,승용,여,54세,상해없음,보행자,여,74세,경상
2022051700100213,2022년 5월 17일 11시,화요일,광주광역시 광산구 신가동,경상사고,0,0,1,0,차대차 - 기타,불법유턴,건조,맑음,교차로 - 교차로부근,건설기계,남,70세,상해없음,승용,여,36세,경상
2022051700100284,2022년 5월 17일 13시,화요일,광주광역시 서구 치평동,경상사고,0,0,1,0,차대사람 - 횡단중,신호위반,건조,맑음,단일로 - 기타,승용,여,36세,상해없음,보행자,남,8세,경상
2022051700100285,2022년 5월 17일 13시,화요일,광주광역시 서구 매월동,경상사고,0,0,1,0,차대차 - 측면충돌,안전운전불이행,건조,맑음,단일로 - 기타,승용,남,58세,상해없음,화물,남,27세,경상
2022051700100317,2022년 5월 17일 14시,화요일,광주광역시 서구 치평동,경상사고,0,0,1,0,차대차 - 추돌,안전운전불이행,건조,맑음,단일로 - 기타,승용,남,34세,상해없음,승용,남,19세,경상
2022051700100350,2022년 5월 17일 15시,화요일,광주광역시 광산구 비아동,경상사고,0,0,1,0,차대차 - 측면충돌,안전거리미확보,건조,맑음,교차로 - 교차로안,승합,남,57세,기타불명,화물,남,27세,경상
2022051700100445,2022년 5월 17일 17시,화요일,광주광역시 서구 매월동,경상사고,0,0,1,0,차대차 - 측면충돌,안전운전불이행,건조,맑음,교차로 - 교차로안,승용,여,48세,상해없음,승용,남,50세,경상
2022051700100446,2022년 5월 17일 17시,화요일,광주광역시 광산구 지평동,사망사고,1,0,0,0,차대차 - 정면충돌,기타,건조,맑음,단일로 - 기타,승용,여,32세,상해없음,자전거,남,76세,사망
2022051700100492,2022년 5월 17일 18시,화요일,광주광역시 광산구 하남동,경상사고,0,0,3,0,차대차 - 측면충돌,안전운전불이행,건조,맑음,교차로 - 교차로부근,승용,남,29세,경상,승용,여,42세,경상
2022051700100522,2022년 5월 17일 19시,화요일,광주광역시 동구 계림동,경상사고,0,0,1,0,차대차 - 추돌,안전거리미확보,건조,맑음,단일로 - 기타,이륜,남,18세,상해없음,승용,여,50세,경상
2022051700100572,2022년 5월 17일 21시,화요일,광주광역시 서구 풍암동,경상사고,0,0,1,0,차대차 - 기타,안전운전불이행,건조,맑음,미분류 - 미분류,승용,남,22세,상해없음,승합,남,41세,상해없음
2022051700100573,2022년 5월 17일 21시,화요일,광주광역시 북구 각화동,중상사고,0,1,0,0,차대사람 - 기타,안전운전불이행,건조,맑음,단일로 - 기타,승용,여,47세,상해없음,보행자,여,61세,중상
2022051700100598,2022년 5월 17일 22시,화요일,광주광역시 서구 화정동,중상사고,0,1,0,0,차대차 - 측면충돌,안전운전불이행,건조,맑음,단일로 - 기타,승용,남,57세,상해없음,이륜,남,18세,중상
2022051700100616,2022년 5월 17일 23시,화요일,광주광역시 서구 치평동,경상사고,0,0,1,0,차대차 - 추돌,안전운전불이행,건조,맑음,교차로 - 교차로안,승용,남,34세,상해없음,승용,남,38세,경상
2022051800100121,2022년 5월 18일 08시,수요일,광주광역시 동구 소태동,경상사고,0,0,1,0,차대사람 - 기타,안전운전불이행,건조,맑음,단일로 - 기타,승용,남,58세,상해없음,보행자,여,39세,경상
2022051800100122,2022년 5월 18일 08시,수요일,광주광역시 서구 쌍촌동,중상사고,0,1,0,0,차대사람 - 횡단중,보행자보호의무위반,건조,맑음,단일로 - 기타,승용,여,43세,상해없음,보행자,남,9세,중상
2022051800100123,2022년 5월 18일 08시,수요일,광주광역시 서구 농성동,중상사고,0,1,0,0,차대차 - 기타,안전운전불이행,건조,맑음,단일로 - 기타,승용,여,44세,상해없음,자전거,여,33세,중상
2022051800100124,2022년 5월 18일 08시,수요일,광주광역시 남구 주월동,중상사고,0,1,0,0,차대차 - 측면충돌,안전운전불이행,건조,맑음,교차로 - 교차로부근,승합,남,67세,상해없음,승용,여,29세,중상
2022051800100162,2022년 5월 18일 09시,수요일,광주광역시 서구 금호동,경상사고,0,0,1,0,차대사람 - 횡단중,안전운전불이행,건조,맑음,교차로 - 교차로횡단보도내,화물,남,31세,상해없음,보행자,여,71세,경상
2022051800100163,2022년 5월 18일 09시,수요일,광주광역시 서구 풍암동,경상사고,0,0,1,0,차대차 - 측면충돌,안전운전불이행,건조,맑음,교차로 - 교차로부근,승용,남,23세,상해없음,승용,여,32세,경상
2022051800100164,2022년 5월 18일 09시,수요일,광주광역시 광산구 우산동,경상사고,0,0,1,0,차대차 - 측면충돌,교차로운행방법위반,건조,맑음,교차로 - 교차로안,승용,여,32세,기타불명,승용,여,60세,경상
2022051800100209,2022년 5월 18일 11시,수요일,광주광역시 동구 금남로2가,경상사고,0,0,1,0,차대차 - 기타,안전운전불이행,건조,맑음,교차로 - 교차로횡단보도내,자전거,남,43세,경상,승용,남,67세,상해없음
2022051800100210,2022년 5월 18일 11시,수요일,광주광역시 북구 연제동,경상사고,0,0,2,0,차대차 - 추돌,안전거리미확보,건조,맑음,단일로 - 기타,화물,남,41세,경상,승용,남,66세,경상
2022051800100263,2022년 5월 18일 13시,수요일,광주광역시 동구 동명동,경상사고,0,0,1,0,차대차 - 기타,교차로운행방법위반,건조,맑음,단일로 - 기타,승용,남,80세,상해없음,승용,남,42세,경상