사고번호,사고일시,요일,시군구,사고내용,사망자수,중상자수,경상자수,부상신고자수,사고유형,법규위반,노면상태,기상상태,도로형태,가해운전자 차종,가해운전자 성별,가해운전자 연령,가해운전자 상해정도,피해운전자 차종,피해운전자 성별,피해운전자 연령,피해운전자 상해정도
2022051800100303,2022년 5월 18일 14시,수요일,광주광역시 서구 유촌동,경상사고,0,0,1,0,차대차 - 측면충돌,안전운전불이행,건조,맑음,교차로 - 교차로부근,승용,남,63세,상해없음,건설기계,남,56세,경상
2022051800100304,2022년 5월 18일 14시,수요일,광주광역시 광산구 장덕동,경상사고,0,0,1,0,차대차 - 기타,중앙선침범,건조,맑음,교차로 - 교차로부근,화물,남,75세,상해없음,이륜,남,22세,경상
2022051800100305,2022년 5월 18일 14시,수요일,광주광역시 광산구 복룡동,경상사고,0,0,1,0,차대차 - 측면충돌,차로위반,건조,맑음,단일로 - 기타,승용,남,25세,상해없음,이륜,남,21세,경상
2022051800100354,2022년 5월 18일 15시,수요일,광주광역시 서구 풍암동,경상사고,0,0,1,0,차대차 - 기타,안전운전불이행,건조,맑음,단일로 - 기타,승용,남,63세,상해없음,승용,여,25세,경상
2022051800100396,2022년 5월 18일 16시,수요일,광주광역시 서구 쌍촌동,경상사고,0,0,4,0,차대차 - 기타,안전운전불이행,건조,맑음,기타 - 기타,승용,남,50세,경상,이륜,남,39세,경상
2022051800100397,2022년 5월 18일 16시,수요일,광주광역시 남구 주월동,중상사고,0,1,0,0,차대차 - 추돌,안전운전불이행,건조,맑음,단일로 - 기타,승용,여,38세,상해없음,승용,남,46세,중상
2022051800100398,2022년 5월 18일 16시,수요일,광주광역시 북구 오룡동,경상사고,0,0,3,0,차대차 - 측면충돌,중앙선침범,건조,맑음,기타 - 기타,승용,남,46세,상해없음,승용,남,44세,경상
2022051800100499,2022년 5월 18일 18시,수요일,광주광역시 북구 풍향동,경상사고,0,0,6,0,차대차 - 측면충돌,안전운전불이행,건조,맑음,교차로 - 교차로안,승용,남,19세,경상,승용,여,42세,경상
2022051800100533,2022년 5월 18일 19시,수요일,광주광역시 서구 광천동,경상사고,0,0,1,0,차대차 - 기타,안전운전불이행,건조,맑음,단일로 - 기타,승용,여,66세,상해없음,자전거,여,24세,경상
2022051800100555,2022년 5월 18일 20시,수요일,광주광역시 서구 농성동,경상사고,0,0,1,0,차대차 - 측면충돌,안전운전불이행,건조,맑음,교차로 - 교차로안,승용,남,74세,상해없음,승용,남,22세,경상
2022051800100580,2022년 5월 18일 21시,수요일,광주광역시 서구 쌍촌동,경상사고,0,0,5,0,차대차 - 기타,안전거리미확보,건조,맑음,단일로 - 기타,승용,남,54세,경상,승용,남,18세,경상
2022051800100581,2022년 5월 18일 21시,수요일,광주광역시 남구 방림동,경상사고,0,0,1,0,차대사람 - 기타,안전운전불이행,건조,맑음,단일로 - 기타,승용,여,27세,상해없음,보행자,남,57세,경상
2022051800100598,2022년 5월 18일 22시,수요일,광주광역시 동구 금동,경상사고,0,0,1,0,차대차 - 기타,신호위반,건조,맑음,교차로 - 교차로안,승용,여,43세,상해없음,승용,남,60세,경상
2022051900100008,2022년 5월 19일 00시,목요일,광주광역시 북구 동림동,경상사고,0,0,2,0,차대차 - 기타,안전운전불이행,건조,맑음,단일로 - 기타,승용,여,42세,경상,승용,남,22세,경상
2022051900100029,2022년 5월 19일 03시,목요일,광주광역시 서구 치평동,경상사고,0,0,1,0,차대사람 - 기타,안전운전불이행,건조,맑음,단일로 - 기타,승용,남,28세,상해없음,보행자,남,40세,경상
2022051900100030,2022년 5월 19일 03시,목요일,광주광역시 북구 용봉동,경상사고,0,0,1,0,차대사람 - 기타,안전운전불이행,건조,맑음,단일로 - 기타,승용,남,39세,상해없음,보행자,남,23세,경상
2022051900100132,2022년 5월 19일 08시,목요일,광주광역시 동구 산수동,경상사고,0,0,1,0,차대차 - 기타,안전운전불이행,건조,맑음,단일로 - 기타,승용,남,51세,상해없음,승용,남,48세,경상
2022051900100133,2022년 5월 19일 08시,목요일,광주광역시 남구 방림동,경상사고,0,0,2,0,차대차 - 측면충돌,신호위반,건조,맑음,교차로 - 교차로안,승용,남,71세,상해없음,승용,남,35세,경상
2022051900100134,2022년 5월 19일 08시,목요일,광주광역시 서구 동천동,경상사고,0,0,2,0,차대차 - 추돌,안전운전불이행,건조,맑음,교차로 - 교차로횡단보도내,승용,남,56세,상해없음,승용,여,29세,경상
2022051900100135,2022년 5월 19일 08시,목요일,광주광역시 광산구 운수동,경상사고,0,0,2,0,차대차 - 측면충돌,안전운전불이행,건조,맑음,교차로 - 교차로부근,승용,여,44세,경상,승용,남,30세,경상
2022051900100217,2022년 5월 19일 11시,목요일,광주광역시 북구 유동,경상사고,0,0,1,0,차대차 - 기타,신호위반,건조,맑음,교차로 - 교차로안,승용,여,75세,상해없음,화물,남,54세,경상
2022051900100247,2022년 5월 19일 12시,목요일,광주광역시 광산구 광산동,중상사고,0,1,1,0,차대차 - 추돌,안전운전불이행,건조,맑음,단일로 - 기타,화물,남,74세,경상,농기계,남,75세,상해없음
2022051900100283,2022년 5월 19일 13시,목요일,광주광역시 남구 송하동,경상사고,0,0,2,0,차대차 - 추돌,안전운전불이행,건조,맑음,단일로 - 기타,승용,남,18세,상해없음,승용,남,41세,경상
2022051900100297,2022년 5월 19일 14시,목요일,광주광역시 남구 송하동,중상사고,0,1,0,0,차대사람 - 횡단중,교차로운행방법위반,건조,맑음,교차로 - 교차로부근,화물,남,43세,상해없음,보행자,남,49세,중상
2022051900100332,2022년 5월 19일 15시,목요일,광주광역시 동구 지산동,경상사고,0,0,1,0,차대차 - 기타,안전운전불이행,건조,맑음,단일로 - 기타,승용,남,66세,상해없음,원동기,남,25세,경상
2022051900100360,2022년 5월 19일 16시,목요일,광주광역시 서구 쌍촌동,경상사고,0,0,1,0,차대사람 - 기타,안전운전불이행,건조,맑음,단일로 - 기타,이륜,남,24세,상해없음,보행자,여,37세,경상
2022051900100511,2022년 5월 19일 20시,목요일,광주광역시 서구 치평동,경상사고,0,0,1,0,차대차 - 측면충돌,안전운전불이행,건조,맑음,단일로 - 기타,승용,여,52세,상해없음,승용,남,37세,경상
2022051900100512,2022년 5월 19일 20시,목요일,광주광역시 북구 신안동,중상사고,0,1,0,0,차대차 - 측면충돌,안전운전불이행,건조,맑음,교차로 - 교차로횡단보도내,승용,남,30세,상해없음,자전거,남,69세,중상
2022051900100538,2022년 5월 19일 21시,목요일,광주광역시 북구 운암동,경상사고,0,0,1,0,차대사람 - 차도통행중,안전운전불이행,건조,맑음,교차로 - 교차로부근,승용,남,48세,상해없음,보행자,여,16세,경상
2022051900100539,2022년 5월 19일 21시,목요일,광주광역시 광산구 도산동,중상사고,0,1,0,0,차대사람 - 기타,안전운전불이행,건조,맑음,단일로 - 기타,승용,여,50세,상해없음,보행자,남,17세,중상
2022051900100540,2022년 5월 19일 21시,목요일,광주광역시 광산구 신가동,경상사고,0,0,2,0,차대차 - 측면충돌,안전운전불이행,건조,맑음,교차로 - 교차로안,승용,남,34세,상해없음,승용,여,32세,경상
2022052000100013,2022년 5월 20일 00시,금요일,광주광역시 서구 치평동,중상사고,0,1,0,0,차대차 - 기타,안전운전불이행,건조,맑음,교차로 - 교차로안,이륜,남,44세,중상,승용,남,74세,상해없음
2022052000100027,2022년 5월 20일 01시,금요일,광주광역시 광산구 쌍암동,부상신고사고,0,0,0,1,차대사람 - 횡단중,안전운전불이행,건조,맑음,단일로 - 기타,승용,남,47세,상해없음,보행자,남,40세,부상신고
2022052000100166,2022년 5월 20일 09시,금요일,광주광역시 서구 치평동,중상사고,0,1,0,0,차대사람 - 보도통행중,보행자보호의무위반,건조,맑음,교차로 - 교차로안,승용,남,19세,상해없음,보행자,여,38세,중상
2022052000100191,2022년 5월 20일 10시,금요일,광주광역시 서구 화정동,경상사고,0,0,1,0,차대차 - 측면충돌,안전운전불이행,건조,맑음,단일로 - 기타,승용,여,43세,상해없음,이륜,남,42세,경상
2022052000100220,2022년 5월 20일 11시,금요일,광주광역시 북구 오치동,경상사고,0,0,2,0,차대차 - 기타,신호위반,건조,맑음,교차로 - 교차로안,승용,여,40세,상해없음,승용,남,64세,경상
2022052000100247,2022년 5월 20일 12시,금요일,광주광역시 동구 지산동,경상사고,0,0,1,0,차대차 - 기타,차로위반,건조,맑음,기타 - 기타,승용,여,45세,상해없음,승용,남,84세,경상
2022052000100248,2022년 5월 20일 12시,금요일,광주광역시 서구 치평동,경상사고,0,0,1,0,차대차 - 측면충돌,안전운전불이행,건조,맑음,교차로 - 교차로부근,승용,여,70세,상해없음,승용,남,28세,경상
2022052000100249,2022년 5월 20일 12시,금요일,광주광역시 서구 풍암동,경상사고,0,0,1,0,차대사람 - 기타,안전운전불이행,건조,맑음,단일로 - 기타,승용,여,57세,상해없음,보행자,남,59세,경상
2022052000100250,2022년 5월 20일 12시,금요일,광주광역시 서구 풍암동,경상사고,0,0,2,0,차대차 - 측면충돌,안전거리미확보,건조,맑음,단일로 - 기타,승용,여,55세,상해없음,승용,남,21세,경상
2022052000100251,2022년 5월 20일 12시,금요일,광주광역시 북구 용봉동,경상사고,0,0,2,0,차대차 - 기타,안전운전불이행,건조,맑음,단일로 - 기타,화물,남,55세,상해없음,승용,남,44세,경상
2022052000100273,2022년 5월 20일 13시,금요일,광주광역시 북구 장등동,중상사고,0,2,0,0,차대차 - 기타,차로위반,건조,맑음,단일로 - 기타,승합,남,62세,상해없음,화물,남,57세,상해없음
2022052000100286,2022년 5월 20일 13시,금요일,광주광역시 남구 방림동,경상사고,0,0,1,0,차대사람 - 차도통행중,안전운전불이행,건조,맑음,단일로 - 기타,화물,남,32세,상해없음,보행자,남,25세,경상
2022052000100321,2022년 5월 20일 14시,금요일,광주광역시 광산구 월곡동,경상사고,0,0,3,0,차대차 - 추돌,안전운전불이행,건조,맑음,단일로 - 기타,이륜,남,59세,경상,승합,남,61세,경상
2022052000100364,2022년 5월 20일 15시,금요일,광주광역시 남구 진월동,중상사고,0,1,0,0,차대사람 - 차도통행중,교차로운행방법위반,건조,맑음,교차로 - 교차로안,화물,남,48세,상해없음,보행자,남,70세,중상
2022052000100411,2022년 5월 20일 16시,금요일,광주광역시 남구 봉선동,경상사고,0,0,1,0,차대차 - 기타,안전운전불이행,건조,기타,교차로 - 교차로부근,승용,남,72세,상해없음,승용,여,38세,경상
2022052000100412,2022년 5월 20일 16시,금요일,광주광역시 광산구 수완동,경상사고,0,0,4,0,차대차 - 정면충돌,신호위반,건조,맑음,교차로 - 교차로안,승용,남,47세,상해없음,승용,남,22세,경상
2022052000100457,2022년 5월 20일 17시,금요일,광주광역시 광산구 월계동,경상사고,0,0,1,0,차대차 - 추돌,안전거리미확보,건조,맑음,단일로 - 기타,승용,남,27세,상해없음,승용,여,29세,상해없음
2022052000100465,2022년 5월 20일 17시,금요일,광주광역시 남구 방림동,경상사고,0,0,2,0,차대차 - 측면충돌,안전운전불이행,건조,맑음,교차로 - 교차로부근,승용,남,78세,상해없음,승용,남,23세,경상
2022052000100466,2022년 5월 20일 17시,금요일,광주광역시 북구 일곡동,경상사고,0,0,1,1,차대차 - 기타,안전운전불이행,건조,맑음,교차로 - 교차로안,승용,남,22세,부상신고,승용,남,67세,경상
2022052000100467,2022년 5월 20일 17시,금요일,광주광역시 광산구 장덕동,중상사고,0,1,0,0,차대차 - 기타,기타,건조,맑음,단일로 - 기타,화물,남,62세,상해없음,이륜,남,43세,중상
2022052000100529,2022년 5월 20일 18시,금요일,광주광역시 북구 용봉동,경상사고,0,0,1,0,차대차 - 기타,안전운전불이행,건조,맑음,단일로 - 기타,승용,여,38세,상해없음,승용,남,25세,경상
2022052000100530,2022년 5월 20일 18시,금요일,광주광역시 광산구 수완동,경상사고,0,0,4,0,차대차 - 측면충돌,안전거리미확보,건조,맑음,단일로 - 기타,승용,남,55세,상해없음,승용,남,23세,경상
2022052000100571,2022년 5월 20일 19시,금요일,광주광역시 광산구 운남동,경상사고,0,0,1,0,차대차 - 측면충돌,신호위반,건조,맑음,교차로 - 교차로안,승용,여,29세,상해없음,이륜,남,37세,경상
2022052000100633,2022년 5월 20일 21시,금요일,광주광역시 남구 봉선동,경상사고,0,0,1,0,차대차 - 추돌,안전운전불이행,젖음/습기,비,교차로 - 교차로부근,승합,남,76세,상해없음,승용,여,55세,경상
2022052000100634,2022년 5월 20일 21시,금요일,광주광역시 남구 봉선동,경상사고,0,0,1,0,차대차 - 추돌,안전거리미확보,건조,맑음,교차로 - 교차로부근,승용,남,67세,상해없음,승용,남,48세,경상
2022052000100660,2022년 5월 20일 22시,금요일,광주광역시 광산구 월계동,중상사고,0,1,0,0,차대사람 - 횡단중,신호위반,건조,맑음,교차로 - 교차로횡단보도내,승용,남,52세,상해없음,보행자,여,48세,중상
2022052000100661,2022년 5월 20일 22시,금요일,광주광역시 광산구 산월동,부상신고사고,0,0,0,1,차대차 - 추돌,안전운전불이행,건조,맑음,단일로 - 교량,승용,남,53세,상해없음,승용,남,41세,부상신고
2022052000100678,2022년 5월 20일 23시,금요일,광주광역시 북구 신용동,부상신고사고,0,0,0,1,차대사람 - 기타,안전운전불이행,건조,맑음,단일로 - 지하차도(도로)내,화물,남,63세,상해없음,보행자,여,36세,부상신고
2022052100100045,2022년 5월 21일 02시,토요일,광주광역시 서구 쌍촌동,경상사고,0,0,1,0,차대사람 - 횡단중,신호위반,건조,맑음,교차로 - 교차로안,승용,남,25세,상해없음,보행자,남,21세,경상
2022052100100061,2022년 5월 21일 04시,토요일,광주광역시 광산구 신가동,경상사고,0,0,2,0,차대차 - 추돌,안전운전불이행,건조,맑음,교차로 - 교차로안,승용,남,24세,상해없음,승용,남,54세,경상
2022052100100103,2022년 5월 21일 08시,토요일,광주광역시 광산구 수완동,경상사고,0,0,1,0,차대차 - 기타,안전거리미확보,건조,맑음,단일로 - 기타,승용,남,53세,상해없음,승용,남,41세,경상
2022052100100131,2022년 5월 21일 09시,토요일,광주광역시 서구 쌍촌동,경상사고,0,0,3,0,차대차 - 정면충돌,안전운전불이행,건조,맑음,교차로 - 교차로안,승용,남,25세,상해없음,승용,남,42세,경상
2022052100100132,2022년 5월 21일 09시,토요일,광주광역시 북구 운암동,부상신고사고,0,0,0,1,차대사람 - 보도통행중,안전운전불이행,건조,맑음,기타 - 기타,자전거,남,69세,상해없음,보행자,남,32세,부상신고
2022052100100133,2022년 5월 21일 09시,토요일,광주광역시 북구 지야동,경상사고,0,0,1,0,차대차 - 기타,불법유턴,건조,맑음,단일로 - 기타,승용,남,50세,상해없음,승용,여,61세,경상
2022052100100165,2022년 5월 21일 10시,토요일,광주광역시 광산구 도산동,경상사고,0,0,1,0,차대사람 - 길가장자리구역통행중,안전운전불이행,건조,맑음,교차로 - 교차로부근,기타불명,기타불명,미분류,기타불명,보행자,여,67세,경상
2022052100100210,2022년 5월 21일 11시,토요일,광주광역시 북구 운암동,경상사고,0,0,2,0,차대차 - 추돌,안전운전불이행,건조,맑음,단일로 - 기타,승용,남,56세,상해없음,승용,남,78세,경상
2022052100100211,2022년 5월 21일 11시,토요일,광주광역시 광산구 월계동,경상사고,0,0,1,0,차대차 - 추돌,안전운전불이행,건조,맑음,교차로 - 교차로안,승용,남,58세,상해없음,승용,여,42세,경상
2022052100100300,2022년 5월 21일 13시,토요일,광주광역시 광산구 신창동,경상사고,0,0,1,0,차대사람 - 횡단중,안전운전불이행,건조,맑음,교차로 - 교차로부근,화물,남,53세,상해없음,보행자,남,3세,경상
2022052100100346,2022년 5월 21일 14시,토요일,광주광역시 광산구 우산동,경상사고,0,0,1,0,차대차 - 측면충돌,안전운전불이행,건조,맑음,교차로 - 교차로부근,승용,여,60세,상해없음,승용,여,43세,경상
2022052100100383,2022년 5월 21일 15시,토요일,광주광역시 북구 충효동,경상사고,0,0,1,0,차대사람 - 기타,안전운전불이행,건조,맑음,단일로 - 기타,승용,남,65세,상해없음,보행자,여,60세,경상
2022052100100384,2022년 5월 21일 15시,토요일,광주광역시 광산구 쌍암동,경상사고,0,0,1,0,차대차 - 정면충돌,안전운전불이행,건조,맑음,단일로 - 기타,승용,남,25세,상해없음,이륜,남,55세,경상
2022052100100415,2022년 5월 21일 16시,토요일,광주광역시 광산구 산정동,경상사고,0,0,2,0,차대차 - 추돌,안전운전불이행,건조,맑음,단일로 - 기타,승용,남,32세,상해없음,승용,남,26세,경상
2022052100100416,2022년 5월 21일 16시,토요일,광주광역시 광산구 신창동,경상사고,0,0,2,0,차대차 - 측면충돌,교차로운행방법위반,건조,맑음,교차로 - 교차로안,승용,남,28세,경상,승용,남,59세,경상
2022052100100453,2022년 5월 21일 17시,토요일,광주광역시 남구 백운동,중상사고,0,1,0,0,차대차 - 기타,안전운전불이행,건조,맑음,교차로 - 교차로횡단보도내,승용,남,28세,상해없음,자전거,남,66세,중상
2022052100100454,2022년 5월 21일 17시,토요일,광주광역시 광산구 우산동,경상사고,0,0,1,0,차대차 - 측면충돌,차로위반,건조,맑음,단일로 - 기타,승용,남,70세,상해없음,승용,남,47세,경상
2022052100100486,2022년 5월 21일 18시,토요일,광주광역시 서구 내방동,경상사고,0,0,2,0,차대차 - 측면충돌,안전운전불이행,건조,맑음,단일로 - 기타,승용,남,30세,경상,승용,여,38세,경상
2022052100100487,2022년 5월 21일 18시,토요일,광주광역시 광산구 수완동,경상사고,0,0,2,0,차대차 - 추돌,안전운전불이행,건조,맑음,기타 - 기타,승용,여,32세,상해없음,승용,남,30세,경상
2022052100100591,2022년 5월 21일 22시,토요일,광주광역시 북구 운암동,경상사고,0,0,1,0,차대차 - 기타,안전운전불이행,건조,맑음,단일로 - 고가도로위,승용,여,61세,상해없음,승용,남,53세,경상
2022052200100012,2022년 5월 22일 00시,일요일,광주광역시 북구 용봉동,경상사고,0,0,1,0,차대사람 - 횡단중,보행자보호의무위반,건조,맑음,단일로 - 기타,기타불명,기타불명,미분류,기타불명,보행자,남,48세,경상
2022052200100013,2022년 5월 22일 00시,일요일,광주광역시 광산구 신촌동,경상사고,0,0,1,1,차대차 - 추돌,중앙선침범,건조,맑음,교차로 - 교차로부근,승용,남,14세,상해없음,승용,남,58세,경상
2022052200100028,2022년 5월 22일 02시,일요일,광주광역시 서구 화정동,경상사고,0,0,2,1,차대차 - 측면충돌,안전운전불이행,건조,맑음,단일로 - 기타,이륜,남,16세,부상신고,승용,남,45세,경상
2022052200100029,2022년 5월 22일 02시,일요일,광주광역시 광산구 복룡동,경상사고,0,0,2,0,차대차 - 추돌,안전운전불이행,건조,맑음,단일로 - 기타,승용,남,63세,상해없음,승용,남,36세,경상
2022052200100044,2022년 5월 22일 04시,일요일,광주광역시 서구 치평동,경상사고,0,0,1,0,차대사람 - 횡단중,보행자보호의무위반,건조,맑음,교차로 - 교차로안,승용,남,41세,기타불명,보행자,남,22세,경상
2022052200100175,2022년 5월 22일 12시,일요일,광주광역시 남구 진월동,중상사고,0,1,0,0,차대차 - 측면충돌,교차로운행방법위반,건조,맑음,교차로 - 교차로안,화물,남,49세,상해없음,이륜,남,36세,중상
2022052200100176,2022년 5월 22일 12시,일요일,광주광역시 남구 월산동,경상사고,0,0,1,0,차대차 - 측면충돌,안전거리미확보,건조,맑음,교차로 - 교차로부근,승용,여,60세,상해없음,승용,남,38세,경상
2022052200100177,2022년 5월 22일 12시,일요일,광주광역시 북구 운암동,경상사고,0,0,2,0,차대차 - 측면충돌,안전운전불이행,건조,맑음,교차로 - 교차로횡단보도내,승용,남,83세,기타불명,승용,남,23세,경상
2022052200100211,2022년 5월 22일 13시,일요일,광주광역시 북구 양산동,경상사고,0,0,3,0,차대차 - 추돌,안전운전불이행,건조,맑음,교차로 - 교차로부근,승용,남,60세,상해없음,승용,남,68세,경상
2022052200100212,2022년 5월 22일 13시,일요일,광주광역시 북구 임동,경상사고,0,0,1,0,차량단독 - 기타,안전운전불이행,건조,맑음,단일로 - 기타,승용,남,67세,상해없음,,,,
2022052200100213,2022년 5월 22일 13시,일요일,광주광역시 광산구 우산동,경상사고,0,0,1,0,차대차 - 기타,안전거리미확보,건조,맑음,교차로 - 교차로부근,화물,남,63세,상해없음,이륜,남,30세,경상
2022052200100319,2022년 5월 22일 16시,일요일,광주광역시 북구 유동,경상사고,0,0,1,0,차대차 - 측면충돌,안전운전불이행,건조,맑음,기타 - 기타,승용,여,43세,상해없음,자전거,남,61세,경상
2022052200100361,2022년 5월 22일 17시,일요일,광주광역시 북구 용두동,경상사고,0,0,1,0,차대사람 - 기타,안전운전불이행,건조,맑음,단일로 - 기타,승용,여,62세,상해없음,보행자,여,5세,경상
2022052200100391,2022년 5월 22일 18시,일요일,광주광역시 광산구 송정동,중상사고,0,1,4,0,차대차 - 추돌,안전거리미확보,건조,맑음,교차로 - 교차로부근,승용,여,63세,경상,승용,남,32세,경상
2022052200100412,2022년 5월 22일 19시,일요일,광주광역시 서구 풍암동,경상사고,0,0,1,0,차대차 - 추돌,안전운전불이행,건조,맑음,교차로 - 교차로부근,승용,남,38세,기타불명,승용,남,51세,경상
2022052200100457,2022년 5월 22일 21시,일요일,광주광역시 북구 용봉동,경상사고,0,0,4,0,차대차 - 측면충돌,안전운전불이행,건조,맑음,기타 - 기타,승용,남,67세,상해없음,승용,남,27세,경상
2022052200100458,2022년 5월 22일 21시,일요일,광주광역시 광산구 소촌동,경상사고,0,0,2,0,차대차 - 추돌,안전운전불이행,건조,맑음,교차로 - 교차로부근,승용,여,53세,상해없음,승용,남,53세,경상
2022052200100479,2022년 5월 22일 22시,일요일,광주광역시 남구 진월동,중상사고,0,1,0,0,차대차 - 기타,중앙선침범,건조,맑음,단일로 - 기타,승용,남,30세,상해없음,이륜,남,18세,중상
2022052300100012,2022년 5월 23일 00시,월요일,광주광역시 북구 오치동,경상사고,0,0,1,0,차대차 - 후진중충돌,안전운전불이행,건조,맑음,교차로 - 교차로부근,승용,남,57세,상해없음,승용,남,57세,경상
2022052300100026,2022년 5월 23일 04시,월요일,광주광역시 광산구 우산동,경상사고,0,0,1,0,차대차 - 측면충돌,신호위반,건조,맑음,교차로 - 교차로안,승용,남,34세,상해없음,승용,남,62세,경상
2022052300100037,2022년 5월 23일 05시,월요일,광주광역시 서구 서창동,경상사고,0,0,1,1,차대차 - 기타,직진우회전진행방해,건조,맑음,교차로 - 교차로안,승용,남,42세,부상신고,승용,여,67세,경상
2022052300100122,2022년 5월 23일 08시,월요일,광주광역시 북구 삼각동,경상사고,0,0,1,0,차대사람 - 보도통행중,보행자보호의무위반,건조,맑음,교차로 - 교차로부근,승용,여,53세,상해없음,보행자,여,10세,경상
2022052300100123,2022년 5월 23일 08시,월요일,광주광역시 광산구 수완동,중상사고,0,2,1,1,차대차 - 정면충돌,중앙선침범,건조,맑음,단일로 - 기타,승용,남,40세,상해없음,승용,여,61세,중상
2022052300100124,2022년 5월 23일 08시,월요일,광주광역시 광산구 신가동,경상사고,0,0,2,0,차대차 - 측면충돌,안전거리미확보,건조,맑음,교차로 - 교차로부근,승용,여,54세,경상,승용,남,28세,경상
2022052300100154,2022년 5월 23일 09시,월요일,광주광역시 서구 동천동,경상사고,0,0,1,0,차대차 - 기타,안전거리미확보,건조,맑음,교차로 - 교차로안,승용,남,67세,상해없음,승용,남,65세,상해없음
2022052300100155,2022년 5월 23일 09시,월요일,광주광역시 남구 주월동,경상사고,0,0,2,0,차대차 - 측면충돌,안전거리미확보,건조,맑음,교차로 - 교차로안,승용,남,72세,경상,화물,남,44세,경상
2022052300100156,2022년 5월 23일 09시,월요일,광주광역시 광산구 비아동,경상사고,0,0,1,0,차대차 - 측면충돌,중앙선침범,건조,맑음,교차로 - 교차로부근,이륜,남,69세,경상,승합,남,59세,상해없음
2022052300100157,2022년 5월 23일 09시,월요일,광주광역시 광산구 소촌동,부상신고사고,0,0,0,1,차대차 - 기타,안전거리미확보,건조,맑음,단일로 - 기타,승용,남,51세,상해없음,승용,여,52세,부상신고
2022052300100195,2022년 5월 23일 10시,월요일,광주광역시 북구 각화동,경상사고,0,0,2,0,차대차 - 측면충돌,안전운전불이행,건조,맑음,교차로 - 교차로부근,승합,남,30세,상해없음,승용,남,69세,경상
2022052300100226,2022년 5월 23일 11시,월요일,광주광역시 서구 화정동,경상사고,0,0,3,0,차대차 - 기타,신호위반,건조,맑음,교차로 - 교차로안,이륜,남,34세,경상,승용,남,45세,경상
2022052300100227,2022년 5월 23일 11시,월요일,광주광역시 북구 두암동,경상사고,0,0,1,0,차대사람 - 횡단중,안전운전불이행,건조,맑음,단일로 - 기타,승용,남,67세,상해없음,보행자,남,62세,경상
2022052300100228,2022년 5월 23일 11시,월요일,광주광역시 광산구 송정동,경상사고,0,0,3,0,차대차 - 측면충돌,안전운전불이행,건조,맑음,단일로 - 기타,화물,남,63세,경상,승용,남,28세,경상
2022052300100262,2022년 5월 23일 12시,월요일,광주광역시 북구 두암동,경상사고,0,0,1,0,차대차 - 추돌,안전운전불이행,건조,맑음,교차로 - 교차로부근,승용,남,69세,상해없음,승용,남,68세,경상
2022052300100293,2022년 5월 23일 13시,월요일,광주광역시 북구 양산동,경상사고,0,0,1,0,차대차 - 추돌,안전운전불이행,건조,맑음,단일로 - 기타,화물,남,37세,상해없음,승용,여,27세,경상
2022052300100294,2022년 5월 23일 13시,월요일,광주광역시 광산구 쌍암동,경상사고,0,0,1,0,차대차 - 측면충돌,안전거리미확보,건조,맑음,교차로 - 교차로안,승용,여,38세,상해없음,승용,여,47세,경상
2022052300100367,2022년 5월 23일 15시,월요일,광주광역시 동구 산수동,경상사고,0,0,2,0,차대차 - 측면충돌,안전운전불이행,건조,맑음,단일로 - 기타,승용,남,55세,경상,승용,남,57세,경상
2022052300100368,2022년 5월 23일 15시,월요일,광주광역시 서구 화정동,경상사고,0,0,1,0,차대차 - 기타,교차로운행방법위반,건조,맑음,교차로 - 교차로안,승용,남,78세,상해없음,승용,남,51세,경상
2022052300100370,2022년 5월 23일 15시,월요일,광주광역시 광산구 월전동,경상사고,0,0,1,0,차대차 - 기타,안전운전불이행,건조,맑음,교차로 - 교차로부근,특수,남,58세,상해없음,승용,여,48세,경상
2022052300100420,2022년 5월 23일 16시,월요일,광주광역시 남구 구동,경상사고,0,0,1,0,차대차 - 측면충돌,신호위반,건조,맑음,교차로 - 교차로안,승용,남,70세,상해없음,이륜,남,34세,경상
2022052300100462,2022년 5월 23일 17시,월요일,광주광역시 서구 화정동,중상사고,0,1,0,0,차대차 - 측면충돌,교차로운행방법위반,건조,맑음,교차로 - 교차로안,승용,남,28세,상해없음,이륜,남,38세,중상
2022052300100463,2022년 5월 23일 17시,월요일,광주광역시 북구 두암동,경상사고,0,0,1,0,차대차 - 측면충돌,교차로운행방법위반,건조,맑음,교차로 - 교차로안,자전거,여,18세,경상,승용,남,69세,상해없음
2022052300100464,2022년 5월 23일 17시,월요일,광주광역시 북구 오치동,경상사고,0,0,2,0,차대차 - 기타,안전운전불이행,건조,맑음,단일로 - 기타,승용,여,23세,상해없음,승용,여,42세,경상
2022052300100465,2022년 5월 23일 17시,월요일,광주광역시 광산구 수완동,경상사고,0,0,1,0,차대사람 - 기타,안전운전불이행,건조,맑음,단일로 - 기타,승용,남,63세,상해없음,보행자,남,45세,경상