사고번호,사고일시,요일,시군구,사고내용,사망자수,중상자수,경상자수,부상신고자수,사고유형,법규위반,노면상태,기상상태,도로형태,가해운전자 차종,가해운전자 성별,가해운전자 연령,가해운전자 상해정도,피해운전자 차종,피해운전자 성별,피해운전자 연령,피해운전자 상해정도
2022052800100326,2022년 5월 28일 14시,토요일,광주광역시 광산구 동호동,중상사고,0,1,0,0,차대차 - 기타,안전운전불이행,건조,맑음,교차로 - 교차로안,이륜,남,74세,중상,농기계,남,70세,상해없음
2022052800100374,2022년 5월 28일 15시,토요일,광주광역시 서구 광천동,경상사고,0,0,2,0,차대차 - 추돌,안전운전불이행,건조,맑음,단일로 - 기타,승용,남,61세,상해없음,승용,여,35세,경상
2022052800100406,2022년 5월 28일 16시,토요일,광주광역시 서구 금호동,경상사고,0,0,1,0,차대차 - 기타,안전거리미확보,건조,맑음,기타 - 기타,승용,여,21세,상해없음,승용,여,31세,경상
2022052800100407,2022년 5월 28일 16시,토요일,광주광역시 북구 오치동,경상사고,0,0,2,0,차대차 - 측면충돌,신호위반,건조,맑음,교차로 - 교차로안,승용,여,39세,경상,승용,남,63세,경상
2022052800100449,2022년 5월 28일 17시,토요일,광주광역시 서구 내방동,경상사고,0,0,3,0,차대차 - 기타,신호위반,건조,맑음,교차로 - 교차로안,이륜,남,24세,상해없음,승용,남,49세,경상
2022052800100450,2022년 5월 28일 17시,토요일,광주광역시 서구 농성동,부상신고사고,0,0,0,1,차대차 - 기타,교차로운행방법위반,건조,맑음,교차로 - 교차로안,이륜,남,61세,부상신고,승용,여,61세,상해없음
2022052800100485,2022년 5월 28일 18시,토요일,광주광역시 북구 용두동,중상사고,0,1,0,0,차대차 - 측면충돌,안전운전불이행,건조,맑음,단일로 - 기타,이륜,남,25세,기타불명,이륜,남,42세,중상
2022052800100519,2022년 5월 28일 19시,토요일,광주광역시 광산구 우산동,경상사고,0,0,1,0,차대차 - 측면충돌,안전운전불이행,건조,맑음,단일로 - 기타,승용,남,53세,상해없음,승용,남,58세,경상
2022052800100579,2022년 5월 28일 21시,토요일,광주광역시 광산구 송정동,경상사고,0,0,1,0,차대차 - 기타,안전운전불이행,건조,맑음,기타 - 기타,승용,기타불명,미분류,기타불명,승합,남,39세,경상
2022052800100609,2022년 5월 28일 22시,토요일,광주광역시 서구 내방동,경상사고,0,0,3,0,차대차 - 추돌,안전운전불이행,건조,맑음,교차로 - 교차로부근,승용,여,39세,상해없음,승용,남,62세,경상
2022052800100630,2022년 5월 28일 23시,토요일,광주광역시 북구 일곡동,경상사고,0,0,1,0,차량단독 - 기타,안전운전불이행,건조,맑음,단일로 - 기타,자전거,남,56세,경상,,,,
2022052900100014,2022년 5월 29일 00시,일요일,광주광역시 서구 치평동,경상사고,0,0,1,0,차대사람 - 기타,안전운전불이행,건조,맑음,단일로 - 기타,승용,남,27세,상해없음,보행자,남,35세,경상
2022052900100029,2022년 5월 29일 01시,일요일,광주광역시 광산구 월계동,경상사고,0,0,1,0,차대차 - 측면충돌,안전운전불이행,건조,맑음,단일로 - 기타,승용,여,24세,상해없음,이륜,남,18세,경상
2022052900100055,2022년 5월 29일 04시,일요일,광주광역시 남구 진월동,경상사고,0,0,1,0,차대차 - 추돌,안전운전불이행,건조,맑음,단일로 - 기타,승용,남,41세,상해없음,승용,남,66세,경상
2022052900100242,2022년 5월 29일 14시,일요일,광주광역시 북구 일곡동,경상사고,0,0,1,0,차대차 - 측면충돌,안전운전불이행,건조,맑음,단일로 - 기타,승용,남,55세,상해없음,승용,남,38세,경상
2022052900100244,2022년 5월 29일 14시,일요일,광주광역시 광산구 월계동,경상사고,0,0,1,0,차대차 - 기타,안전운전불이행,건조,맑음,교차로 - 교차로횡단보도내,기타불명,기타불명,미분류,기타불명,자전거,남,12세,경상
2022052900100276,2022년 5월 29일 15시,일요일,광주광역시 남구 방림동,경상사고,0,0,1,0,차대차 - 측면충돌,안전운전불이행,건조,맑음,교차로 - 교차로안,승용,남,64세,상해없음,자전거,남,79세,경상
2022052900100312,2022년 5월 29일 16시,일요일,광주광역시 서구 풍암동,경상사고,0,0,4,0,차대차 - 기타,불법유턴,건조,맑음,교차로 - 교차로부근,승용,여,70세,경상,승용,여,46세,경상
2022052900100313,2022년 5월 29일 16시,일요일,광주광역시 북구 우산동,경상사고,0,0,1,0,차대사람 - 횡단중,안전운전불이행,건조,맑음,단일로 - 기타,이륜,남,25세,상해없음,보행자,여,82세,경상
2022052900100314,2022년 5월 29일 16시,일요일,광주광역시 북구 양산동,경상사고,0,0,1,0,차대차 - 측면충돌,안전거리미확보,건조,맑음,단일로 - 기타,승용,여,55세,상해없음,이륜,남,46세,경상
2022052900100315,2022년 5월 29일 16시,일요일,광주광역시 북구 매곡동,경상사고,0,0,1,1,차대차 - 측면충돌,차로위반,건조,맑음,단일로 - 기타,승용,여,33세,부상신고,승용,여,53세,경상
2022052900100347,2022년 5월 29일 17시,일요일,광주광역시 남구 임암동,경상사고,0,0,1,0,차대차 - 기타,안전운전불이행,건조,맑음,단일로 - 기타,자전거,남,10세,경상,승용,남,37세,상해없음
2022052900100348,2022년 5월 29일 17시,일요일,광주광역시 북구 신안동,경상사고,0,0,2,0,차대차 - 측면충돌,안전운전불이행,건조,맑음,단일로 - 기타,승용,남,62세,상해없음,승용,남,66세,기타불명
2022052900100405,2022년 5월 29일 19시,일요일,광주광역시 광산구 송정동,경상사고,0,0,1,0,차대차 - 측면충돌,안전운전불이행,젖음/습기,비,교차로 - 교차로안,자전거,남,66세,경상,승용,남,76세,상해없음
2022052900100429,2022년 5월 29일 20시,일요일,광주광역시 서구 화정동,경상사고,0,0,2,0,차대차 - 기타,신호위반,건조,맑음,교차로 - 교차로부근,개인형이동수단(PM),여,13세,기타불명,승용,여,46세,경상
2022052900100431,2022년 5월 29일 20시,일요일,광주광역시 북구 삼각동,경상사고,0,0,3,0,차대차 - 측면충돌,안전거리미확보,기타,맑음,단일로 - 기타,화물,남,65세,상해없음,승합,남,69세,경상
2022052900100468,2022년 5월 29일 22시,일요일,광주광역시 서구 쌍촌동,경상사고,0,0,2,0,차대차 - 추돌,안전운전불이행,건조,흐림,교차로 - 교차로부근,승용,여,26세,상해없음,승용,남,36세,경상
2022052900100481,2022년 5월 29일 23시,일요일,광주광역시 광산구 운남동,경상사고,0,0,1,0,차대차 - 기타,안전운전불이행,건조,맑음,교차로 - 교차로부근,기타불명,기타불명,미분류,기타불명,개인형이동수단(PM),남,86세,경상
2022053000100093,2022년 5월 30일 08시,월요일,광주광역시 광산구 신창동,경상사고,0,0,1,0,차대차 - 추돌,안전운전불이행,건조,맑음,교차로 - 교차로안,승용,남,28세,상해없음,화물,남,63세,상해없음
2022053000100124,2022년 5월 30일 09시,월요일,광주광역시 북구 오치동,경상사고,0,0,3,0,차대차 - 기타,안전운전불이행,건조,맑음,교차로 - 교차로안,승용,여,56세,상해없음,승용,여,62세,경상
2022053000100125,2022년 5월 30일 09시,월요일,광주광역시 북구 운암동,경상사고,0,0,4,0,차대차 - 추돌,안전운전불이행,건조,맑음,교차로 - 교차로부근,승용,남,55세,기타불명,승용,남,56세,경상
2022053000100144,2022년 5월 30일 10시,월요일,광주광역시 북구 삼각동,중상사고,0,1,0,0,차량단독 - 기타,안전운전불이행,건조,맑음,단일로 - 기타,승합,남,66세,상해없음,,,,
2022053000100145,2022년 5월 30일 10시,월요일,광주광역시 광산구 송정동,경상사고,0,0,1,0,차대사람 - 기타,안전운전불이행,건조,맑음,교차로 - 교차로안,화물,남,50세,상해없음,보행자,여,63세,경상
2022053000100173,2022년 5월 30일 11시,월요일,광주광역시 남구 월산동,경상사고,0,0,1,0,차대차 - 기타,안전운전불이행,건조,맑음,단일로 - 기타,화물,남,58세,상해없음,자전거,남,81세,경상
2022053000100174,2022년 5월 30일 11시,월요일,광주광역시 광산구 장덕동,중상사고,0,1,0,0,차대차 - 측면충돌,신호위반,건조,맑음,교차로 - 교차로안,건설기계,남,63세,상해없음,화물,남,61세,중상
2022053000100204,2022년 5월 30일 12시,월요일,광주광역시 서구 쌍촌동,경상사고,0,0,1,0,차대사람 - 기타,안전운전불이행,건조,맑음,교차로 - 교차로부근,승용,남,34세,상해없음,보행자,여,76세,경상
2022053000100205,2022년 5월 30일 12시,월요일,광주광역시 북구 운암동,경상사고,0,0,1,0,차대사람 - 차도통행중,안전운전불이행,건조,맑음,단일로 - 기타,화물,남,67세,상해없음,보행자,남,59세,경상
2022053000100206,2022년 5월 30일 12시,월요일,광주광역시 북구 우산동,경상사고,0,0,2,0,차대차 - 후진중충돌,안전운전불이행,건조,맑음,단일로 - 기타,승용,남,59세,상해없음,승용,남,55세,경상
2022053000100245,2022년 5월 30일 13시,월요일,광주광역시 북구 운암동,경상사고,0,0,1,0,차대차 - 기타,안전운전불이행,건조,맑음,단일로 - 기타,화물,남,54세,상해없음,승용,남,63세,경상
2022053000100281,2022년 5월 30일 14시,월요일,광주광역시 북구 망월동,중상사고,0,1,0,0,차대사람 - 차도통행중,안전운전불이행,건조,맑음,단일로 - 기타,승용,여,57세,상해없음,보행자,여,70세,중상
2022053000100313,2022년 5월 30일 15시,월요일,광주광역시 광산구 도천동,경상사고,0,0,2,0,차대차 - 기타,안전운전불이행,건조,맑음,단일로 - 기타,이륜,남,24세,상해없음,승용,여,44세,경상
2022053000100355,2022년 5월 30일 16시,월요일,광주광역시 서구 화정동,경상사고,0,0,2,0,차대차 - 추돌,안전운전불이행,건조,맑음,단일로 - 기타,승용,남,44세,기타불명,승용,여,62세,경상
2022053000100401,2022년 5월 30일 17시,월요일,광주광역시 남구 봉선동,경상사고,0,0,3,0,차대차 - 측면충돌,안전운전불이행,건조,맑음,교차로 - 교차로안,승용,남,51세,상해없음,승용,여,29세,경상
2022053000100446,2022년 5월 30일 18시,월요일,광주광역시 서구 서창동,경상사고,0,0,1,0,차대차 - 기타,안전운전불이행,건조,맑음,교차로 - 교차로안,화물,남,44세,상해없음,승용,남,51세,경상
2022053000100467,2022년 5월 30일 19시,월요일,광주광역시 북구 문흥동,경상사고,0,0,1,0,차대차 - 기타,차로위반,건조,맑음,단일로 - 기타,승용,남,25세,상해없음,승용,여,58세,경상
2022053000100496,2022년 5월 30일 20시,월요일,광주광역시 북구 용봉동,경상사고,0,0,1,0,차대사람 - 횡단중,안전운전불이행,건조,맑음,교차로 - 교차로부근,승용,남,63세,상해없음,보행자,여,11세,경상
2022053100100031,2022년 5월 31일 04시,화요일,광주광역시 광산구 신창동,부상신고사고,0,0,0,1,차대차 - 측면충돌,안전거리미확보,건조,맑음,교차로 - 교차로부근,승용,남,46세,상해없음,승용,남,41세,상해없음
2022053100100039,2022년 5월 31일 05시,화요일,광주광역시 서구 내방동,경상사고,0,0,1,0,차대차 - 기타,안전운전불이행,건조,맑음,교차로 - 교차로안,승용,여,64세,상해없음,승용,남,43세,경상
2022053100100083,2022년 5월 31일 07시,화요일,광주광역시 남구 백운동,경상사고,0,0,1,0,차대차 - 추돌,안전운전불이행,건조,맑음,단일로 - 기타,승용,남,27세,상해없음,특수,남,50세,경상
2022053100100176,2022년 5월 31일 09시,화요일,광주광역시 서구 유촌동,경상사고,0,0,1,0,차대차 - 기타,안전운전불이행,건조,맑음,교차로 - 교차로안,승용,여,42세,상해없음,승용,여,58세,경상
2022053100100202,2022년 5월 31일 10시,화요일,광주광역시 서구 유촌동,경상사고,0,0,9,3,차대차 - 추돌,안전거리미확보,건조,맑음,단일로 - 기타,승용,여,56세,부상신고,승합,남,69세,경상
2022053100100203,2022년 5월 31일 10시,화요일,광주광역시 광산구 수완동,경상사고,0,0,2,0,차대차 - 추돌,안전운전불이행,건조,맑음,단일로 - 기타,승용,남,42세,상해없음,승용,남,43세,경상
2022053100100246,2022년 5월 31일 11시,화요일,광주광역시 남구 백운동,경상사고,0,0,3,0,차대차 - 측면충돌,안전운전불이행,건조,맑음,교차로 - 교차로부근,승용,여,52세,상해없음,승용,여,51세,경상
2022053100100360,2022년 5월 31일 14시,화요일,광주광역시 광산구 월계동,경상사고,0,0,1,0,차대차 - 측면충돌,신호위반,건조,맑음,교차로 - 교차로안,이륜,남,39세,상해없음,이륜,여,45세,경상
2022053100100398,2022년 5월 31일 15시,화요일,광주광역시 서구 치평동,경상사고,0,0,1,0,차대차 - 기타,안전운전불이행,건조,맑음,교차로 - 교차로안,승용,남,57세,상해없음,자전거,남,11세,경상
2022053100100399,2022년 5월 31일 15시,화요일,광주광역시 북구 용봉동,경상사고,0,0,1,0,차대차 - 후진중충돌,안전운전불이행,건조,맑음,교차로 - 교차로부근,화물,남,58세,상해없음,승용,여,59세,경상
2022053100100450,2022년 5월 31일 16시,화요일,광주광역시 동구 학동,경상사고,0,0,1,0,차대차 - 측면충돌,안전거리미확보,건조,맑음,교차로 - 교차로안,승용,남,27세,상해없음,승용,남,63세,경상
2022053100100451,2022년 5월 31일 16시,화요일,광주광역시 북구 두암동,경상사고,0,0,1,0,차대차 - 측면충돌,안전운전불이행,건조,맑음,단일로 - 기타,이륜,남,73세,상해없음,승용,남,49세,경상
2022053100100452,2022년 5월 31일 16시,화요일,광주광역시 광산구 월곡동,경상사고,0,0,1,0,차대사람 - 기타,안전운전불이행,건조,맑음,교차로 - 교차로안,승용,여,66세,기타불명,보행자,남,25세,경상
2022053100100453,2022년 5월 31일 16시,화요일,광주광역시 광산구 운남동,중상사고,0,1,0,0,차대사람 - 횡단중,신호위반,건조,맑음,교차로 - 교차로횡단보도내,승용,여,44세,상해없음,보행자,여,77세,중상
2022053100100502,2022년 5월 31일 17시,화요일,광주광역시 동구 월남동,경상사고,0,0,1,0,차대차 - 기타,안전운전불이행,건조,맑음,단일로 - 기타,화물,남,70세,상해없음,승용,여,54세,경상
2022053100100503,2022년 5월 31일 17시,화요일,광주광역시 서구 화정동,경상사고,0,0,1,0,차대차 - 측면충돌,안전운전불이행,건조,맑음,단일로 - 기타,승용,여,66세,상해없음,승용,남,22세,경상
2022053100100504,2022년 5월 31일 17시,화요일,광주광역시 북구 신안동,경상사고,0,0,1,0,차대차 - 기타,신호위반,건조,맑음,교차로 - 교차로안,승용,남,64세,상해없음,승용,남,51세,경상
2022053100100505,2022년 5월 31일 17시,화요일,광주광역시 북구 본촌동,부상신고사고,0,0,0,1,차대차 - 기타,직진우회전진행방해,건조,맑음,교차로 - 교차로안,승용,여,32세,상해없음,자전거,남,64세,부상신고
2022053100100506,2022년 5월 31일 17시,화요일,광주광역시 광산구 산정동,경상사고,0,0,1,0,차대차 - 후진중충돌,안전운전불이행,건조,맑음,단일로 - 기타,승용,남,43세,상해없음,승용,남,41세,경상
2022053100100562,2022년 5월 31일 18시,화요일,광주광역시 서구 화정동,경상사고,0,0,2,0,차대차 - 측면충돌,안전운전불이행,건조,맑음,교차로 - 교차로안,승용,여,50세,상해없음,승용,여,29세,경상
2022053100100563,2022년 5월 31일 18시,화요일,광주광역시 남구 월산동,경상사고,0,0,4,0,차대차 - 기타,중앙선침범,건조,맑음,교차로 - 교차로부근,승용,남,62세,상해없음,승용,남,34세,경상
2022053100100564,2022년 5월 31일 18시,화요일,광주광역시 북구 중흥동,경상사고,0,0,1,0,차대차 - 기타,안전운전불이행,건조,맑음,단일로 - 기타,화물,남,48세,상해없음,승용,남,58세,경상
2022053100100599,2022년 5월 31일 19시,화요일,광주광역시 서구 쌍촌동,경상사고,0,0,1,0,차대사람 - 차도통행중,안전운전불이행,건조,맑음,단일로 - 기타,이륜,남,36세,상해없음,보행자,남,48세,경상
2022053100100634,2022년 5월 31일 20시,화요일,광주광역시 서구 치평동,경상사고,0,0,1,0,차대차 - 측면충돌,신호위반,건조,맑음,교차로 - 교차로안,승용,여,37세,상해없음,승용,남,32세,경상
2022053100100635,2022년 5월 31일 20시,화요일,광주광역시 남구 방림동,중상사고,0,1,0,0,차대사람 - 횡단중,안전운전불이행,건조,맑음,교차로 - 교차로부근,승용,여,62세,상해없음,보행자,여,70세,중상
2022053100100636,2022년 5월 31일 20시,화요일,광주광역시 북구 운암동,경상사고,0,0,2,0,차대차 - 기타,신호위반,건조,맑음,교차로 - 교차로안,이륜,남,50세,경상,이륜,남,22세,경상
2022053100100659,2022년 5월 31일 21시,화요일,광주광역시 남구 임암동,경상사고,0,0,2,0,차대차 - 측면충돌,신호위반,건조,맑음,교차로 - 교차로안,승용,남,62세,상해없음,화물,남,70세,경상
2022053100100687,2022년 5월 31일 22시,화요일,광주광역시 서구 매월동,경상사고,0,0,2,0,차대차 - 측면충돌,교차로운행방법위반,건조,맑음,교차로 - 교차로안,승용,여,57세,경상,승용,여,51세,경상
2022060100100154,2022년 6월 1일 09시,수요일,광주광역시 광산구 도산동,경상사고,0,0,1,0,차대차 - 측면충돌,안전운전불이행,건조,맑음,교차로 - 교차로안,승용,남,65세,상해없음,이륜,여,18세,경상
2022060100100177,2022년 6월 1일 10시,수요일,광주광역시 광산구 비아동,부상신고사고,0,0,0,1,차대차 - 기타,안전운전불이행,건조,맑음,단일로 - 기타,승용,여,51세,상해없음,이륜,남,83세,부상신고
2022060100100207,2022년 6월 1일 11시,수요일,광주광역시 남구 진월동,경상사고,0,0,1,0,차대차 - 측면충돌,안전운전불이행,건조,맑음,교차로 - 교차로안,승용,여,65세,상해없음,승용,여,61세,경상
2022060100100239,2022년 6월 1일 12시,수요일,광주광역시 광산구 우산동,중상사고,0,1,0,0,차대차 - 측면충돌,교차로운행방법위반,건조,맑음,교차로 - 교차로안,승용,여,50세,상해없음,이륜,여,63세,중상
2022060100100240,2022년 6월 1일 12시,수요일,광주광역시 광산구 선암동,부상신고사고,0,0,0,1,차대차 - 측면충돌,직진우회전진행방해,건조,맑음,교차로 - 교차로안,이륜,남,42세,부상신고,승용,여,67세,상해없음
2022060100100316,2022년 6월 1일 14시,수요일,광주광역시 광산구 비아동,경상사고,0,0,2,0,차대차 - 후진중충돌,안전운전불이행,건조,맑음,교차로 - 교차로부근,승용,남,61세,상해없음,승용,남,50세,경상
2022060100100349,2022년 6월 1일 15시,수요일,광주광역시 북구 양산동,경상사고,0,0,1,1,차대차 - 측면충돌,안전운전불이행,건조,맑음,교차로 - 교차로안,이륜,남,48세,부상신고,승용,남,27세,경상
2022060100100350,2022년 6월 1일 15시,수요일,광주광역시 북구 우산동,경상사고,0,0,2,0,차대차 - 측면충돌,신호위반,건조,맑음,교차로 - 교차로안,승용,여,66세,기타불명,승용,남,22세,경상
2022060100100465,2022년 6월 1일 18시,수요일,광주광역시 남구 주월동,경상사고,0,0,1,0,차대차 - 기타,차로위반,건조,맑음,교차로 - 교차로부근,승용,여,40세,상해없음,승합,남,37세,상해없음
2022060100100492,2022년 6월 1일 19시,수요일,광주광역시 광산구 수완동,경상사고,0,0,1,0,차대사람 - 보도통행중,안전운전불이행,건조,맑음,단일로 - 기타,개인형이동수단(PM),기타불명,미분류,기타불명,보행자,남,12세,경상
2022060100100564,2022년 6월 1일 23시,수요일,광주광역시 광산구 선암동,경상사고,0,0,1,0,차대차 - 측면충돌,안전운전불이행,건조,맑음,교차로 - 교차로부근,승용,남,43세,상해없음,승용,남,42세,경상
2022060200100010,2022년 6월 2일 01시,목요일,광주광역시 서구 쌍촌동,중상사고,0,1,0,0,차대사람 - 기타,안전운전불이행,건조,맑음,교차로 - 교차로안,승용,남,40세,상해없음,보행자,여,30세,중상
2022060200100065,2022년 6월 2일 07시,목요일,광주광역시 동구 대인동,경상사고,0,0,2,0,차대차 - 측면충돌,신호위반,건조,맑음,교차로 - 교차로안,승용,여,70세,상해없음,승용,남,37세,경상
2022060200100096,2022년 6월 2일 08시,목요일,광주광역시 동구 선교동,경상사고,0,0,5,0,차대차 - 추돌,안전거리미확보,건조,맑음,단일로 - 터널,승용,남,25세,경상,승용,남,64세,경상
2022060200100097,2022년 6월 2일 08시,목요일,광주광역시 서구 농성동,경상사고,0,0,2,0,차대차 - 기타,교차로운행방법위반,건조,맑음,교차로 - 교차로안,승용,여,59세,상해없음,승용,남,73세,경상
2022060200100130,2022년 6월 2일 09시,목요일,광주광역시 동구 용산동,경상사고,0,0,1,0,차대차 - 측면충돌,안전거리미확보,건조,맑음,단일로 - 기타,승용,여,42세,상해없음,특수,남,49세,경상
2022060200100161,2022년 6월 2일 10시,목요일,광주광역시 서구 풍암동,중상사고,0,1,0,0,차대사람 - 기타,안전운전불이행,건조,맑음,단일로 - 기타,승용,남,57세,기타불명,보행자,남,49세,중상
2022060200100162,2022년 6월 2일 10시,목요일,광주광역시 광산구 삼거동,경상사고,0,0,1,0,차대차 - 기타,신호위반,건조,맑음,교차로 - 교차로안,기타불명,기타불명,미분류,기타불명,승용,남,25세,경상
2022060200100255,2022년 6월 2일 13시,목요일,광주광역시 북구 오치동,중상사고,0,1,1,0,차대차 - 측면충돌,안전운전불이행,건조,맑음,단일로 - 기타,이륜,남,32세,중상,승용,여,46세,경상
2022060200100256,2022년 6월 2일 13시,목요일,광주광역시 광산구 신가동,경상사고,0,0,1,0,차대사람 - 기타,안전운전불이행,건조,맑음,단일로 - 기타,기타불명,기타불명,미분류,기타불명,보행자,남,14세,경상
2022060200100291,2022년 6월 2일 14시,목요일,광주광역시 동구 학동,경상사고,0,0,2,0,차대차 - 기타,안전운전불이행,건조,맑음,기타 - 기타,승용,남,67세,상해없음,승용,여,57세,경상
2022060200100370,2022년 6월 2일 16시,목요일,광주광역시 서구 화정동,중상사고,0,1,0,0,차대사람 - 횡단중,안전운전불이행,건조,맑음,단일로 - 기타,승용,남,24세,상해없음,보행자,여,25세,중상
2022060200100371,2022년 6월 2일 16시,목요일,광주광역시 북구 용봉동,경상사고,0,0,1,0,차대차 - 측면충돌,안전운전불이행,건조,맑음,단일로 - 기타,이륜,남,33세,상해없음,이륜,남,24세,경상
2022060200100372,2022년 6월 2일 16시,목요일,광주광역시 북구 양산동,경상사고,0,0,1,0,차대차 - 측면충돌,안전운전불이행,건조,맑음,교차로 - 교차로부근,기타불명,기타불명,미분류,기타불명,승용,여,65세,상해없음
2022060200100475,2022년 6월 2일 18시,목요일,광주광역시 북구 문흥동,경상사고,0,0,1,0,차대차 - 측면충돌,안전운전불이행,건조,맑음,단일로 - 기타,자전거,남,15세,경상,승용,남,56세,상해없음
2022060200100476,2022년 6월 2일 18시,목요일,광주광역시 북구 월출동,경상사고,0,0,1,0,차대사람 - 기타,안전운전불이행,건조,맑음,단일로 - 기타,승용,여,29세,상해없음,보행자,남,17세,경상
2022060200100510,2022년 6월 2일 19시,목요일,광주광역시 서구 금호동,중상사고,0,1,1,0,차대사람 - 기타,안전운전불이행,건조,맑음,단일로 - 기타,이륜,남,40세,상해없음,보행자,여,24세,경상
2022060200100511,2022년 6월 2일 19시,목요일,광주광역시 광산구 송정동,경상사고,0,0,1,0,차대차 - 측면충돌,안전운전불이행,건조,맑음,교차로 - 교차로부근,자전거,남,13세,경상,승용,남,34세,상해없음
2022060200100564,2022년 6월 2일 21시,목요일,광주광역시 동구 소태동,경상사고,0,0,1,0,차대차 - 추돌,안전거리미확보,건조,맑음,기타 - 기타,승용,남,18세,상해없음,승용,남,61세,경상
2022060200100565,2022년 6월 2일 21시,목요일,광주광역시 서구 쌍촌동,경상사고,0,0,1,0,차대차 - 측면충돌,신호위반,건조,맑음,교차로 - 교차로안,이륜,남,26세,상해없음,승용,여,41세,경상
2022060200100566,2022년 6월 2일 21시,목요일,광주광역시 북구 본촌동,경상사고,0,0,1,0,차대사람 - 기타,안전운전불이행,건조,맑음,단일로 - 기타,승용,남,50세,상해없음,보행자,남,13세,경상
2022060200100601,2022년 6월 2일 23시,목요일,광주광역시 광산구 사호동,중상사고,0,1,0,0,차대사람 - 기타,안전운전불이행,건조,맑음,단일로 - 교량,승용,여,48세,상해없음,보행자,남,58세,중상
2022060300100071,2022년 6월 3일 07시,금요일,광주광역시 남구 송하동,경상사고,0,0,1,0,차대차 - 측면충돌,안전거리미확보,건조,맑음,단일로 - 기타,승용,남,79세,상해없음,승용,여,25세,경상
2022060300100110,2022년 6월 3일 08시,금요일,광주광역시 동구 학동,경상사고,0,0,1,0,차대차 - 추돌,안전운전불이행,건조,맑음,단일로 - 터널,승용,남,84세,상해없음,승용,여,55세,경상
2022060300100111,2022년 6월 3일 08시,금요일,광주광역시 북구 용봉동,중상사고,0,1,0,0,차대사람 - 기타,안전운전불이행,건조,맑음,기타 - 기타,승합,남,54세,기타불명,보행자,여,19세,중상
2022060300100145,2022년 6월 3일 09시,금요일,광주광역시 북구 오룡동,경상사고,0,0,1,0,차대차 - 기타,안전운전불이행,건조,맑음,단일로 - 기타,화물,남,55세,상해없음,사륜오토바이(ATV),남,26세,경상
2022060300100194,2022년 6월 3일 10시,금요일,광주광역시 동구 산수동,경상사고,0,0,1,0,차대차 - 측면충돌,안전거리미확보,건조,맑음,교차로 - 교차로안,특수,남,56세,상해없음,승용,여,64세,경상
2022060300100236,2022년 6월 3일 11시,금요일,광주광역시 서구 매월동,경상사고,0,0,5,0,차대차 - 측면충돌,교차로운행방법위반,건조,맑음,교차로 - 교차로안,승용,여,47세,경상,승용,남,36세,경상
2022060300100265,2022년 6월 3일 12시,금요일,광주광역시 남구 양림동,경상사고,0,0,2,0,차대차 - 측면충돌,교차로운행방법위반,건조,맑음,교차로 - 교차로안,승용,남,49세,경상,승용,남,69세,경상
2022060300100291,2022년 6월 3일 13시,금요일,광주광역시 북구 풍향동,경상사고,0,0,1,0,차대차 - 측면충돌,안전운전불이행,건조,맑음,교차로 - 교차로안,승용,여,70세,상해없음,자전거,남,9세,경상
2022060300100329,2022년 6월 3일 14시,금요일,광주광역시 북구 일곡동,경상사고,0,0,1,0,차대차 - 추돌,불법유턴,건조,맑음,단일로 - 기타,승용,남,51세,상해없음,이륜,남,54세,경상
2022060300100330,2022년 6월 3일 14시,금요일,광주광역시 광산구 우산동,경상사고,0,0,1,0,차대차 - 측면충돌,차로위반,건조,맑음,단일로 - 기타,승용,남,67세,상해없음,승용,남,27세,경상
2022060300100362,2022년 6월 3일 15시,금요일,광주광역시 서구 풍암동,경상사고,0,0,2,0,차대차 - 측면충돌,안전운전불이행,건조,맑음,단일로 - 기타,화물,남,54세,상해없음,승용,남,32세,경상
2022060300100363,2022년 6월 3일 15시,금요일,광주광역시 광산구 신가동,경상사고,0,0,1,0,차량단독 - 기타,안전운전불이행,건조,맑음,교차로 - 교차로부근,승합,남,65세,상해없음,,,,
2022060300100405,2022년 6월 3일 16시,금요일,광주광역시 동구 서석동,경상사고,0,0,1,0,차대차 - 측면충돌,안전운전불이행,건조,맑음,단일로 - 기타,승용,남,70세,상해없음,화물,기타불명,미분류,기타불명
2022060300100406,2022년 6월 3일 16시,금요일,광주광역시 북구 양산동,경상사고,0,0,1,0,차대사람 - 기타,안전운전불이행,건조,맑음,단일로 - 기타,승합,남,59세,상해없음,보행자,남,36세,경상
2022060300100453,2022년 6월 3일 17시,금요일,광주광역시 서구 풍암동,중상사고,0,1,0,0,차대사람 - 기타,안전운전불이행,건조,맑음,교차로 - 교차로안,화물,남,56세,상해없음,보행자,남,42세,중상
2022060300100454,2022년 6월 3일 17시,금요일,광주광역시 남구 양림동,부상신고사고,0,0,0,1,차대차 - 기타,안전운전불이행,건조,맑음,단일로 - 기타,승용,남,40세,상해없음,승용,남,52세,부상신고
2022060300100455,2022년 6월 3일 17시,금요일,광주광역시 남구 방림동,경상사고,0,0,1,0,차대차 - 추돌,안전거리미확보,건조,맑음,교차로 - 교차로부근,승용,남,67세,상해없음,승용,여,40세,경상