사고번호,사고일시,요일,시군구,사고내용,사망자수,중상자수,경상자수,부상신고자수,사고유형,법규위반,노면상태,기상상태,도로형태,가해운전자 차종,가해운전자 성별,가해운전자 연령,가해운전자 상해정도,피해운전자 차종,피해운전자 성별,피해운전자 연령,피해운전자 상해정도
2022070700100605,2022년 7월 7일 22시,목요일,광주광역시 남구 주월동,경상사고,0,0,1,0,차대차 - 측면충돌,직진우회전진행방해,건조,맑음,교차로 - 교차로안,승용,남,50세,상해없음,승용,여,43세,경상
2022070700100626,2022년 7월 7일 23시,목요일,광주광역시 북구 운암동,경상사고,0,0,2,0,차대차 - 기타,중앙선침범,젖음/습기,비,기타 - 기타,이륜,남,23세,상해없음,승용,남,60세,상해없음
2022070700100627,2022년 7월 7일 23시,목요일,광주광역시 광산구 신촌동,경상사고,0,0,1,0,차대차 - 측면충돌,안전거리미확보,건조,맑음,단일로 - 기타,승용,남,70세,상해없음,승용,남,60세,경상
2022070800100020,2022년 7월 8일 01시,금요일,광주광역시 서구 쌍촌동,경상사고,0,0,1,0,차대사람 - 차도통행중,안전운전불이행,건조,맑음,교차로 - 교차로부근,승용,남,31세,상해없음,보행자,남,61세,경상
2022070800100075,2022년 7월 8일 07시,금요일,광주광역시 남구 주월동,경상사고,0,0,2,0,차대차 - 측면충돌,안전운전불이행,건조,맑음,단일로 - 기타,승용,남,71세,상해없음,승용,남,36세,경상
2022070800100076,2022년 7월 8일 07시,금요일,광주광역시 북구 두암동,경상사고,0,0,1,0,차대차 - 추돌,차로위반,건조,맑음,단일로 - 기타,특수,남,64세,상해없음,승용,남,30세,경상
2022070800100118,2022년 7월 8일 08시,금요일,광주광역시 서구 화정동,경상사고,0,0,2,0,차대차 - 기타,안전운전불이행,건조,맑음,단일로 - 기타,승용,여,44세,기타불명,승용,여,42세,경상
2022070800100119,2022년 7월 8일 08시,금요일,광주광역시 북구 오룡동,사망사고,1,0,0,0,차대사람 - 기타,기타,건조,흐림,단일로 - 기타,승용,남,29세,상해없음,보행자,남,56세,사망
2022070800100120,2022년 7월 8일 08시,금요일,광주광역시 광산구 신가동,경상사고,0,0,4,0,차대차 - 측면충돌,안전운전불이행,건조,맑음,교차로 - 교차로안,승합,여,52세,상해없음,승용,여,30세,경상
2022070800100157,2022년 7월 8일 09시,금요일,광주광역시 북구 운암동,경상사고,0,0,1,0,차대차 - 기타,안전운전불이행,건조,맑음,단일로 - 기타,승용,남,77세,상해없음,승용,여,26세,경상
2022070800100179,2022년 7월 8일 10시,금요일,광주광역시 북구 매곡동,경상사고,0,0,1,0,차대차 - 측면충돌,안전운전불이행,건조,맑음,교차로 - 교차로안,승합,남,70세,상해없음,승합,여,50세,경상
2022070800100180,2022년 7월 8일 10시,금요일,광주광역시 광산구 수완동,경상사고,0,0,2,0,차대차 - 후진중충돌,안전운전불이행,건조,맑음,단일로 - 기타,승용,남,32세,상해없음,승용,남,41세,경상
2022070800100213,2022년 7월 8일 11시,금요일,광주광역시 북구 동림동,경상사고,0,0,1,0,차대차 - 기타,차로위반,젖음/습기,흐림,단일로 - 기타,승용,남,60세,상해없음,화물,기타불명,미분류,기타불명
2022070800100249,2022년 7월 8일 12시,금요일,광주광역시 서구 치평동,경상사고,0,0,1,0,차대차 - 기타,안전운전불이행,젖음/습기,비,단일로 - 기타,승용,여,60세,상해없음,화물,남,74세,경상
2022070800100250,2022년 7월 8일 12시,금요일,광주광역시 광산구 신창동,경상사고,0,0,1,0,차대차 - 기타,안전거리미확보,젖음/습기,비,단일로 - 기타,승용,남,50세,상해없음,이륜,남,43세,경상
2022070800100251,2022년 7월 8일 12시,금요일,광주광역시 광산구 쌍암동,경상사고,0,0,1,0,차대사람 - 횡단중,보행자보호의무위반,건조,맑음,교차로 - 교차로횡단보도내,이륜,남,27세,상해없음,보행자,남,34세,경상
2022070800100283,2022년 7월 8일 13시,금요일,광주광역시 북구 신안동,경상사고,0,0,1,0,차대차 - 측면충돌,안전운전불이행,건조,맑음,교차로 - 교차로부근,승용,남,30세,기타불명,이륜,남,37세,경상
2022070800100349,2022년 7월 8일 15시,금요일,광주광역시 서구 화정동,중상사고,0,2,0,0,차대차 - 기타,신호위반,건조,맑음,교차로 - 교차로안,승용,여,52세,기타불명,승용,남,61세,중상
2022070800100350,2022년 7월 8일 15시,금요일,광주광역시 북구 유동,경상사고,0,0,1,0,차대사람 - 기타,안전운전불이행,건조,맑음,단일로 - 기타,자전거,기타불명,미분류,기타불명,보행자,여,79세,경상
2022070800100383,2022년 7월 8일 16시,금요일,광주광역시 광산구 수완동,경상사고,0,0,1,0,차대차 - 측면충돌,안전거리미확보,건조,맑음,교차로 - 교차로부근,승용,여,43세,상해없음,승용,여,60세,경상
2022070800100434,2022년 7월 8일 17시,금요일,광주광역시 서구 화정동,경상사고,0,0,1,0,차대사람 - 보도통행중,안전운전불이행,건조,맑음,기타 - 기타,자전거,기타불명,미분류,기타불명,보행자,남,37세,경상
2022070800100486,2022년 7월 8일 18시,금요일,광주광역시 광산구 우산동,중상사고,0,1,0,0,차대차 - 측면충돌,안전운전불이행,건조,맑음,단일로 - 기타,승용,남,55세,상해없음,이륜,남,53세,중상
2022070800100517,2022년 7월 8일 19시,금요일,광주광역시 동구 소태동,경상사고,0,0,2,0,차대차 - 기타,기타,건조,맑음,단일로 - 기타,화물,남,28세,상해없음,승용,여,28세,경상
2022070800100518,2022년 7월 8일 19시,금요일,광주광역시 북구 오치동,경상사고,0,0,2,0,차대차 - 측면충돌,교차로운행방법위반,건조,맑음,교차로 - 교차로안,승용,여,45세,상해없음,승용,남,27세,경상
2022070800100519,2022년 7월 8일 19시,금요일,광주광역시 광산구 신창동,경상사고,0,0,1,0,차대사람 - 기타,안전운전불이행,건조,맑음,단일로 - 기타,개인형이동수단(PM),남,18세,상해없음,보행자,여,25세,경상
2022070900100054,2022년 7월 9일 04시,토요일,광주광역시 서구 세하동,경상사고,0,0,1,0,차량단독 - 도로외이탈 - 기타,안전운전불이행,건조,맑음,단일로 - 기타,승용,여,49세,상해없음,,,,
2022070900100075,2022년 7월 9일 06시,토요일,광주광역시 북구 신안동,경상사고,0,0,1,0,차대차 - 측면충돌,신호위반,건조,맑음,교차로 - 교차로안,화물,남,53세,상해없음,승용,남,45세,경상
2022070900100111,2022년 7월 9일 08시,토요일,광주광역시 광산구 오선동,중상사고,0,1,1,0,차대차 - 측면충돌,교차로운행방법위반,건조,맑음,교차로 - 교차로안,승합,남,69세,상해없음,이륜,남,26세,중상
2022070900100191,2022년 7월 9일 11시,토요일,광주광역시 동구 소태동,경상사고,0,0,3,0,차대차 - 기타,안전거리미확보,건조,맑음,교차로 - 교차로부근,승용,남,63세,상해없음,승용,여,46세,경상
2022070900100221,2022년 7월 9일 12시,토요일,광주광역시 서구 금호동,경상사고,0,0,1,0,차대차 - 기타,안전운전불이행,건조,맑음,교차로 - 교차로부근,승용,남,43세,상해없음,이륜,남,59세,경상
2022070900100222,2022년 7월 9일 12시,토요일,광주광역시 북구 용봉동,경상사고,0,0,4,0,차대차 - 측면충돌,안전운전불이행,건조,맑음,단일로 - 기타,승용,남,58세,경상,승용,남,54세,경상
2022070900100304,2022년 7월 9일 14시,토요일,광주광역시 북구 매곡동,경상사고,0,0,1,0,차대사람 - 차도통행중,안전운전불이행,건조,맑음,교차로 - 교차로부근,승용,남,38세,상해없음,보행자,여,11세,경상
2022070900100379,2022년 7월 9일 16시,토요일,광주광역시 동구 대인동,경상사고,0,0,1,0,차대사람 - 보도통행중,기타,건조,맑음,단일로 - 기타,승용,남,61세,상해없음,보행자,남,56세,경상
2022070900100380,2022년 7월 9일 16시,토요일,광주광역시 남구 월산동,중상사고,0,1,0,0,차대차 - 기타,안전거리미확보,건조,맑음,단일로 - 기타,승용,여,58세,상해없음,승합,남,63세,상해없음
2022070900100414,2022년 7월 9일 17시,토요일,광주광역시 서구 치평동,경상사고,0,0,4,0,차대차 - 측면충돌,교차로운행방법위반,건조,맑음,교차로 - 교차로안,승용,여,58세,상해없음,승용,남,29세,경상
2022070900100415,2022년 7월 9일 17시,토요일,광주광역시 서구 농성동,경상사고,0,0,2,0,차대차 - 추돌,안전운전불이행,건조,맑음,단일로 - 기타,화물,남,53세,상해없음,승용,여,32세,경상
2022070900100416,2022년 7월 9일 17시,토요일,광주광역시 광산구 수완동,경상사고,0,0,3,0,차대차 - 측면충돌,불법유턴,건조,맑음,교차로 - 교차로부근,승용,남,29세,기타불명,승용,여,27세,경상
2022070900100480,2022년 7월 9일 19시,토요일,광주광역시 광산구 우산동,경상사고,0,0,1,0,차대차 - 추돌,안전운전불이행,건조,맑음,교차로 - 교차로부근,승용,여,29세,상해없음,승용,여,57세,경상
2022070900100510,2022년 7월 9일 20시,토요일,광주광역시 동구 동명동,경상사고,0,0,1,0,차대차 - 기타,안전운전불이행,건조,맑음,단일로 - 기타,승용,여,52세,상해없음,승용,여,29세,경상
2022070900100533,2022년 7월 9일 21시,토요일,광주광역시 동구 용산동,부상신고사고,0,0,0,1,차대차 - 기타,안전운전불이행,건조,맑음,단일로 - 기타,승용,남,51세,상해없음,개인형이동수단(PM),남,50세,부상신고
2022070900100534,2022년 7월 9일 21시,토요일,광주광역시 서구 금호동,경상사고,0,0,3,0,차대차 - 추돌,안전운전불이행,젖음/습기,비,교차로 - 교차로안,승용,여,35세,상해없음,승용,여,44세,경상
2022070900100565,2022년 7월 9일 22시,토요일,광주광역시 서구 금호동,중상사고,0,1,0,0,차량단독 - 기타,안전운전불이행,건조,맑음,단일로 - 기타,개인형이동수단(PM),남,40세,중상,,,,
2022070900100566,2022년 7월 9일 22시,토요일,광주광역시 서구 치평동,경상사고,0,0,1,0,차대차 - 측면충돌,안전운전불이행,건조,맑음,교차로 - 교차로안,승용,여,41세,상해없음,승용,남,30세,경상
2022070900100567,2022년 7월 9일 22시,토요일,광주광역시 남구 방림동,경상사고,0,0,1,0,차대사람 - 보도통행중,안전운전불이행,건조,맑음,단일로 - 기타,승용,남,64세,상해없음,보행자,남,46세,경상
2022071000100070,2022년 7월 10일 05시,일요일,광주광역시 서구 쌍촌동,경상사고,0,0,1,0,차대차 - 측면충돌,교차로운행방법위반,건조,맑음,교차로 - 교차로안,승용,남,64세,상해없음,승용,여,42세,경상
2022071000100136,2022년 7월 10일 10시,일요일,광주광역시 서구 내방동,경상사고,0,0,7,0,차대차 - 추돌,안전운전불이행,건조,맑음,교차로 - 교차로부근,승용,여,34세,상해없음,승용,남,49세,경상
2022071000100137,2022년 7월 10일 10시,일요일,광주광역시 광산구 월곡동,부상신고사고,0,0,0,1,차대차 - 측면충돌,직진우회전진행방해,건조,맑음,교차로 - 교차로안,이륜,남,27세,부상신고,승용,남,52세,상해없음
2022071000100167,2022년 7월 10일 11시,일요일,광주광역시 북구 풍향동,경상사고,0,0,1,0,차대차 - 측면충돌,차로위반,건조,맑음,단일로 - 기타,승용,남,72세,상해없음,승합,남,54세,경상
2022071000100186,2022년 7월 10일 12시,일요일,광주광역시 북구 양산동,경상사고,0,0,1,0,차대차 - 기타,불법유턴,건조,맑음,교차로 - 교차로부근,승용,남,64세,상해없음,이륜,남,17세,경상
2022071000100214,2022년 7월 10일 13시,일요일,광주광역시 북구 용봉동,경상사고,0,0,2,0,차대차 - 측면충돌,안전운전불이행,건조,맑음,교차로 - 교차로안,승용,여,67세,경상,승용,남,59세,경상
2022071000100241,2022년 7월 10일 14시,일요일,광주광역시 동구 대의동,경상사고,0,0,1,1,차대차 - 기타,교차로운행방법위반,건조,맑음,교차로 - 교차로안,이륜,남,20세,부상신고,승용,남,34세,기타불명
2022071000100242,2022년 7월 10일 14시,일요일,광주광역시 북구 용봉동,경상사고,0,0,1,0,차대차 - 기타,교차로운행방법위반,건조,맑음,교차로 - 교차로안,승용,남,71세,상해없음,승용,여,45세,경상
2022071000100243,2022년 7월 10일 14시,일요일,광주광역시 광산구 도천동,경상사고,0,0,1,0,차대차 - 측면충돌,안전거리미확보,건조,맑음,교차로 - 교차로안,승용,남,63세,상해없음,승용,남,34세,경상
2022071000100278,2022년 7월 10일 15시,일요일,광주광역시 서구 쌍촌동,경상사고,0,0,2,0,차대차 - 기타,안전운전불이행,건조,맑음,단일로 - 기타,화물,남,68세,경상,승용,남,38세,경상
2022071000100348,2022년 7월 10일 18시,일요일,광주광역시 동구 서석동,경상사고,0,0,1,0,차량단독 - 기타,안전운전불이행,건조,맑음,단일로 - 기타,승합,남,52세,상해없음,,,,
2022071000100383,2022년 7월 10일 20시,일요일,광주광역시 서구 치평동,중상사고,0,1,0,0,차대차 - 측면충돌,안전운전불이행,건조,맑음,교차로 - 교차로부근,승용,남,42세,상해없음,이륜,남,22세,중상
2022071000100412,2022년 7월 10일 21시,일요일,광주광역시 북구 두암동,중상사고,0,1,0,0,차대사람 - 횡단중,안전운전불이행,건조,맑음,교차로 - 교차로부근,승용,여,51세,상해없음,보행자,남,64세,중상
2022071000100413,2022년 7월 10일 21시,일요일,광주광역시 광산구 신가동,부상신고사고,0,0,0,3,차대차 - 추돌,안전거리미확보,건조,맑음,교차로 - 교차로안,승용,남,44세,상해없음,승용,남,47세,부상신고
2022071000100427,2022년 7월 10일 22시,일요일,광주광역시 동구 학동,경상사고,0,0,3,0,차대차 - 추돌,안전운전불이행,건조,맑음,교차로 - 교차로부근,승용,남,46세,상해없음,승용,남,25세,경상
2022071000100442,2022년 7월 10일 23시,일요일,광주광역시 서구 쌍촌동,경상사고,0,0,1,0,차대차 - 측면충돌,안전운전불이행,건조,맑음,기타 - 기타,승용,여,29세,상해없음,승용,남,44세,경상
2022071000100443,2022년 7월 10일 23시,일요일,광주광역시 서구 치평동,경상사고,0,0,3,0,차대차 - 기타,안전운전불이행,건조,맑음,교차로 - 교차로부근,승용,남,65세,상해없음,특수,남,24세,경상
2022071100100007,2022년 7월 11일 00시,월요일,광주광역시 서구 쌍촌동,경상사고,0,0,1,0,차대사람 - 횡단중,보행자보호의무위반,젖음/습기,비,교차로 - 교차로횡단보도내,승용,남,67세,상해없음,보행자,남,22세,경상
2022071100100064,2022년 7월 11일 07시,월요일,광주광역시 북구 동림동,경상사고,0,0,1,0,차대차 - 기타,안전거리미확보,젖음/습기,맑음,교차로 - 교차로부근,화물,남,35세,상해없음,승용,여,69세,경상
2022071100100110,2022년 7월 11일 08시,월요일,광주광역시 남구 진월동,경상사고,0,0,1,0,차대차 - 기타,안전운전불이행,건조,맑음,단일로 - 기타,승용,남,26세,상해없음,승용,여,51세,경상
2022071100100111,2022년 7월 11일 08시,월요일,광주광역시 북구 임동,중상사고,0,1,0,0,차대차 - 정면충돌,안전운전불이행,젖음/습기,비,단일로 - 기타,승용,남,57세,상해없음,승용,남,45세,중상
2022071100100112,2022년 7월 11일 08시,월요일,광주광역시 북구 각화동,경상사고,0,0,1,0,차대차 - 기타,안전운전불이행,젖음/습기,비,교차로 - 교차로부근,화물,남,60세,상해없음,승용,남,28세,경상
2022071100100141,2022년 7월 11일 09시,월요일,광주광역시 광산구 월계동,경상사고,0,0,1,0,차량단독 - 기타,안전운전불이행,건조,맑음,교차로 - 교차로횡단보도내,개인형이동수단(PM),남,17세,경상,,,,
2022071100100268,2022년 7월 11일 12시,월요일,광주광역시 동구 장동,경상사고,0,0,1,0,차대차 - 추돌,안전운전불이행,건조,맑음,단일로 - 기타,승용,남,61세,기타불명,이륜,남,39세,경상
2022071100100269,2022년 7월 11일 12시,월요일,광주광역시 남구 백운동,경상사고,0,0,1,0,차대차 - 기타,안전운전불이행,건조,맑음,기타 - 기타,승용,여,68세,상해없음,승용,남,41세,경상
2022071100100331,2022년 7월 11일 14시,월요일,광주광역시 서구 쌍촌동,경상사고,0,0,1,0,차대차 - 기타,안전운전불이행,건조,맑음,단일로 - 기타,승용,남,44세,상해없음,이륜,남,38세,경상
2022071100100333,2022년 7월 11일 14시,월요일,광주광역시 광산구 도천동,경상사고,0,0,1,0,차대차 - 기타,안전운전불이행,건조,맑음,단일로 - 기타,승용,남,59세,기타불명,건설기계,남,59세,경상
2022071100100334,2022년 7월 11일 14시,월요일,광주광역시 광산구 우산동,경상사고,0,0,2,0,차대차 - 측면충돌,안전운전불이행,건조,맑음,단일로 - 기타,승용,여,59세,경상,승용,남,29세,경상
2022071100100449,2022년 7월 11일 17시,월요일,광주광역시 서구 화정동,경상사고,0,0,1,0,차대차 - 측면충돌,안전운전불이행,건조,맑음,교차로 - 교차로안,이륜,남,66세,경상,이륜,남,42세,상해없음
2022071100100450,2022년 7월 11일 17시,월요일,광주광역시 광산구 하남동,경상사고,0,0,1,0,차대차 - 측면충돌,중앙선침범,건조,맑음,단일로 - 기타,승용,여,48세,기타불명,이륜,남,21세,경상
2022071100100513,2022년 7월 11일 18시,월요일,광주광역시 남구 월산동,경상사고,0,0,2,0,차대차 - 측면충돌,신호위반,건조,맑음,교차로 - 교차로안,승용,여,30세,상해없음,승용,남,43세,상해없음
2022071100100534,2022년 7월 11일 19시,월요일,광주광역시 북구 용봉동,경상사고,0,0,1,0,차대차 - 기타,신호위반,건조,맑음,교차로 - 교차로부근,자전거,남,8세,경상,승용,여,56세,상해없음
2022071100100560,2022년 7월 11일 20시,월요일,광주광역시 광산구 수완동,경상사고,0,0,1,0,차대차 - 기타,안전운전불이행,건조,맑음,교차로 - 교차로안,승용,여,37세,기타불명,승용,여,52세,경상
2022071100100593,2022년 7월 11일 22시,월요일,광주광역시 서구 치평동,경상사고,0,0,2,0,차대차 - 기타,안전운전불이행,건조,맑음,교차로 - 교차로안,승용,남,42세,상해없음,승용,남,25세,경상
2022071200100137,2022년 7월 12일 09시,화요일,광주광역시 서구 화정동,경상사고,0,0,2,0,차대차 - 추돌,안전거리미확보,건조,맑음,교차로 - 교차로부근,승용,남,24세,상해없음,승용,남,57세,경상
2022071200100211,2022년 7월 12일 12시,화요일,광주광역시 동구 학동,경상사고,0,0,1,0,차대차 - 측면충돌,안전운전불이행,건조,맑음,교차로 - 교차로안,승용,남,77세,상해없음,이륜,남,19세,경상
2022071200100212,2022년 7월 12일 12시,화요일,광주광역시 동구 지산동,중상사고,0,2,0,0,차대사람 - 보도통행중,중앙선침범,건조,맑음,단일로 - 기타,승용,여,48세,상해없음,보행자,여,74세,중상
2022071200100260,2022년 7월 12일 14시,화요일,광주광역시 북구 운암동,경상사고,0,0,1,0,차대차 - 측면충돌,안전운전불이행,건조,맑음,단일로 - 기타,승용,남,20세,상해없음,승용,여,50세,경상
2022071200100267,2022년 7월 12일 14시,화요일,광주광역시 동구 선교동,경상사고,0,0,2,0,차대차 - 추돌,안전운전불이행,건조,맑음,단일로 - 터널,승용,남,39세,경상,화물,남,35세,경상
2022071200100268,2022년 7월 12일 14시,화요일,광주광역시 서구 치평동,경상사고,0,0,1,0,차대차 - 기타,안전운전불이행,건조,맑음,기타 - 기타,승용,남,51세,기타불명,승용,남,39세,경상
2022071200100269,2022년 7월 12일 14시,화요일,광주광역시 남구 백운동,경상사고,0,0,1,0,차대차 - 기타,안전운전불이행,건조,맑음,교차로 - 교차로안,승용,여,53세,기타불명,승용,여,22세,경상
2022071200100270,2022년 7월 12일 14시,화요일,광주광역시 북구 신용동,중상사고,0,1,0,0,차대사람 - 기타,안전운전불이행,건조,맑음,교차로 - 교차로안,승용,남,54세,상해없음,보행자,남,65세,중상
2022071200100331,2022년 7월 12일 16시,화요일,광주광역시 서구 마륵동,경상사고,0,0,1,0,차대차 - 측면충돌,중앙선침범,건조,맑음,단일로 - 기타,승용,여,57세,상해없음,승용,남,61세,경상
2022071200100420,2022년 7월 12일 18시,화요일,광주광역시 북구 오치동,경상사고,0,0,1,0,차대차 - 추돌,안전운전불이행,건조,맑음,단일로 - 기타,승용,남,50세,상해없음,승용,남,21세,경상
2022071200100422,2022년 7월 12일 18시,화요일,광주광역시 광산구 우산동,경상사고,0,0,1,0,차대차 - 측면충돌,안전거리미확보,건조,맑음,단일로 - 기타,화물,남,52세,기타불명,승용,남,41세,경상
2022071200100447,2022년 7월 12일 19시,화요일,광주광역시 광산구 장덕동,중상사고,0,1,0,0,차대차 - 측면충돌,안전운전불이행,건조,맑음,단일로 - 기타,승용,여,48세,상해없음,승용,여,41세,중상
2022071200100462,2022년 7월 12일 20시,화요일,광주광역시 서구 동천동,경상사고,0,0,1,0,차대차 - 기타,교차로운행방법위반,건조,맑음,교차로 - 교차로안,승용,남,26세,상해없음,승용,여,54세,경상
2022071200100490,2022년 7월 12일 21시,화요일,광주광역시 광산구 쌍암동,경상사고,0,0,1,0,차대차 - 측면충돌,안전거리미확보,건조,맑음,단일로 - 기타,승용,남,60세,상해없음,개인형이동수단(PM),남,58세,경상
2022071300100156,2022년 7월 13일 10시,수요일,광주광역시 남구 백운동,경상사고,0,0,1,0,차대차 - 기타,안전운전불이행,건조,맑음,교차로 - 교차로안,승용,남,68세,상해없음,승용,남,73세,경상
2022071300100186,2022년 7월 13일 11시,수요일,광주광역시 북구 우산동,경상사고,0,0,2,1,차대차 - 정면충돌,안전운전불이행,건조,맑음,교차로 - 교차로안,승용,남,73세,부상신고,승용,남,63세,경상
2022071300100244,2022년 7월 13일 13시,수요일,광주광역시 북구 동림동,경상사고,0,0,2,0,차대차 - 측면충돌,신호위반,건조,맑음,기타 - 기타,승용,여,62세,상해없음,승용,남,35세,경상
2022071300100245,2022년 7월 13일 13시,수요일,광주광역시 광산구 월계동,경상사고,0,0,1,0,차대차 - 기타,안전운전불이행,건조,맑음,단일로 - 기타,승용,여,36세,상해없음,이륜,남,77세,경상
2022071300100343,2022년 7월 13일 16시,수요일,광주광역시 북구 문흥동,경상사고,0,0,1,0,차대차 - 기타,교차로운행방법위반,건조,맑음,교차로 - 교차로안,승용,여,38세,상해없음,이륜,남,38세,경상
2022071300100344,2022년 7월 13일 16시,수요일,광주광역시 광산구 운수동,경상사고,0,0,1,0,차대차 - 기타,직진우회전진행방해,건조,맑음,교차로 - 교차로안,승용,남,33세,기타불명,승용,여,58세,경상
2022071300100388,2022년 7월 13일 17시,수요일,광주광역시 광산구 월계동,경상사고,0,0,1,0,차대차 - 기타,중앙선침범,건조,흐림,교차로 - 교차로안,화물,남,26세,상해없음,승용,여,63세,경상
2022071300100435,2022년 7월 13일 18시,수요일,광주광역시 북구 중흥동,경상사고,0,0,1,0,차대사람 - 기타,안전운전불이행,건조,맑음,기타 - 기타,승용,남,36세,기타불명,보행자,남,62세,경상
2022071300100436,2022년 7월 13일 18시,수요일,광주광역시 광산구 수완동,경상사고,0,0,1,0,차대차 - 측면충돌,신호위반,건조,맑음,단일로 - 기타,승용,여,51세,상해없음,승용,남,45세,기타불명
2022071300100503,2022년 7월 13일 20시,수요일,광주광역시 동구 산수동,경상사고,0,0,2,0,차대차 - 기타,안전운전불이행,건조,맑음,단일로 - 기타,승용,여,50세,상해없음,승용,여,47세,경상
2022071300100526,2022년 7월 13일 21시,수요일,광주광역시 북구 삼각동,경상사고,0,0,1,0,차대차 - 측면충돌,안전운전불이행,건조,맑음,단일로 - 기타,승용,남,63세,상해없음,개인형이동수단(PM),남,34세,경상
2022071300100527,2022년 7월 13일 21시,수요일,광주광역시 북구 중흥동,경상사고,0,0,1,0,차대차 - 추돌,안전운전불이행,건조,맑음,교차로 - 교차로부근,승용,남,38세,상해없음,승용,여,52세,경상
2022071400100019,2022년 7월 14일 00시,목요일,광주광역시 북구 신안동,경상사고,0,0,1,0,차대차 - 측면충돌,신호위반,건조,맑음,교차로 - 교차로안,원동기,남,19세,기타불명,승용,남,67세,상해없음
2022071400100033,2022년 7월 14일 02시,목요일,광주광역시 서구 치평동,중상사고,0,1,0,0,차대사람 - 차도통행중,안전운전불이행,젖음/습기,비,단일로 - 기타,승용,남,68세,상해없음,보행자,남,43세,중상
2022071400100041,2022년 7월 14일 03시,목요일,광주광역시 광산구 월계동,경상사고,0,0,1,0,차대사람 - 횡단중,신호위반,젖음/습기,비,교차로 - 교차로횡단보도내,이륜,남,35세,상해없음,보행자,남,24세,경상
2022071400100048,2022년 7월 14일 04시,목요일,광주광역시 광산구 신가동,사망사고,3,1,1,0,차대차 - 측면충돌,안전운전불이행,젖음/습기,비,단일로 - 기타,승용,남,18세,사망,승용,남,31세,중상
2022071400100070,2022년 7월 14일 06시,목요일,광주광역시 북구 문흥동,경상사고,0,0,2,0,차대차 - 측면충돌,교차로운행방법위반,건조,맑음,교차로 - 교차로안,승용,여,62세,기타불명,화물,남,26세,경상
2022071400100093,2022년 7월 14일 07시,목요일,광주광역시 북구 우산동,경상사고,0,0,1,0,차대차 - 추돌,안전운전불이행,건조,맑음,교차로 - 교차로부근,승용,남,32세,상해없음,승용,남,65세,경상
2022071400100131,2022년 7월 14일 08시,목요일,광주광역시 북구 임동,경상사고,0,0,2,0,차대차 - 기타,안전거리미확보,건조,맑음,단일로 - 기타,승용,여,37세,상해없음,승용,남,51세,경상
2022071400100170,2022년 7월 14일 09시,목요일,광주광역시 남구 월산동,중상사고,0,1,2,0,차대차 - 후진중충돌,기타,건조,맑음,단일로 - 기타,승용,남,65세,상해없음,승용,남,43세,경상
2022071400100171,2022년 7월 14일 09시,목요일,광주광역시 광산구 선암동,경상사고,0,0,1,0,차대차 - 추돌,안전운전불이행,건조,맑음,교차로 - 교차로부근,승용,남,34세,기타불명,승용,남,37세,경상
2022071400100205,2022년 7월 14일 10시,목요일,광주광역시 광산구 월곡동,경상사고,0,0,1,0,차대차 - 기타,불법유턴,건조,맑음,기타 - 기타,화물,남,36세,상해없음,자전거,남,66세,경상
2022071400100206,2022년 7월 14일 10시,목요일,광주광역시 광산구 송정동,부상신고사고,0,0,0,1,차대차 - 측면충돌,직진우회전진행방해,건조,맑음,교차로 - 교차로안,자전거,여,69세,부상신고,승용,남,59세,상해없음
2022071400100255,2022년 7월 14일 12시,목요일,광주광역시 남구 송하동,경상사고,0,0,1,0,차대차 - 기타,안전거리미확보,건조,맑음,단일로 - 기타,승용,남,69세,상해없음,승용,남,35세,경상
2022071400100256,2022년 7월 14일 12시,목요일,광주광역시 북구 두암동,경상사고,0,0,1,0,차대차 - 추돌,안전거리미확보,건조,맑음,단일로 - 기타,화물,남,64세,상해없음,화물,남,22세,경상
2022071400100334,2022년 7월 14일 14시,목요일,광주광역시 남구 송하동,경상사고,0,0,1,0,차대차 - 기타,안전운전불이행,건조,맑음,단일로 - 기타,화물,남,66세,상해없음,승용,남,68세,경상
2022071400100335,2022년 7월 14일 14시,목요일,광주광역시 광산구 산정동,경상사고,0,0,1,0,차대차 - 기타,교차로운행방법위반,건조,맑음,교차로 - 교차로안,이륜,남,32세,경상,화물,여,66세,상해없음
2022071400100410,2022년 7월 14일 16시,목요일,광주광역시 북구 우산동,경상사고,0,0,1,1,차대차 - 기타,차로위반,건조,맑음,단일로 - 기타,승용,남,63세,부상신고,승용,남,52세,경상
2022071400100411,2022년 7월 14일 16시,목요일,광주광역시 광산구 월계동,경상사고,0,0,1,0,차대차 - 기타,안전운전불이행,건조,맑음,교차로 - 교차로안,승용,남,35세,상해없음,자전거,남,13세,경상
2022071400100412,2022년 7월 14일 16시,목요일,광주광역시 광산구 쌍암동,경상사고,0,0,1,0,차대차 - 기타,안전운전불이행,건조,맑음,교차로 - 교차로부근,기타불명,기타불명,미분류,기타불명,자전거,남,24세,경상
2022071400100459,2022년 7월 14일 17시,목요일,광주광역시 동구 광산동,경상사고,0,0,1,0,차대사람 - 기타,안전운전불이행,건조,맑음,단일로 - 기타,승용,여,61세,상해없음,보행자,남,22세,경상