사고번호,사고일시,요일,시군구,사고내용,사망자수,중상자수,경상자수,부상신고자수,사고유형,법규위반,노면상태,기상상태,도로형태,가해운전자 차종,가해운전자 성별,가해운전자 연령,가해운전자 상해정도,피해운전자 차종,피해운전자 성별,피해운전자 연령,피해운전자 상해정도
2022080800100381,2022년 8월 8일 17시,월요일,광주광역시 서구 화정동,중상사고,0,1,0,0,차대사람 - 기타,보행자보호의무위반,건조,맑음,단일로 - 기타,승용,여,40세,상해없음,보행자,남,67세,중상
2022080800100454,2022년 8월 8일 19시,월요일,광주광역시 동구 장동,경상사고,0,0,1,0,차대사람 - 기타,안전운전불이행,건조,맑음,단일로 - 기타,승용,남,49세,상해없음,보행자,남,16세,경상
2022080800100455,2022년 8월 8일 19시,월요일,광주광역시 동구 학동,경상사고,0,0,1,0,차량단독 - 기타,안전운전불이행,기타,맑음,단일로 - 기타,이륜,남,39세,경상,,,,
2022080800100488,2022년 8월 8일 20시,월요일,광주광역시 북구 용봉동,경상사고,0,0,1,0,차대사람 - 횡단중,안전운전불이행,건조,맑음,단일로 - 기타,승용,남,43세,상해없음,보행자,남,47세,경상
2022080800100489,2022년 8월 8일 20시,월요일,광주광역시 광산구 쌍암동,경상사고,0,0,1,0,차대차 - 측면충돌,신호위반,건조,맑음,교차로 - 교차로안,승용,남,23세,상해없음,승용,여,53세,경상
2022080800100548,2022년 8월 8일 22시,월요일,광주광역시 북구 우산동,부상신고사고,0,0,0,1,차대차 - 추돌,교차로운행방법위반,건조,맑음,단일로 - 기타,승용,남,63세,기타불명,승용,남,47세,부상신고
2022080900100009,2022년 8월 9일 00시,화요일,광주광역시 서구 치평동,경상사고,0,0,2,0,차대차 - 측면충돌,신호위반,건조,맑음,교차로 - 교차로안,승용,남,61세,기타불명,승용,남,38세,경상
2022080900100026,2022년 8월 9일 04시,화요일,광주광역시 서구 유촌동,경상사고,0,0,1,0,차대차 - 기타,안전거리미확보,건조,맑음,단일로 - 기타,화물,남,50세,상해없음,승용,남,54세,경상
2022080900100063,2022년 8월 9일 07시,화요일,광주광역시 서구 치평동,경상사고,0,0,1,0,차대차 - 기타,신호위반,건조,맑음,교차로 - 교차로안,승용,남,56세,상해없음,승용,남,32세,경상
2022080900100088,2022년 8월 9일 08시,화요일,광주광역시 동구 소태동,경상사고,0,0,1,0,차대사람 - 기타,안전운전불이행,건조,맑음,기타 - 기타,자전거,남,57세,상해없음,보행자,남,65세,경상
2022080900100172,2022년 8월 9일 11시,화요일,광주광역시 서구 쌍촌동,경상사고,0,0,1,0,차대차 - 측면충돌,직진우회전진행방해,건조,맑음,교차로 - 교차로안,자전거,여,68세,경상,승용,여,26세,상해없음
2022080900100173,2022년 8월 9일 11시,화요일,광주광역시 서구 유촌동,경상사고,0,0,1,0,차대차 - 추돌,안전거리미확보,건조,맑음,단일로 - 기타,승용,남,43세,상해없음,승용,남,41세,경상
2022080900100174,2022년 8월 9일 11시,화요일,광주광역시 북구 중흥동,경상사고,0,0,1,0,차대차 - 측면충돌,교차로운행방법위반,건조,맑음,교차로 - 교차로안,승용,여,42세,상해없음,이륜,남,25세,경상
2022080900100175,2022년 8월 9일 11시,화요일,광주광역시 북구 두암동,경상사고,0,0,3,0,차대차 - 측면충돌,안전운전불이행,건조,맑음,교차로 - 교차로안,승용,여,48세,경상,승용,남,62세,경상
2022080900100176,2022년 8월 9일 11시,화요일,광주광역시 광산구 소촌동,경상사고,0,0,1,0,차대차 - 측면충돌,중앙선침범,건조,맑음,교차로 - 교차로부근,화물,남,58세,상해없음,승용,여,39세,경상
2022080900100208,2022년 8월 9일 12시,화요일,광주광역시 서구 내방동,경상사고,0,0,1,0,차대차 - 추돌,안전운전불이행,건조,맑음,교차로 - 교차로부근,화물,남,60세,상해없음,승용,여,58세,경상
2022080900100209,2022년 8월 9일 12시,화요일,광주광역시 남구 송하동,경상사고,0,0,4,0,차대차 - 기타,안전운전불이행,건조,맑음,기타 - 기타,승용,남,21세,상해없음,승용,남,46세,경상
2022080900100210,2022년 8월 9일 12시,화요일,광주광역시 북구 오치동,경상사고,0,0,3,0,차대차 - 측면충돌,안전운전불이행,기타,기타,단일로 - 기타,승용,여,48세,상해없음,승용,여,38세,경상
2022080900100211,2022년 8월 9일 12시,화요일,광주광역시 광산구 쌍암동,경상사고,0,0,1,0,차대차 - 추돌,안전운전불이행,건조,맑음,교차로 - 교차로부근,승용,여,57세,상해없음,승용,여,22세,경상
2022080900100255,2022년 8월 9일 14시,화요일,광주광역시 동구 대인동,경상사고,0,0,1,0,차대차 - 측면충돌,안전거리미확보,건조,맑음,단일로 - 기타,승용,여,53세,상해없음,승용,여,64세,경상
2022080900100293,2022년 8월 9일 15시,화요일,광주광역시 남구 봉선동,경상사고,0,0,2,0,차대차 - 추돌,안전거리미확보,건조,맑음,교차로 - 교차로부근,승용,남,48세,상해없음,승용,남,64세,상해없음
2022080900100294,2022년 8월 9일 15시,화요일,광주광역시 북구 용봉동,경상사고,0,0,1,1,차대차 - 기타,안전운전불이행,건조,맑음,단일로 - 기타,승용,남,30세,기타불명,승용,남,24세,경상
2022080900100351,2022년 8월 9일 17시,화요일,광주광역시 북구 운암동,경상사고,0,0,1,0,차대차 - 측면충돌,안전운전불이행,건조,맑음,단일로 - 기타,화물,남,53세,상해없음,이륜,남,49세,경상
2022080900100352,2022년 8월 9일 17시,화요일,광주광역시 북구 두암동,중상사고,0,1,0,0,차대차 - 기타,안전운전불이행,건조,맑음,단일로 - 기타,이륜,남,29세,상해없음,자전거,남,12세,중상
2022080900100353,2022년 8월 9일 17시,화요일,광주광역시 광산구 신창동,중상사고,0,1,0,0,차대차 - 측면충돌,신호위반,건조,맑음,단일로 - 기타,이륜,남,18세,상해없음,자전거,여,10세,중상
2022080900100395,2022년 8월 9일 18시,화요일,광주광역시 서구 화정동,경상사고,0,0,1,0,차대차 - 후진중충돌,안전운전불이행,건조,맑음,교차로 - 교차로부근,승합,남,40세,상해없음,승용,남,47세,경상
2022080900100501,2022년 8월 9일 22시,화요일,광주광역시 북구 풍향동,부상신고사고,0,0,0,1,차대차 - 기타,안전거리미확보,건조,맑음,단일로 - 기타,승용,남,65세,상해없음,이륜,남,60세,부상신고
2022080900100516,2022년 8월 9일 23시,화요일,광주광역시 북구 장등동,경상사고,0,0,1,0,차대차 - 정면충돌,신호위반,건조,맑음,교차로 - 교차로안,승용,남,69세,기타불명,승용,남,24세,경상
2022081000100170,2022년 8월 10일 11시,수요일,광주광역시 서구 화정동,경상사고,0,0,3,0,차대차 - 기타,기타,건조,맑음,교차로 - 교차로안,승용,남,26세,경상,승용,남,75세,경상
2022081000100171,2022년 8월 10일 11시,수요일,광주광역시 북구 용봉동,경상사고,0,0,2,0,차대차 - 측면충돌,안전운전불이행,건조,맑음,단일로 - 기타,승용,여,49세,상해없음,승용,여,59세,경상
2022081000100225,2022년 8월 10일 13시,수요일,광주광역시 북구 중흥동,경상사고,0,0,1,0,차대차 - 추돌,안전운전불이행,건조,맑음,교차로 - 교차로부근,승용,여,24세,기타불명,승용,남,36세,경상
2022081000100254,2022년 8월 10일 14시,수요일,광주광역시 북구 연제동,경상사고,0,0,1,0,차대차 - 추돌,안전운전불이행,건조,맑음,주차장 - 주차장,화물,남,58세,기타불명,자전거,남,8세,경상
2022081000100287,2022년 8월 10일 15시,수요일,광주광역시 동구 소태동,경상사고,0,0,1,0,차대사람 - 횡단중,보행자보호의무위반,건조,흐림,교차로 - 교차로횡단보도내,승용,남,68세,기타불명,보행자,여,64세,경상
2022081000100289,2022년 8월 10일 15시,수요일,광주광역시 광산구 도산동,중상사고,0,1,0,0,차대차 - 측면충돌,직진우회전진행방해,건조,맑음,교차로 - 교차로안,화물,남,62세,상해없음,자전거,여,70세,중상
2022081000100290,2022년 8월 10일 15시,수요일,광주광역시 광산구 장수동,중상사고,0,1,0,0,차대차 - 기타,안전운전불이행,건조,맑음,단일로 - 기타,화물,남,42세,중상,건설기계,남,59세,상해없음
2022081000100401,2022년 8월 10일 18시,수요일,광주광역시 남구 송하동,경상사고,0,0,1,0,차대사람 - 기타,안전운전불이행,건조,맑음,교차로 - 교차로부근,기타불명,기타불명,미분류,기타불명,보행자,여,10세,경상
2022081000100402,2022년 8월 10일 18시,수요일,광주광역시 북구 중흥동,경상사고,0,0,1,0,차대차 - 측면충돌,신호위반,건조,맑음,교차로 - 교차로안,이륜,남,61세,상해없음,승용,남,24세,경상
2022081000100435,2022년 8월 10일 19시,수요일,광주광역시 서구 내방동,중상사고,0,1,0,0,차대차 - 측면충돌,안전운전불이행,건조,맑음,단일로 - 기타,승용,남,60세,상해없음,이륜,남,50세,중상
2022081000100437,2022년 8월 10일 19시,수요일,광주광역시 광산구 안청동,경상사고,0,0,1,0,차대차 - 측면충돌,교차로운행방법위반,건조,맑음,단일로 - 기타,화물,남,56세,상해없음,자전거,남,47세,경상
2022081000100470,2022년 8월 10일 20시,수요일,광주광역시 동구 산수동,경상사고,0,0,1,0,차대차 - 기타,안전운전불이행,건조,맑음,교차로 - 교차로안,승용,남,18세,상해없음,승용,여,35세,경상
2022081000100471,2022년 8월 10일 20시,수요일,광주광역시 광산구 신창동,경상사고,0,0,1,1,차대차 - 정면충돌,안전운전불이행,건조,맑음,교차로 - 교차로안,승용,남,66세,부상신고,승용,남,43세,경상
2022081000100503,2022년 8월 10일 21시,수요일,광주광역시 남구 서동,경상사고,0,0,1,0,차대차 - 측면충돌,교차로운행방법위반,건조,맑음,교차로 - 교차로안,이륜,남,28세,상해없음,승용,남,52세,경상
2022081100100072,2022년 8월 11일 07시,목요일,광주광역시 서구 양동,경상사고,0,0,2,0,차대차 - 기타,안전거리미확보,젖음/습기,비,단일로 - 기타,승용,남,71세,상해없음,승용,여,60세,경상
2022081100100073,2022년 8월 11일 07시,목요일,광주광역시 광산구 황룡동,부상신고사고,0,0,0,1,차량단독 - 공작물충돌,안전운전불이행,젖음/습기,흐림,단일로 - 기타,승용,여,23세,부상신고,,,,
2022081100100112,2022년 8월 11일 09시,목요일,광주광역시 서구 쌍촌동,경상사고,0,0,1,0,차대차 - 기타,안전운전불이행,건조,맑음,단일로 - 기타,승용,남,29세,상해없음,승용,남,48세,경상
2022081100100113,2022년 8월 11일 09시,목요일,광주광역시 광산구 송정동,경상사고,0,0,2,0,차대차 - 측면충돌,안전운전불이행,건조,맑음,단일로 - 기타,화물,남,63세,상해없음,승용,여,53세,경상
2022081100100114,2022년 8월 11일 09시,목요일,광주광역시 광산구 삼거동,경상사고,0,0,1,0,차대차 - 추돌,안전운전불이행,건조,맑음,교차로 - 교차로부근,승용,남,45세,상해없음,화물,남,47세,경상
2022081100100318,2022년 8월 11일 16시,목요일,광주광역시 북구 임동,경상사고,0,0,1,0,차대차 - 측면충돌,신호위반,젖음/습기,비,교차로 - 교차로안,승용,남,64세,상해없음,승용,남,45세,경상
2022081100100319,2022년 8월 11일 16시,목요일,광주광역시 광산구 수완동,경상사고,0,0,1,1,차대차 - 측면충돌,안전거리미확보,젖음/습기,맑음,단일로 - 기타,승용,여,29세,부상신고,이륜,남,19세,경상
2022081100100359,2022년 8월 11일 17시,목요일,광주광역시 남구 봉선동,경상사고,0,0,1,0,차대사람 - 기타,안전운전불이행,젖음/습기,비,기타 - 기타,승용,남,40세,상해없음,보행자,여,74세,경상
2022081100100360,2022년 8월 11일 17시,목요일,광주광역시 광산구 산월동,경상사고,0,0,1,0,차대사람 - 횡단중,보행자보호의무위반,젖음/습기,비,교차로 - 교차로횡단보도내,승용,남,30세,상해없음,보행자,여,42세,경상
2022081100100388,2022년 8월 11일 18시,목요일,광주광역시 서구 화정동,경상사고,0,0,1,0,차대사람 - 횡단중,안전운전불이행,젖음/습기,비,교차로 - 교차로안,승용,남,51세,상해없음,보행자,남,73세,경상
2022081100100418,2022년 8월 11일 19시,목요일,광주광역시 광산구 신창동,중상사고,0,1,0,0,차대차 - 기타,교차로운행방법위반,젖음/습기,비,교차로 - 교차로안,승용,여,36세,상해없음,이륜,남,38세,중상
2022081100100447,2022년 8월 11일 20시,목요일,광주광역시 남구 백운동,경상사고,0,0,2,0,차대차 - 기타,안전거리미확보,건조,맑음,단일로 - 기타,승용,남,62세,상해없음,승용,남,29세,경상
2022081100100448,2022년 8월 11일 20시,목요일,광주광역시 광산구 하남동,경상사고,0,0,1,0,차대차 - 기타,교차로운행방법위반,젖음/습기,비,교차로 - 교차로안,화물,남,54세,상해없음,이륜,남,46세,경상
2022081200100006,2022년 8월 12일 00시,금요일,광주광역시 북구 용봉동,경상사고,0,0,1,0,차대차 - 기타,안전운전불이행,건조,맑음,단일로 - 기타,승용,남,58세,상해없음,화물,남,49세,상해없음
2022081200100031,2022년 8월 12일 03시,금요일,광주광역시 광산구 선암동,경상사고,0,0,3,0,차대차 - 추돌,안전운전불이행,젖음/습기,비,교차로 - 교차로부근,승용,여,41세,경상,승용,남,42세,경상
2022081200100069,2022년 8월 12일 07시,금요일,광주광역시 동구 학동,경상사고,0,0,2,0,차대차 - 추돌,안전거리미확보,건조,맑음,기타 - 기타,승용,남,54세,상해없음,승용,남,35세,경상
2022081200100070,2022년 8월 12일 07시,금요일,광주광역시 광산구 도천동,경상사고,0,0,1,0,차대차 - 측면충돌,교차로운행방법위반,건조,맑음,교차로 - 교차로안,승용,여,37세,상해없음,승용,남,28세,경상
2022081200100141,2022년 8월 12일 09시,금요일,광주광역시 서구 쌍촌동,경상사고,0,0,1,0,차대차 - 기타,안전운전불이행,건조,맑음,기타 - 기타,승용,남,52세,상해없음,승용,남,39세,경상
2022081200100283,2022년 8월 12일 13시,금요일,광주광역시 북구 문흥동,경상사고,0,0,2,0,차대차 - 측면충돌,안전운전불이행,건조,맑음,교차로 - 교차로안,승합,남,26세,상해없음,승용,남,41세,경상
2022081200100312,2022년 8월 12일 14시,금요일,광주광역시 남구 백운동,경상사고,0,0,1,0,차대사람 - 기타,보행자보호의무위반,건조,맑음,단일로 - 기타,화물,남,45세,상해없음,보행자,남,10세,경상
2022081200100347,2022년 8월 12일 15시,금요일,광주광역시 서구 쌍촌동,경상사고,0,0,1,0,차대차 - 기타,안전운전불이행,건조,맑음,교차로 - 교차로부근,승용,남,58세,상해없음,승용,여,38세,경상
2022081200100348,2022년 8월 12일 15시,금요일,광주광역시 서구 광천동,경상사고,0,0,1,0,차대차 - 추돌,안전거리미확보,건조,맑음,교차로 - 교차로부근,승용,남,41세,상해없음,승용,남,55세,경상
2022081200100349,2022년 8월 12일 15시,금요일,광주광역시 남구 봉선동,경상사고,0,0,1,0,차대사람 - 횡단중,보행자보호의무위반,건조,맑음,단일로 - 기타,화물,남,29세,상해없음,보행자,여,35세,경상
2022081200100350,2022년 8월 12일 15시,금요일,광주광역시 북구 두암동,경상사고,0,0,1,0,차대차 - 측면충돌,안전운전불이행,건조,맑음,단일로 - 기타,승용,여,66세,기타불명,승용,여,52세,경상
2022081200100351,2022년 8월 12일 15시,금요일,광주광역시 광산구 우산동,경상사고,0,0,1,0,차대차 - 추돌,안전운전불이행,건조,맑음,교차로 - 교차로안,승용,남,38세,상해없음,자전거,남,57세,경상
2022081200100390,2022년 8월 12일 16시,금요일,광주광역시 북구 일곡동,중상사고,0,1,0,0,차대사람 - 횡단중,안전운전불이행,건조,맑음,단일로 - 기타,이륜,남,25세,상해없음,보행자,여,82세,중상
2022081200100477,2022년 8월 12일 18시,금요일,광주광역시 서구 화정동,경상사고,0,0,1,0,차대차 - 추돌,안전거리미확보,건조,맑음,단일로 - 기타,승용,남,23세,상해없음,화물,남,54세,경상
2022081200100478,2022년 8월 12일 18시,금요일,광주광역시 서구 치평동,중상사고,0,1,0,0,차대사람 - 기타,안전운전불이행,건조,맑음,단일로 - 기타,승용,남,28세,상해없음,보행자,여,60세,중상
2022081200100479,2022년 8월 12일 18시,금요일,광주광역시 서구 쌍촌동,경상사고,0,0,1,0,차대사람 - 기타,안전운전불이행,건조,맑음,교차로 - 교차로안,승용,여,51세,상해없음,보행자,남,66세,경상
2022081200100480,2022년 8월 12일 18시,금요일,광주광역시 서구 광천동,경상사고,0,0,1,0,차대차 - 측면충돌,교차로운행방법위반,건조,맑음,교차로 - 교차로안,승용,여,24세,상해없음,승용,남,31세,경상
2022081200100481,2022년 8월 12일 18시,금요일,광주광역시 북구 임동,경상사고,0,0,2,0,차대차 - 측면충돌,교차로운행방법위반,건조,맑음,교차로 - 교차로안,승합,남,40세,상해없음,승용,여,33세,경상
2022081200100482,2022년 8월 12일 18시,금요일,광주광역시 북구 용두동,경상사고,0,0,3,0,차대차 - 측면충돌,안전운전불이행,건조,맑음,단일로 - 기타,이륜,남,25세,경상,승용,남,23세,경상
2022081200100526,2022년 8월 12일 19시,금요일,광주광역시 북구 용봉동,경상사고,0,0,1,0,차대차 - 측면충돌,안전운전불이행,건조,맑음,단일로 - 기타,이륜,남,38세,경상,화물,남,34세,상해없음
2022081200100527,2022년 8월 12일 19시,금요일,광주광역시 북구 두암동,경상사고,0,0,1,0,차대차 - 측면충돌,안전운전불이행,건조,맑음,단일로 - 기타,화물,남,68세,상해없음,승용,남,49세,경상
2022081200100571,2022년 8월 12일 20시,금요일,광주광역시 동구 대인동,중상사고,0,1,0,0,차대사람 - 기타,기타,건조,맑음,단일로 - 기타,승합,남,50세,상해없음,보행자,남,69세,중상
2022081200100594,2022년 8월 12일 21시,금요일,광주광역시 동구 용산동,경상사고,0,0,1,0,차대차 - 후진중충돌,안전운전불이행,건조,맑음,단일로 - 기타,승용,남,62세,상해없음,승용,남,35세,경상
2022081200100595,2022년 8월 12일 21시,금요일,광주광역시 서구 화정동,경상사고,0,0,1,0,차대차 - 추돌,안전운전불이행,건조,맑음,교차로 - 교차로부근,승용,여,48세,상해없음,원동기,남,42세,경상
2022081200100597,2022년 8월 12일 21시,금요일,광주광역시 광산구 쌍암동,경상사고,0,0,4,0,차대차 - 측면충돌,차로위반,건조,맑음,교차로 - 교차로안,승용,남,64세,상해없음,승용,남,21세,경상
2022081200100619,2022년 8월 12일 22시,금요일,광주광역시 서구 화정동,경상사고,0,0,2,0,차대차 - 기타,안전운전불이행,건조,맑음,단일로 - 기타,승용,남,29세,상해없음,승용,여,29세,경상
2022081300100022,2022년 8월 13일 01시,토요일,광주광역시 남구 진월동,경상사고,0,0,1,0,차대차 - 측면충돌,안전운전불이행,건조,맑음,교차로 - 교차로안,기타불명,기타불명,미분류,기타불명,승용,남,32세,경상
2022081300100044,2022년 8월 13일 04시,토요일,광주광역시 북구 청풍동,경상사고,0,0,2,0,차대차 - 측면충돌,중앙선침범,건조,맑음,기타 - 기타,승용,남,25세,상해없음,화물,남,65세,경상
2022081300100132,2022년 8월 13일 10시,토요일,광주광역시 남구 봉선동,경상사고,0,0,3,0,차대차 - 기타,안전거리미확보,건조,맑음,단일로 - 기타,승용,남,74세,상해없음,승용,여,46세,경상
2022081300100156,2022년 8월 13일 11시,토요일,광주광역시 북구 연제동,경상사고,0,0,2,0,차대차 - 측면충돌,차로위반,건조,맑음,교차로 - 교차로부근,승용,남,67세,상해없음,승용,남,40세,경상
2022081300100202,2022년 8월 13일 12시,토요일,광주광역시 남구 진월동,경상사고,0,0,1,0,차대차 - 기타,안전운전불이행,건조,맑음,교차로 - 교차로부근,승용,남,33세,상해없음,승용,여,66세,경상
2022081300100203,2022년 8월 13일 12시,토요일,광주광역시 북구 중흥동,중상사고,0,1,0,0,차대차 - 기타,안전운전불이행,건조,맑음,교차로 - 교차로부근,승용,남,64세,상해없음,사륜오토바이(ATV),남,73세,중상
2022081300100204,2022년 8월 13일 12시,토요일,광주광역시 광산구 장덕동,경상사고,0,0,1,0,차대차 - 측면충돌,안전운전불이행,건조,맑음,교차로 - 교차로부근,승용,남,43세,상해없음,화물,남,30세,경상
2022081300100205,2022년 8월 13일 12시,토요일,광주광역시 광산구 산정동,경상사고,0,0,1,0,차대차 - 측면충돌,안전운전불이행,건조,맑음,교차로 - 교차로부근,승용,여,22세,상해없음,승용,남,36세,경상
2022081300100240,2022년 8월 13일 13시,토요일,광주광역시 광산구 하남동,경상사고,0,0,3,0,차대차 - 기타,교차로운행방법위반,건조,맑음,교차로 - 교차로안,승용,남,26세,경상,승용,남,67세,경상
2022081300100241,2022년 8월 13일 13시,토요일,광주광역시 광산구 수완동,경상사고,0,0,1,0,차대차 - 측면충돌,교차로운행방법위반,건조,맑음,교차로 - 교차로안,승용,여,38세,상해없음,원동기,남,43세,경상
2022081300100242,2022년 8월 13일 13시,토요일,광주광역시 광산구 신창동,경상사고,0,0,1,0,차대차 - 측면충돌,안전운전불이행,건조,맑음,교차로 - 교차로부근,승용,여,54세,상해없음,승용,여,51세,경상
2022081300100337,2022년 8월 13일 16시,토요일,광주광역시 북구 동림동,경상사고,0,0,1,0,차대차 - 측면충돌,안전거리미확보,건조,맑음,단일로 - 기타,승용,남,84세,경상,화물,남,46세,상해없음
2022081300100462,2022년 8월 13일 20시,토요일,광주광역시 광산구 쌍암동,경상사고,0,0,1,0,차대차 - 기타,안전운전불이행,건조,맑음,교차로 - 교차로안,승용,여,43세,상해없음,이륜,남,23세,경상
2022081300100495,2022년 8월 13일 21시,토요일,광주광역시 서구 풍암동,경상사고,0,0,1,0,차대차 - 측면충돌,안전운전불이행,건조,맑음,교차로 - 교차로부근,승용,남,25세,상해없음,승용,남,43세,경상
2022081300100496,2022년 8월 13일 21시,토요일,광주광역시 광산구 월계동,경상사고,0,0,1,1,차대차 - 추돌,안전거리미확보,건조,맑음,단일로 - 기타,원동기,남,36세,부상신고,원동기,남,45세,경상
2022081300100513,2022년 8월 13일 22시,토요일,광주광역시 서구 유촌동,경상사고,0,0,3,0,차대차 - 기타,직진우회전진행방해,건조,맑음,교차로 - 교차로안,승용,여,24세,경상,승용,남,53세,경상
2022081400100040,2022년 8월 14일 04시,일요일,광주광역시 북구 신용동,경상사고,0,0,1,0,차량단독 - 공작물충돌,안전운전불이행,건조,맑음,단일로 - 기타,화물,남,46세,상해없음,,,,
2022081400100099,2022년 8월 14일 10시,일요일,광주광역시 광산구 도산동,경상사고,0,0,1,0,차대차 - 기타,교차로운행방법위반,건조,맑음,교차로 - 교차로안,이륜,여,22세,경상,승용,남,74세,상해없음
2022081400100121,2022년 8월 14일 11시,일요일,광주광역시 서구 쌍촌동,경상사고,0,0,1,0,차대차 - 기타,중앙선침범,건조,맑음,기타 - 기타,승용,남,25세,상해없음,승용,남,46세,경상
2022081400100123,2022년 8월 14일 11시,일요일,광주광역시 광산구 신창동,부상신고사고,0,0,0,1,차대사람 - 횡단중,보행자보호의무위반,건조,맑음,교차로 - 교차로부근,승용,남,32세,상해없음,보행자,남,7세,부상신고
2022081400100252,2022년 8월 14일 17시,일요일,광주광역시 서구 서창동,경상사고,0,0,2,0,차대차 - 기타,안전운전불이행,건조,맑음,교차로 - 교차로안,승용,남,80세,경상,승용,여,28세,경상
2022081400100278,2022년 8월 14일 18시,일요일,광주광역시 광산구 송정동,경상사고,0,0,2,0,차대차 - 후진중충돌,불법유턴,건조,맑음,교차로 - 교차로부근,승용,남,67세,상해없음,승용,남,61세,경상
2022081400100330,2022년 8월 14일 20시,일요일,광주광역시 광산구 산정동,중상사고,0,1,0,0,차량단독 - 공작물충돌,안전운전불이행,건조,맑음,단일로 - 기타,개인형이동수단(PM),남,55세,중상,,,,
2022081400100349,2022년 8월 14일 21시,일요일,광주광역시 북구 일곡동,경상사고,0,0,1,0,차대사람 - 기타,안전운전불이행,건조,흐림,단일로 - 기타,승용,남,64세,상해없음,보행자,남,51세,경상
2022081400100350,2022년 8월 14일 21시,일요일,광주광역시 광산구 신창동,중상사고,0,1,0,0,차량단독 - 기타,안전운전불이행,건조,맑음,단일로 - 기타,이륜,남,21세,중상,,,,
2022081500100029,2022년 8월 15일 03시,월요일,광주광역시 광산구 수완동,경상사고,0,0,1,0,차대차 - 측면충돌,안전운전불이행,건조,맑음,단일로 - 기타,이륜,남,18세,상해없음,이륜,남,20세,경상
2022081500100133,2022년 8월 15일 11시,월요일,광주광역시 동구 계림동,경상사고,0,0,2,0,차대차 - 기타,안전운전불이행,건조,맑음,기타 - 기타,승용,남,20세,상해없음,승용,여,32세,경상
2022081500100134,2022년 8월 15일 11시,월요일,광주광역시 광산구 월계동,경상사고,0,0,1,0,차대사람 - 횡단중,보행자보호의무위반,건조,맑음,교차로 - 교차로횡단보도내,승용,여,60세,상해없음,보행자,남,25세,경상
2022081500100135,2022년 8월 15일 11시,월요일,광주광역시 광산구 수완동,경상사고,0,0,2,0,차대차 - 추돌,안전운전불이행,건조,맑음,교차로 - 교차로부근,승용,여,60세,상해없음,승용,남,45세,경상
2022081500100173,2022년 8월 15일 12시,월요일,광주광역시 광산구 신가동,경상사고,0,0,2,0,차대차 - 측면충돌,교차로운행방법위반,건조,맑음,단일로 - 기타,승용,남,44세,경상,승용,남,29세,상해없음
2022081500100207,2022년 8월 15일 13시,월요일,광주광역시 동구 지산동,중상사고,0,1,0,0,차대차 - 측면충돌,직진우회전진행방해,건조,맑음,교차로 - 교차로안,승용,여,24세,상해없음,이륜,남,67세,중상
2022081500100208,2022년 8월 15일 13시,월요일,광주광역시 광산구 하남동,경상사고,0,0,4,0,차대차 - 측면충돌,안전운전불이행,건조,맑음,단일로 - 기타,승용,여,36세,상해없음,승용,여,39세,경상
2022081500100231,2022년 8월 15일 14시,월요일,광주광역시 서구 서창동,경상사고,0,0,1,0,차대차 - 기타,안전운전불이행,건조,맑음,기타 - 기타,승용,남,62세,기타불명,자전거,남,63세,경상
2022081500100232,2022년 8월 15일 14시,월요일,광주광역시 북구 중흥동,경상사고,0,0,1,0,차대사람 - 횡단중,보행자보호의무위반,기타,맑음,단일로 - 기타,승용,여,28세,상해없음,보행자,남,17세,경상
2022081500100233,2022년 8월 15일 14시,월요일,광주광역시 광산구 장덕동,중상사고,0,1,0,0,차대차 - 측면충돌,안전운전불이행,건조,맑음,단일로 - 기타,승용,남,26세,상해없음,이륜,남,32세,중상
2022081500100266,2022년 8월 15일 15시,월요일,광주광역시 서구 풍암동,경상사고,0,0,1,0,차대차 - 측면충돌,교차로운행방법위반,건조,맑음,교차로 - 교차로안,승용,여,56세,상해없음,승합,남,61세,경상
2022081500100267,2022년 8월 15일 15시,월요일,광주광역시 광산구 우산동,경상사고,0,0,1,0,차대사람 - 길가장자리구역통행중,안전운전불이행,건조,맑음,단일로 - 기타,자전거,남,41세,상해없음,보행자,여,81세,경상
2022081500100320,2022년 8월 15일 17시,월요일,광주광역시 북구 삼각동,부상신고사고,0,0,0,1,차대차 - 측면충돌,안전운전불이행,기타,기타,단일로 - 기타,이륜,남,24세,부상신고,승용,남,28세,상해없음
2022081500100321,2022년 8월 15일 17시,월요일,광주광역시 광산구 신가동,중상사고,0,1,0,0,차대차 - 측면충돌,안전거리미확보,건조,흐림,단일로 - 기타,승용,남,25세,상해없음,이륜,남,19세,중상
2022081500100344,2022년 8월 15일 18시,월요일,광주광역시 북구 오치동,중상사고,0,1,0,0,차대사람 - 보도통행중,보행자보호의무위반,건조,맑음,단일로 - 기타,승용,여,56세,상해없음,보행자,여,61세,중상
2022081500100345,2022년 8월 15일 18시,월요일,광주광역시 광산구 수완동,경상사고,0,0,1,0,차대차 - 측면충돌,안전거리미확보,건조,맑음,단일로 - 기타,승용,남,52세,상해없음,이륜,남,32세,경상
2022081500100369,2022년 8월 15일 19시,월요일,광주광역시 동구 황금동,경상사고,0,0,1,0,차대사람 - 기타,안전운전불이행,건조,맑음,단일로 - 기타,이륜,남,22세,상해없음,보행자,남,22세,경상