사고번호,사고일시,요일,시군구,사고내용,사망자수,중상자수,경상자수,부상신고자수,사고유형,법규위반,노면상태,기상상태,도로형태,가해운전자 차종,가해운전자 성별,가해운전자 연령,가해운전자 상해정도,피해운전자 차종,피해운전자 성별,피해운전자 연령,피해운전자 상해정도
2022081500100370,2022년 8월 15일 19시,월요일,광주광역시 북구 용전동,경상사고,0,0,1,0,차대차 - 기타,안전운전불이행,건조,맑음,교차로 - 교차로부근,화물,여,52세,상해없음,승합,남,54세,상해없음
2022081500100392,2022년 8월 15일 20시,월요일,광주광역시 서구 화정동,경상사고,0,0,1,0,차대차 - 추돌,안전운전불이행,건조,맑음,단일로 - 기타,승용,남,60세,상해없음,승용,여,65세,경상
2022081500100416,2022년 8월 15일 21시,월요일,광주광역시 광산구 월계동,경상사고,0,0,1,0,차대사람 - 차도통행중,안전운전불이행,건조,맑음,교차로 - 교차로부근,화물,남,55세,상해없음,보행자,남,33세,경상
2022081500100430,2022년 8월 15일 22시,월요일,광주광역시 서구 쌍촌동,중상사고,0,1,0,0,차대차 - 측면충돌,교차로운행방법위반,건조,맑음,교차로 - 교차로안,개인형이동수단(PM),남,30세,중상,승용,남,51세,상해없음
2022081600100042,2022년 8월 16일 06시,화요일,광주광역시 광산구 수완동,경상사고,0,0,1,0,차대차 - 측면충돌,교차로운행방법위반,건조,맑음,단일로 - 기타,승용,남,61세,상해없음,승용,남,52세,경상
2022081600100043,2022년 8월 16일 06시,화요일,광주광역시 광산구 산정동,경상사고,0,0,1,0,차대차 - 측면충돌,안전운전불이행,건조,맑음,단일로 - 기타,승용,여,25세,상해없음,승용,여,60세,경상
2022081600100090,2022년 8월 16일 08시,화요일,광주광역시 광산구 소촌동,경상사고,0,0,4,0,차대차 - 측면충돌,안전운전불이행,건조,맑음,단일로 - 기타,승용,여,47세,경상,승용,여,38세,경상
2022081600100121,2022년 8월 16일 09시,화요일,광주광역시 서구 풍암동,경상사고,0,0,2,0,차대차 - 측면충돌,안전운전불이행,건조,맑음,교차로 - 교차로안,승용,남,40세,상해없음,승용,여,44세,경상
2022081600100122,2022년 8월 16일 09시,화요일,광주광역시 북구 연제동,경상사고,0,0,1,0,차대차 - 기타,안전운전불이행,젖음/습기,비,교차로 - 교차로안,승용,남,69세,상해없음,승용,여,38세,경상
2022081600100156,2022년 8월 16일 10시,화요일,광주광역시 서구 풍암동,경상사고,0,0,1,0,차대차 - 기타,안전운전불이행,건조,맑음,교차로 - 교차로부근,승용,여,45세,상해없음,화물,남,46세,경상
2022081600100157,2022년 8월 16일 10시,화요일,광주광역시 남구 방림동,경상사고,0,0,1,0,차대차 - 추돌,안전거리미확보,젖음/습기,비,단일로 - 기타,승용,남,58세,상해없음,승용,남,71세,경상
2022081600100158,2022년 8월 16일 10시,화요일,광주광역시 광산구 송정동,중상사고,0,1,0,0,차대차 - 측면충돌,교차로운행방법위반,건조,맑음,교차로 - 교차로안,승용,여,66세,상해없음,이륜,남,40세,중상
2022081600100221,2022년 8월 16일 12시,화요일,광주광역시 남구 주월동,경상사고,0,0,1,0,차대차 - 기타,안전거리미확보,건조,맑음,기타 - 기타,승용,남,72세,상해없음,승용,남,78세,경상
2022081600100301,2022년 8월 16일 14시,화요일,광주광역시 동구 계림동,경상사고,0,0,1,0,차대차 - 측면충돌,교차로운행방법위반,건조,맑음,교차로 - 교차로안,승용,여,47세,상해없음,승용,여,58세,경상
2022081600100333,2022년 8월 16일 15시,화요일,광주광역시 북구 동림동,경상사고,0,0,1,0,차대차 - 추돌,안전운전불이행,건조,맑음,단일로 - 기타,승용,남,61세,상해없음,화물,남,67세,경상
2022081600100370,2022년 8월 16일 16시,화요일,광주광역시 북구 운암동,경상사고,0,0,1,0,차대차 - 측면충돌,안전운전불이행,건조,맑음,교차로 - 교차로안,승용,여,45세,경상,화물,남,48세,상해없음
2022081600100409,2022년 8월 16일 17시,화요일,광주광역시 북구 각화동,경상사고,0,0,3,0,차대차 - 추돌,안전운전불이행,젖음/습기,흐림,단일로 - 기타,승합,남,55세,상해없음,승용,여,53세,경상
2022081600100410,2022년 8월 16일 17시,화요일,광주광역시 광산구 장수동,경상사고,0,0,1,0,차대차 - 추돌,안전거리미확보,건조,맑음,단일로 - 기타,승용,남,50세,상해없음,승용,남,28세,경상
2022081600100456,2022년 8월 16일 18시,화요일,광주광역시 광산구 운남동,경상사고,0,0,1,0,차대차 - 기타,안전거리미확보,젖음/습기,비,단일로 - 기타,승용,남,52세,상해없음,승용,남,19세,경상
2022081600100519,2022년 8월 16일 20시,화요일,광주광역시 북구 중흥동,경상사고,0,0,1,0,차대사람 - 횡단중,신호위반,젖음/습기,비,단일로 - 기타,이륜,남,21세,기타불명,보행자,여,53세,경상
2022081600100520,2022년 8월 16일 20시,화요일,광주광역시 광산구 월계동,중상사고,0,1,0,1,차대차 - 측면충돌,안전거리미확보,젖음/습기,비,단일로 - 기타,이륜,남,25세,중상,화물,남,45세,부상신고
2022081700100017,2022년 8월 17일 00시,수요일,광주광역시 광산구 우산동,중상사고,0,1,4,0,차대차 - 추돌,안전운전불이행,젖음/습기,비,교차로 - 교차로부근,승용,남,64세,경상,승용,남,31세,경상
2022081700100042,2022년 8월 17일 04시,수요일,광주광역시 광산구 신가동,경상사고,0,0,1,0,차대사람 - 기타,안전운전불이행,건조,맑음,단일로 - 기타,승용,남,18세,상해없음,보행자,남,19세,경상
2022081700100080,2022년 8월 17일 07시,수요일,광주광역시 서구 광천동,경상사고,0,0,1,0,차대차 - 기타,안전거리미확보,건조,맑음,단일로 - 기타,승용,여,42세,상해없음,승용,남,73세,경상
2022081700100081,2022년 8월 17일 07시,수요일,광주광역시 광산구 쌍암동,경상사고,0,0,1,0,차대차 - 측면충돌,차로위반,건조,맑음,교차로 - 교차로부근,승용,여,46세,상해없음,승용,남,35세,경상
2022081700100205,2022년 8월 17일 11시,수요일,광주광역시 북구 양산동,부상신고사고,0,0,0,1,차대사람 - 횡단중,신호위반,건조,맑음,교차로 - 교차로횡단보도내,기타불명,기타불명,미분류,기타불명,보행자,여,43세,부상신고
2022081700100247,2022년 8월 17일 12시,수요일,광주광역시 북구 두암동,경상사고,0,0,1,0,차대차 - 기타,중앙선침범,건조,맑음,단일로 - 기타,이륜,남,61세,상해없음,승용,여,59세,경상
2022081700100356,2022년 8월 17일 15시,수요일,광주광역시 동구 장동,경상사고,0,0,1,0,차대사람 - 기타,안전운전불이행,건조,맑음,단일로 - 기타,승용,여,69세,상해없음,보행자,여,16세,경상
2022081700100388,2022년 8월 17일 16시,수요일,광주광역시 서구 농성동,경상사고,0,0,3,0,차대차 - 기타,안전운전불이행,건조,맑음,교차로 - 교차로안,승용,남,55세,상해없음,화물,남,60세,경상
2022081700100389,2022년 8월 17일 16시,수요일,광주광역시 북구 운암동,경상사고,0,0,3,0,차대차 - 추돌,안전거리미확보,건조,맑음,단일로 - 기타,화물,남,52세,상해없음,승용,남,36세,경상
2022081700100390,2022년 8월 17일 16시,수요일,광주광역시 북구 용두동,경상사고,0,0,2,0,차대차 - 추돌,안전운전불이행,건조,맑음,단일로 - 기타,승용,남,41세,상해없음,승용,여,35세,경상
2022081700100437,2022년 8월 17일 17시,수요일,광주광역시 동구 대인동,경상사고,0,0,1,0,차대사람 - 길가장자리구역통행중,안전운전불이행,건조,맑음,기타 - 기타,승용,남,59세,상해없음,보행자,남,71세,경상
2022081700100495,2022년 8월 17일 18시,수요일,광주광역시 동구 서석동,경상사고,0,0,1,0,차대차 - 기타,차로위반,건조,맑음,교차로 - 교차로안,승용,남,70세,상해없음,승합,남,50세,상해없음
2022081700100496,2022년 8월 17일 18시,수요일,광주광역시 서구 치평동,경상사고,0,0,1,0,차대차 - 추돌,안전운전불이행,건조,맑음,교차로 - 교차로부근,승용,남,34세,상해없음,이륜,남,34세,경상
2022081700100497,2022년 8월 17일 18시,수요일,광주광역시 북구 오치동,경상사고,0,0,1,0,차대차 - 추돌,안전거리미확보,건조,맑음,교차로 - 교차로부근,승용,여,34세,기타불명,승용,여,44세,경상
2022081700100498,2022년 8월 17일 18시,수요일,광주광역시 광산구 도산동,경상사고,0,0,2,0,차대차 - 측면충돌,기타,건조,맑음,교차로 - 교차로안,이륜,남,20세,경상,승용,여,29세,경상
2022081700100536,2022년 8월 17일 19시,수요일,광주광역시 광산구 도천동,경상사고,0,0,1,0,차대차 - 측면충돌,안전운전불이행,건조,맑음,교차로 - 교차로안,승용,여,47세,기타불명,승용,여,57세,경상
2022081700100566,2022년 8월 17일 20시,수요일,광주광역시 서구 풍암동,경상사고,0,0,1,0,차대차 - 기타,안전거리미확보,건조,맑음,단일로 - 기타,승용,여,19세,상해없음,승용,남,18세,경상
2022081700100597,2022년 8월 17일 21시,수요일,광주광역시 광산구 송정동,부상신고사고,0,0,0,1,차대사람 - 횡단중,안전운전불이행,건조,맑음,단일로 - 기타,승용,남,36세,상해없음,보행자,남,54세,부상신고
2022081800100007,2022년 8월 18일 00시,목요일,광주광역시 북구 양산동,경상사고,0,0,2,0,차대차 - 측면충돌,안전운전불이행,건조,흐림,단일로 - 기타,승용,남,31세,상해없음,승용,남,25세,경상
2022081800100033,2022년 8월 18일 04시,목요일,광주광역시 북구 유동,경상사고,0,0,2,0,차대차 - 측면충돌,신호위반,건조,맑음,교차로 - 교차로안,승용,여,61세,기타불명,승용,남,66세,경상
2022081800100111,2022년 8월 18일 08시,목요일,광주광역시 동구 학동,중상사고,0,1,7,0,차대차 - 추돌,안전거리미확보,건조,맑음,단일로 - 터널,승용,여,68세,경상,승용,여,30세,경상
2022081800100173,2022년 8월 18일 10시,목요일,광주광역시 북구 중흥동,경상사고,0,0,1,0,차대차 - 기타,안전운전불이행,건조,맑음,단일로 - 기타,승용,남,75세,상해없음,이륜,남,56세,경상
2022081800100216,2022년 8월 18일 11시,목요일,광주광역시 동구 학동,경상사고,0,0,2,0,차대차 - 측면충돌,안전운전불이행,건조,맑음,단일로 - 기타,승용,여,54세,상해없음,승용,여,34세,경상
2022081800100246,2022년 8월 18일 12시,목요일,광주광역시 서구 치평동,경상사고,0,0,1,0,차대차 - 기타,안전운전불이행,건조,맑음,단일로 - 기타,승용,남,68세,상해없음,이륜,남,33세,경상
2022081800100309,2022년 8월 18일 14시,목요일,광주광역시 북구 임동,경상사고,0,0,1,0,차대차 - 추돌,교차로운행방법위반,건조,맑음,교차로 - 교차로안,승용,여,49세,기타불명,승용,남,39세,경상
2022081800100340,2022년 8월 18일 15시,목요일,광주광역시 북구 용전동,경상사고,0,0,1,0,차대차 - 기타,안전거리미확보,건조,맑음,기타 - 기타,화물,남,23세,상해없음,승용,여,63세,경상
2022081800100341,2022년 8월 18일 15시,목요일,광주광역시 광산구 신가동,경상사고,0,0,1,0,차대차 - 후진중충돌,불법유턴,건조,맑음,단일로 - 기타,승용,여,66세,기타불명,승용,남,24세,경상
2022081800100418,2022년 8월 18일 17시,목요일,광주광역시 북구 각화동,경상사고,0,0,1,0,차대차 - 측면충돌,안전운전불이행,건조,맑음,교차로 - 교차로안,승용,남,80세,상해없음,승용,남,59세,상해없음
2022081800100502,2022년 8월 18일 19시,목요일,광주광역시 동구 대인동,중상사고,0,1,0,0,차대사람 - 기타,신호위반,건조,맑음,단일로 - 기타,원동기,남,48세,상해없음,보행자,여,61세,중상
2022081800100503,2022년 8월 18일 19시,목요일,광주광역시 북구 두암동,경상사고,0,0,1,0,차대사람 - 기타,안전운전불이행,건조,맑음,교차로 - 교차로부근,승용,여,65세,상해없음,보행자,남,54세,경상
2022081900100071,2022년 8월 19일 07시,금요일,광주광역시 광산구 소촌동,경상사고,0,0,1,0,차대차 - 추돌,안전운전불이행,건조,맑음,단일로 - 기타,승용,남,25세,상해없음,승용,남,32세,경상
2022081900100111,2022년 8월 19일 08시,금요일,광주광역시 서구 금호동,경상사고,0,0,1,0,차대차 - 측면충돌,신호위반,건조,맑음,교차로 - 교차로안,승용,여,39세,상해없음,자전거,남,21세,경상
2022081900100112,2022년 8월 19일 08시,금요일,광주광역시 북구 운암동,경상사고,0,0,2,0,차대차 - 측면충돌,안전운전불이행,건조,맑음,교차로 - 교차로안,승용,여,24세,상해없음,승용,남,84세,경상
2022081900100256,2022년 8월 19일 12시,금요일,광주광역시 서구 치평동,경상사고,0,0,2,0,차대차 - 측면충돌,안전거리미확보,건조,맑음,단일로 - 기타,화물,남,46세,상해없음,승용,남,29세,경상
2022081900100257,2022년 8월 19일 12시,금요일,광주광역시 북구 각화동,경상사고,0,0,1,0,차대사람 - 기타,안전운전불이행,건조,맑음,주차장 - 주차장,승용,남,72세,상해없음,보행자,남,46세,경상
2022081900100258,2022년 8월 19일 12시,금요일,광주광역시 광산구 신창동,경상사고,0,0,1,0,차대사람 - 기타,안전운전불이행,건조,맑음,단일로 - 기타,승용,남,25세,상해없음,보행자,남,43세,경상
2022081900100281,2022년 8월 19일 13시,금요일,광주광역시 광산구 신창동,경상사고,0,0,2,0,차대차 - 측면충돌,안전운전불이행,건조,맑음,단일로 - 기타,승용,여,28세,상해없음,승용,남,52세,상해없음
2022081900100350,2022년 8월 19일 15시,금요일,광주광역시 서구 매월동,부상신고사고,0,0,0,1,차대차 - 기타,신호위반,건조,맑음,교차로 - 교차로안,승용,남,56세,상해없음,승합,남,48세,상해없음
2022081900100351,2022년 8월 19일 15시,금요일,광주광역시 북구 임동,경상사고,0,0,1,0,차대차 - 기타,차로위반,건조,맑음,단일로 - 기타,승용,여,63세,기타불명,승용,남,37세,경상
2022081900100382,2022년 8월 19일 16시,금요일,광주광역시 광산구 수완동,경상사고,0,0,1,0,차대사람 - 보도통행중,기타,건조,맑음,단일로 - 기타,승용,여,36세,상해없음,보행자,남,14세,경상
2022081900100383,2022년 8월 19일 16시,금요일,광주광역시 광산구 신창동,경상사고,0,0,1,0,차대차 - 후진중충돌,불법유턴,건조,맑음,교차로 - 교차로안,건설기계,남,51세,상해없음,승용,남,30세,경상
2022081900100477,2022년 8월 19일 18시,금요일,광주광역시 서구 풍암동,경상사고,0,0,1,0,차대차 - 측면충돌,교차로운행방법위반,건조,맑음,교차로 - 교차로안,승용,여,43세,상해없음,승용,여,46세,경상
2022081900100478,2022년 8월 19일 18시,금요일,광주광역시 북구 동림동,경상사고,0,0,1,0,차대차 - 측면충돌,안전운전불이행,건조,맑음,교차로 - 교차로부근,승용,남,44세,상해없음,자전거,남,13세,경상
2022081900100559,2022년 8월 19일 20시,금요일,광주광역시 북구 두암동,경상사고,0,0,1,0,차대차 - 기타,안전운전불이행,건조,맑음,교차로 - 교차로안,승용,남,33세,상해없음,이륜,남,24세,경상
2022081900100610,2022년 8월 19일 22시,금요일,광주광역시 동구 장동,중상사고,0,1,0,0,차대차 - 측면충돌,안전거리미확보,건조,흐림,단일로 - 기타,승용,남,18세,상해없음,이륜,남,30세,중상
2022081900100623,2022년 8월 19일 23시,금요일,광주광역시 북구 운암동,경상사고,0,0,1,0,차대차 - 정면충돌,중앙선침범,건조,맑음,교차로 - 교차로부근,화물,남,47세,상해없음,승용,남,45세,경상
2022081900100624,2022년 8월 19일 23시,금요일,광주광역시 광산구 신가동,경상사고,0,0,2,0,차대차 - 측면충돌,차로위반,건조,맑음,교차로 - 교차로안,승용,남,44세,상해없음,승용,남,21세,경상
2022082000100040,2022년 8월 20일 02시,토요일,광주광역시 서구 쌍촌동,경상사고,0,0,4,0,차대차 - 측면충돌,안전운전불이행,건조,맑음,단일로 - 기타,승용,여,21세,경상,승용,여,23세,상해없음
2022082000100050,2022년 8월 20일 03시,토요일,광주광역시 북구 장등동,경상사고,0,0,1,0,차대차 - 추돌,안전운전불이행,건조,맑음,단일로 - 기타,승용,남,23세,상해없음,승용,남,29세,경상
2022082000100067,2022년 8월 20일 05시,토요일,광주광역시 서구 쌍촌동,경상사고,0,0,2,0,차대차 - 측면충돌,직진우회전진행방해,건조,흐림,교차로 - 교차로안,승용,남,26세,경상,화물,남,56세,경상
2022082000100068,2022년 8월 20일 05시,토요일,광주광역시 북구 오치동,경상사고,0,0,1,0,차대차 - 기타,안전거리미확보,건조,맑음,단일로 - 기타,승용,남,59세,상해없음,승용,남,53세,상해없음
2022082000100091,2022년 8월 20일 07시,토요일,광주광역시 북구 운암동,경상사고,0,0,2,0,차대차 - 추돌,안전운전불이행,건조,맑음,단일로 - 고가도로위,승용,여,45세,상해없음,승용,남,23세,경상
2022082000100106,2022년 8월 20일 08시,토요일,광주광역시 서구 풍암동,경상사고,0,0,1,0,차대차 - 측면충돌,안전운전불이행,건조,맑음,교차로 - 교차로안,화물,남,36세,상해없음,승용,여,41세,경상
2022082000100155,2022년 8월 20일 10시,토요일,광주광역시 광산구 수완동,경상사고,0,0,1,0,차대사람 - 횡단중,보행자보호의무위반,젖음/습기,비,교차로 - 교차로횡단보도내,승용,남,24세,상해없음,보행자,여,20세,경상
2022082000100156,2022년 8월 20일 10시,토요일,광주광역시 광산구 수완동,경상사고,0,0,2,0,차대차 - 측면충돌,안전운전불이행,건조,맑음,단일로 - 기타,화물,남,63세,상해없음,승용,여,46세,경상
2022082000100246,2022년 8월 20일 12시,토요일,광주광역시 광산구 장덕동,경상사고,0,0,1,0,차량단독 - 공작물충돌,안전운전불이행,젖음/습기,비,교차로 - 교차로안,승용,여,47세,경상,,,,
2022082000100294,2022년 8월 20일 13시,토요일,광주광역시 남구 봉선동,경상사고,0,0,7,0,차대차 - 추돌,안전거리미확보,건조,맑음,단일로 - 터널,승용,남,42세,상해없음,승용,여,40세,경상
2022082000100337,2022년 8월 20일 14시,토요일,광주광역시 서구 쌍촌동,경상사고,0,0,2,0,차대차 - 측면충돌,신호위반,젖음/습기,비,교차로 - 교차로안,승용,여,22세,기타불명,승용,남,50세,경상
2022082000100338,2022년 8월 20일 14시,토요일,광주광역시 서구 치평동,경상사고,0,0,1,0,차대차 - 측면충돌,안전운전불이행,건조,맑음,단일로 - 기타,승용,남,43세,상해없음,승용,남,39세,경상
2022082000100339,2022년 8월 20일 14시,토요일,광주광역시 광산구 신촌동,중상사고,0,1,0,0,차대차 - 측면충돌,안전거리미확보,젖음/습기,흐림,단일로 - 고가도로위,승용,여,50세,상해없음,이륜,남,82세,중상
2022082000100376,2022년 8월 20일 15시,토요일,광주광역시 광산구 송정동,사망사고,1,2,2,0,차대차 - 측면충돌,중앙선침범,젖음/습기,비,단일로 - 기타,승용,남,70세,사망,승용,남,55세,중상
2022082000100414,2022년 8월 20일 16시,토요일,광주광역시 남구 송하동,중상사고,0,1,7,0,차대차 - 추돌,안전거리미확보,건조,맑음,단일로 - 기타,승용,남,55세,기타불명,승용,남,40세,경상
2022082000100457,2022년 8월 20일 17시,토요일,광주광역시 서구 화정동,경상사고,0,0,1,0,차대차 - 추돌,안전운전불이행,건조,맑음,교차로 - 교차로부근,승용,남,57세,상해없음,승용,남,45세,경상
2022082000100491,2022년 8월 20일 18시,토요일,광주광역시 동구 학동,경상사고,0,0,1,0,차대사람 - 기타,보행자보호의무위반,건조,맑음,교차로 - 교차로횡단보도내,승용,남,68세,상해없음,보행자,여,72세,경상
2022082000100549,2022년 8월 20일 20시,토요일,광주광역시 서구 풍암동,경상사고,0,0,1,0,차량단독 - 공작물충돌,안전운전불이행,건조,기타,단일로 - 기타,승용,남,54세,상해없음,,,,
2022082000100550,2022년 8월 20일 20시,토요일,광주광역시 북구 문흥동,경상사고,0,0,5,0,차대차 - 측면충돌,안전운전불이행,기타,기타,단일로 - 기타,승합,남,66세,경상,승용,남,59세,경상
2022082000100551,2022년 8월 20일 20시,토요일,광주광역시 북구 양산동,경상사고,0,0,1,0,차대차 - 추돌,안전운전불이행,건조,맑음,단일로 - 기타,특수,남,20세,상해없음,승용,여,27세,경상
2022082000100552,2022년 8월 20일 20시,토요일,광주광역시 북구 삼각동,경상사고,0,0,3,0,차대차 - 추돌,안전운전불이행,건조,맑음,단일로 - 기타,승용,남,54세,상해없음,승용,남,48세,경상
2022082000100610,2022년 8월 20일 22시,토요일,광주광역시 광산구 송정동,중상사고,0,1,1,0,차대사람 - 횡단중,보행자보호의무위반,건조,맑음,교차로 - 교차로횡단보도내,승합,여,54세,상해없음,보행자,남,19세,중상
2022082000100635,2022년 8월 20일 23시,토요일,광주광역시 광산구 장덕동,경상사고,0,0,2,0,차대차 - 측면충돌,교차로운행방법위반,건조,맑음,교차로 - 교차로안,승용,남,57세,경상,이륜,남,19세,경상
2022082100100027,2022년 8월 21일 01시,일요일,광주광역시 서구 치평동,경상사고,0,0,1,0,차대사람 - 기타,안전운전불이행,건조,맑음,단일로 - 기타,승용,남,65세,상해없음,보행자,남,25세,경상
2022082100100028,2022년 8월 21일 01시,일요일,광주광역시 북구 운암동,경상사고,0,0,5,0,차대차 - 측면충돌,교차로운행방법위반,건조,맑음,교차로 - 교차로안,화물,여,50세,경상,승용,남,21세,경상
2022082100100041,2022년 8월 21일 03시,일요일,광주광역시 북구 양산동,경상사고,0,0,1,0,차량단독 - 기타,안전운전불이행,건조,맑음,교차로 - 교차로안,승용,남,54세,상해없음,,,,
2022082100100086,2022년 8월 21일 09시,일요일,광주광역시 동구 금남로4가,경상사고,0,0,4,0,차대차 - 측면충돌,신호위반,건조,맑음,교차로 - 교차로안,승용,남,27세,상해없음,승용,남,75세,경상
2022082100100087,2022년 8월 21일 09시,일요일,광주광역시 광산구 도천동,중상사고,0,1,0,0,차대차 - 측면충돌,안전거리미확보,건조,맑음,단일로 - 기타,자전거,남,61세,중상,승용,남,53세,상해없음
2022082100100112,2022년 8월 21일 10시,일요일,광주광역시 광산구 신창동,경상사고,0,0,5,0,차대차 - 추돌,안전운전불이행,건조,맑음,교차로 - 교차로안,승용,남,63세,경상,승용,남,24세,경상
2022082100100165,2022년 8월 21일 12시,일요일,광주광역시 동구 소태동,중상사고,0,1,0,0,차대차 - 기타,안전운전불이행,건조,맑음,기타 - 기타,승용,남,33세,상해없음,이륜,남,40세,중상
2022082100100166,2022년 8월 21일 12시,일요일,광주광역시 광산구 진곡동,경상사고,0,0,1,0,차대차 - 추돌,안전운전불이행,건조,맑음,단일로 - 기타,승용,남,74세,상해없음,승용,남,29세,경상
2022082100100203,2022년 8월 21일 13시,일요일,광주광역시 서구 치평동,경상사고,0,0,1,0,차대차 - 측면충돌,안전운전불이행,건조,맑음,단일로 - 기타,승용,남,62세,상해없음,이륜,남,27세,경상
2022082100100204,2022년 8월 21일 13시,일요일,광주광역시 북구 운암동,경상사고,0,0,1,0,차대차 - 기타,안전운전불이행,건조,맑음,교차로 - 교차로안,승용,남,64세,상해없음,승용,여,40세,상해없음
2022082100100231,2022년 8월 21일 14시,일요일,광주광역시 광산구 수완동,경상사고,0,0,1,0,차대사람 - 기타,안전운전불이행,건조,맑음,단일로 - 기타,기타불명,기타불명,미분류,기타불명,보행자,여,28세,경상
2022082100100256,2022년 8월 21일 15시,일요일,광주광역시 동구 충장로4가,경상사고,0,0,2,0,차대차 - 측면충돌,안전거리미확보,건조,맑음,단일로 - 기타,승용,남,60세,상해없음,승용,남,32세,경상
2022082100100257,2022년 8월 21일 15시,일요일,광주광역시 광산구 신가동,경상사고,0,0,1,0,차대차 - 기타,안전거리미확보,건조,맑음,단일로 - 기타,승용,여,52세,상해없음,이륜,남,17세,경상
2022082100100317,2022년 8월 21일 17시,일요일,광주광역시 서구 치평동,경상사고,0,0,1,0,차대차 - 측면충돌,안전운전불이행,건조,맑음,교차로 - 교차로안,승용,남,37세,상해없음,승용,남,52세,경상
2022082100100318,2022년 8월 21일 17시,일요일,광주광역시 광산구 신촌동,경상사고,0,0,4,0,차대차 - 추돌,안전운전불이행,건조,맑음,교차로 - 교차로안,승용,남,59세,상해없음,승용,남,45세,경상
2022082100100342,2022년 8월 21일 18시,일요일,광주광역시 북구 중흥동,경상사고,0,0,1,1,차대차 - 기타,교차로운행방법위반,건조,맑음,교차로 - 교차로안,승용,여,56세,부상신고,승용,여,46세,경상
2022082100100415,2022년 8월 21일 21시,일요일,광주광역시 서구 치평동,중상사고,0,1,0,0,차대차 - 측면충돌,안전운전불이행,건조,맑음,단일로 - 기타,승용,남,43세,상해없음,이륜,남,48세,중상
2022082200100025,2022년 8월 22일 05시,월요일,광주광역시 광산구 신창동,중상사고,0,1,0,0,차대차 - 정면충돌,교차로운행방법위반,건조,맑음,교차로 - 교차로안,화물,남,50세,상해없음,화물,남,67세,중상
2022082200100047,2022년 8월 22일 06시,월요일,광주광역시 서구 풍암동,경상사고,0,0,1,0,차대차 - 기타,안전운전불이행,건조,맑음,기타 - 기타,승용,남,28세,상해없음,승용,남,38세,경상
2022082200100071,2022년 8월 22일 07시,월요일,광주광역시 서구 벽진동,중상사고,0,1,0,0,차대차 - 측면충돌,안전운전불이행,건조,맑음,교차로 - 교차로안,화물,남,70세,상해없음,자전거,남,26세,중상
2022082200100117,2022년 8월 22일 08시,월요일,광주광역시 동구 학동,중상사고,0,3,2,0,차대차 - 추돌,안전운전불이행,건조,맑음,단일로 - 터널,화물,남,68세,중상,승용,여,38세,중상
2022082200100118,2022년 8월 22일 08시,월요일,광주광역시 동구 대인동,경상사고,0,0,1,0,차대사람 - 기타,안전운전불이행,건조,맑음,단일로 - 기타,승용,남,68세,상해없음,보행자,여,22세,경상
2022082200100119,2022년 8월 22일 08시,월요일,광주광역시 동구 금남로5가,경상사고,0,0,1,0,차량단독 - 기타,기타,건조,맑음,단일로 - 기타,승합,남,53세,상해없음,,,,
2022082200100120,2022년 8월 22일 08시,월요일,광주광역시 서구 매월동,경상사고,0,0,1,0,차대차 - 기타,안전거리미확보,건조,맑음,단일로 - 기타,건설기계,남,64세,상해없음,승용,남,60세,경상
2022082200100121,2022년 8월 22일 08시,월요일,광주광역시 북구 양산동,경상사고,0,0,1,0,차대사람 - 기타,안전운전불이행,건조,맑음,단일로 - 기타,승용,남,19세,상해없음,보행자,여,75세,경상
2022082200100122,2022년 8월 22일 08시,월요일,광주광역시 광산구 옥동,경상사고,0,0,1,0,차대차 - 측면충돌,안전운전불이행,건조,맑음,교차로 - 교차로부근,승용,남,35세,상해없음,승용,남,25세,경상
2022082200100123,2022년 8월 22일 08시,월요일,광주광역시 광산구 월전동,경상사고,0,0,1,0,차대차 - 측면충돌,안전거리미확보,건조,맑음,단일로 - 기타,승용,남,34세,상해없음,승용,여,29세,경상
2022082200100191,2022년 8월 22일 10시,월요일,광주광역시 남구 주월동,부상신고사고,0,0,0,1,차대차 - 기타,안전거리미확보,건조,맑음,교차로 - 교차로안,승용,여,45세,상해없음,화물,남,49세,부상신고
2022082200100192,2022년 8월 22일 10시,월요일,광주광역시 북구 삼각동,경상사고,0,0,1,0,차대차 - 기타,안전운전불이행,건조,맑음,기타 - 기타,승용,여,48세,경상,화물,남,30세,기타불명
2022082200100248,2022년 8월 22일 12시,월요일,광주광역시 동구 지산동,경상사고,0,0,1,0,차대차 - 측면충돌,교차로운행방법위반,건조,맑음,교차로 - 교차로부근,화물,남,38세,상해없음,원동기,남,47세,경상
2022082200100331,2022년 8월 22일 15시,월요일,광주광역시 북구 신안동,중상사고,0,1,0,0,차대사람 - 기타,안전운전불이행,건조,맑음,단일로 - 기타,개인형이동수단(PM),남,16세,상해없음,보행자,여,64세,중상