사고번호,사고일시,요일,시군구,사고내용,사망자수,중상자수,경상자수,부상신고자수,사고유형,법규위반,노면상태,기상상태,도로형태,가해운전자 차종,가해운전자 성별,가해운전자 연령,가해운전자 상해정도,피해운전자 차종,피해운전자 성별,피해운전자 연령,피해운전자 상해정도
2022082200100351,2022년 8월 22일 16시,월요일,광주광역시 서구 풍암동,경상사고,0,0,2,0,차대차 - 추돌,안전운전불이행,건조,맑음,교차로 - 교차로부근,승용,남,60세,상해없음,승용,남,44세,경상
2022082200100352,2022년 8월 22일 16시,월요일,광주광역시 서구 풍암동,경상사고,0,0,1,0,차대차 - 추돌,안전운전불이행,건조,맑음,교차로 - 교차로부근,승용,남,76세,상해없음,승용,남,32세,경상
2022082200100385,2022년 8월 22일 17시,월요일,광주광역시 동구 충장로4가,경상사고,0,0,1,0,차량단독 - 기타,안전운전불이행,건조,맑음,단일로 - 기타,승용,남,58세,상해없음,,,,
2022082200100431,2022년 8월 22일 18시,월요일,광주광역시 서구 치평동,경상사고,0,0,1,0,차대차 - 측면충돌,안전운전불이행,건조,맑음,단일로 - 기타,승용,남,68세,상해없음,승용,남,35세,경상
2022082200100459,2022년 8월 22일 19시,월요일,광주광역시 북구 임동,경상사고,0,0,1,0,차대차 - 기타,안전거리미확보,건조,맑음,단일로 - 기타,승용,남,60세,상해없음,승용,남,30세,상해없음
2022082200100488,2022년 8월 22일 20시,월요일,광주광역시 남구 주월동,경상사고,0,0,1,0,차대차 - 기타,안전운전불이행,건조,맑음,교차로 - 교차로안,승용,남,64세,상해없음,개인형이동수단(PM),남,43세,경상
2022082200100528,2022년 8월 22일 22시,월요일,광주광역시 광산구 수완동,중상사고,0,2,1,0,차대차 - 측면충돌,신호위반,건조,맑음,교차로 - 교차로안,승용,남,26세,상해없음,승용,여,27세,중상
2022082300100079,2022년 8월 23일 07시,화요일,광주광역시 서구 동천동,경상사고,0,0,1,0,차대차 - 기타,안전운전불이행,기타,맑음,기타 - 기타,원동기,여,50세,경상,자전거,남,79세,상해없음
2022082300100080,2022년 8월 23일 07시,화요일,광주광역시 북구 두암동,경상사고,0,0,1,0,차대차 - 측면충돌,교차로운행방법위반,건조,흐림,교차로 - 교차로안,승용,여,45세,상해없음,자전거,남,29세,경상
2022082300100081,2022년 8월 23일 07시,화요일,광주광역시 북구 두암동,경상사고,0,0,1,0,차대차 - 측면충돌,안전거리미확보,건조,맑음,단일로 - 기타,화물,남,61세,상해없음,승용,남,70세,경상
2022082300100139,2022년 8월 23일 09시,화요일,광주광역시 동구 학동,중상사고,0,1,0,0,차대사람 - 기타,보행자보호의무위반,건조,맑음,교차로 - 교차로횡단보도내,화물,남,39세,상해없음,보행자,여,90세,중상
2022082300100198,2022년 8월 23일 11시,화요일,광주광역시 광산구 임곡동,중상사고,0,1,0,0,차대차 - 기타,안전운전불이행,건조,맑음,단일로 - 기타,자전거,남,82세,중상,화물,남,53세,상해없음
2022082300100227,2022년 8월 23일 12시,화요일,광주광역시 동구 대인동,중상사고,0,1,0,0,차대차 - 측면충돌,안전거리미확보,건조,맑음,교차로 - 교차로안,승용,남,58세,상해없음,이륜,남,75세,중상
2022082300100228,2022년 8월 23일 12시,화요일,광주광역시 서구 풍암동,경상사고,0,0,3,0,차대차 - 추돌,안전운전불이행,건조,맑음,교차로 - 교차로부근,승용,남,72세,상해없음,승용,여,42세,경상
2022082300100229,2022년 8월 23일 12시,화요일,광주광역시 광산구 월계동,경상사고,0,0,1,0,차대차 - 측면충돌,안전거리미확보,건조,맑음,단일로 - 기타,승용,남,52세,상해없음,이륜,남,22세,경상
2022082300100275,2022년 8월 23일 13시,화요일,광주광역시 서구 쌍촌동,경상사고,0,0,1,0,차대차 - 측면충돌,안전운전불이행,건조,맑음,단일로 - 기타,승합,남,60세,상해없음,건설기계,여,51세,경상
2022082300100308,2022년 8월 23일 14시,화요일,광주광역시 광산구 소촌동,경상사고,0,0,1,0,차대차 - 추돌,안전거리미확보,건조,맑음,단일로 - 기타,승용,남,57세,기타불명,승용,남,30세,경상
2022082300100309,2022년 8월 23일 14시,화요일,광주광역시 광산구 월계동,경상사고,0,0,1,0,차대차 - 측면충돌,안전운전불이행,건조,흐림,교차로 - 교차로부근,승용,남,65세,기타불명,이륜,남,19세,경상
2022082300100352,2022년 8월 23일 15시,화요일,광주광역시 동구 수기동,경상사고,0,0,2,0,차대차 - 측면충돌,안전운전불이행,건조,맑음,단일로 - 기타,승용,남,58세,상해없음,승용,남,41세,경상
2022082300100353,2022년 8월 23일 15시,화요일,광주광역시 서구 치평동,경상사고,0,0,4,0,차대차 - 추돌,안전운전불이행,건조,맑음,단일로 - 기타,승용,남,56세,상해없음,승용,남,55세,경상
2022082300100354,2022년 8월 23일 15시,화요일,광주광역시 광산구 송정동,부상신고사고,0,0,0,1,차대사람 - 횡단중,안전운전불이행,건조,맑음,교차로 - 교차로안,승용,남,39세,상해없음,보행자,여,82세,부상신고
2022082300100391,2022년 8월 23일 16시,화요일,광주광역시 서구 유촌동,경상사고,0,0,1,0,차대차 - 기타,안전거리미확보,건조,맑음,단일로 - 기타,승합,남,68세,상해없음,승합,남,49세,상해없음
2022082300100449,2022년 8월 23일 17시,화요일,광주광역시 동구 소태동,부상신고사고,0,0,0,1,차대차 - 기타,안전거리미확보,건조,맑음,단일로 - 기타,기타불명,남,21세,상해없음,승용,남,69세,부상신고
2022082300100450,2022년 8월 23일 17시,화요일,광주광역시 서구 매월동,경상사고,0,0,1,0,차대차 - 측면충돌,안전거리미확보,건조,맑음,교차로 - 교차로부근,승용,남,59세,상해없음,화물,남,26세,경상
2022082300100534,2022년 8월 23일 19시,화요일,광주광역시 서구 풍암동,경상사고,0,0,5,0,차대차 - 기타,안전거리미확보,젖음/습기,흐림,단일로 - 기타,승용,남,18세,경상,승용,여,45세,경상
2022082300100536,2022년 8월 23일 19시,화요일,광주광역시 광산구 신가동,경상사고,0,0,1,0,차대차 - 측면충돌,안전운전불이행,젖음/습기,비,단일로 - 기타,승용,남,59세,상해없음,이륜,남,19세,경상
2022082300100562,2022년 8월 23일 20시,화요일,광주광역시 광산구 우산동,경상사고,0,0,2,0,차대차 - 기타,안전거리미확보,건조,맑음,단일로 - 기타,승용,여,45세,경상,승용,여,54세,경상
2022082300100589,2022년 8월 23일 21시,화요일,광주광역시 광산구 소촌동,경상사고,0,0,2,0,차대차 - 기타,신호위반,건조,맑음,교차로 - 교차로안,승용,여,25세,상해없음,승용,남,25세,경상
2022082400100011,2022년 8월 24일 00시,수요일,광주광역시 서구 쌍촌동,경상사고,0,0,3,0,차대차 - 측면충돌,중앙선침범,건조,맑음,단일로 - 기타,승용,남,35세,상해없음,승용,남,34세,경상
2022082400100032,2022년 8월 24일 03시,수요일,광주광역시 서구 쌍촌동,경상사고,0,0,3,0,차대차 - 추돌,안전운전불이행,젖음/습기,비,교차로 - 교차로부근,승용,남,51세,상해없음,승용,남,25세,경상
2022082400100078,2022년 8월 24일 07시,수요일,광주광역시 서구 쌍촌동,경상사고,0,0,1,0,차대차 - 측면충돌,안전운전불이행,건조,맑음,교차로 - 교차로안,승용,여,47세,상해없음,승용,남,32세,경상
2022082400100117,2022년 8월 24일 08시,수요일,광주광역시 북구 운암동,경상사고,0,0,2,0,차대차 - 측면충돌,안전운전불이행,건조,맑음,단일로 - 기타,승용,남,59세,상해없음,승용,남,31세,경상
2022082400100192,2022년 8월 24일 10시,수요일,광주광역시 서구 풍암동,중상사고,0,2,0,0,차대차 - 기타,신호위반,건조,맑음,교차로 - 교차로안,승용,남,70세,상해없음,승용,남,72세,중상
2022082400100193,2022년 8월 24일 10시,수요일,광주광역시 북구 동림동,경상사고,0,0,1,0,차대차 - 측면충돌,신호위반,건조,맑음,교차로 - 교차로안,승용,남,61세,기타불명,승용,남,57세,경상
2022082400100228,2022년 8월 24일 11시,수요일,광주광역시 동구 동명동,경상사고,0,0,1,0,차대차 - 기타,안전운전불이행,건조,맑음,단일로 - 기타,화물,남,38세,상해없음,자전거,남,62세,경상
2022082400100229,2022년 8월 24일 11시,수요일,광주광역시 서구 유촌동,경상사고,0,0,1,0,차대차 - 측면충돌,신호위반,건조,맑음,교차로 - 교차로안,승용,여,44세,상해없음,승용,남,47세,경상
2022082400100230,2022년 8월 24일 11시,수요일,광주광역시 북구 누문동,경상사고,0,0,1,0,차대차 - 정면충돌,신호위반,건조,맑음,단일로 - 기타,승용,남,74세,상해없음,자전거,남,75세,경상
2022082400100265,2022년 8월 24일 12시,수요일,광주광역시 광산구 운수동,경상사고,0,0,4,0,차대차 - 추돌,안전운전불이행,건조,맑음,단일로 - 지하차도(도로)내,승용,여,51세,경상,승용,남,52세,경상
2022082400100298,2022년 8월 24일 13시,수요일,광주광역시 북구 임동,중상사고,0,1,0,0,차대차 - 측면충돌,안전운전불이행,건조,맑음,교차로 - 교차로부근,승용,남,49세,상해없음,이륜,남,18세,중상
2022082400100349,2022년 8월 24일 15시,수요일,광주광역시 광산구 흑석동,경상사고,0,0,1,0,차대차 - 기타,안전운전불이행,건조,맑음,교차로 - 교차로안,승용,남,33세,상해없음,승용,남,37세,경상
2022082400100385,2022년 8월 24일 16시,수요일,광주광역시 북구 장등동,경상사고,0,0,1,0,차대차 - 추돌,안전운전불이행,건조,맑음,단일로 - 기타,승용,남,30세,상해없음,승용,남,41세,경상
2022082400100394,2022년 8월 24일 16시,수요일,광주광역시 동구 금남로5가,중상사고,0,1,0,0,차대사람 - 횡단중,안전운전불이행,건조,기타,단일로 - 기타,승용,여,44세,상해없음,보행자,남,71세,중상
2022082400100395,2022년 8월 24일 16시,수요일,광주광역시 서구 농성동,경상사고,0,0,2,0,차대차 - 측면충돌,신호위반,건조,맑음,교차로 - 교차로안,승용,여,41세,상해없음,승용,여,61세,경상
2022082400100478,2022년 8월 24일 18시,수요일,광주광역시 북구 양산동,경상사고,0,0,1,0,차대사람 - 기타,안전운전불이행,건조,맑음,단일로 - 기타,화물,남,56세,상해없음,보행자,여,53세,경상
2022082400100523,2022년 8월 24일 19시,수요일,광주광역시 서구 유촌동,경상사고,0,0,5,0,차대차 - 측면충돌,신호위반,건조,맑음,교차로 - 교차로안,화물,남,72세,상해없음,승용,남,65세,경상
2022082400100524,2022년 8월 24일 19시,수요일,광주광역시 북구 운암동,경상사고,0,0,1,0,차대차 - 기타,안전거리미확보,건조,맑음,단일로 - 기타,승용,남,64세,상해없음,이륜,남,26세,경상
2022082400100574,2022년 8월 24일 21시,수요일,광주광역시 북구 중흥동,경상사고,0,0,1,0,차대차 - 기타,신호위반,건조,흐림,단일로 - 기타,자전거,여,54세,경상,승용,남,25세,상해없음
2022082400100575,2022년 8월 24일 21시,수요일,광주광역시 북구 임동,중상사고,0,1,0,0,차대차 - 추돌,안전운전불이행,건조,맑음,교차로 - 교차로부근,승용,남,54세,상해없음,승용,여,55세,중상
2022082400100603,2022년 8월 24일 22시,수요일,광주광역시 서구 쌍촌동,경상사고,0,0,1,0,차대차 - 측면충돌,안전운전불이행,건조,맑음,단일로 - 기타,승용,남,36세,상해없음,이륜,남,25세,경상
2022082500100008,2022년 8월 25일 00시,목요일,광주광역시 서구 쌍촌동,경상사고,0,0,1,0,차대차 - 측면충돌,직진우회전진행방해,건조,맑음,교차로 - 교차로안,승용,여,31세,상해없음,승용,남,57세,경상
2022082500100009,2022년 8월 25일 00시,목요일,광주광역시 광산구 신가동,경상사고,0,0,1,0,차대차 - 기타,신호위반,건조,맑음,교차로 - 교차로안,승합,여,62세,상해없음,승용,남,23세,경상
2022082500100010,2022년 8월 25일 00시,목요일,광주광역시 광산구 월계동,경상사고,0,0,1,0,차대차 - 측면충돌,교차로운행방법위반,건조,맑음,교차로 - 교차로안,이륜,남,35세,상해없음,승용,남,38세,경상
2022082500100016,2022년 8월 25일 01시,목요일,광주광역시 서구 마륵동,중상사고,0,1,0,0,차대사람 - 횡단중,안전운전불이행,건조,맑음,단일로 - 기타,승용,남,26세,상해없음,보행자,남,31세,중상
2022082500100026,2022년 8월 25일 03시,목요일,광주광역시 서구 치평동,경상사고,0,0,1,0,차대차 - 기타,안전운전불이행,건조,맑음,교차로 - 교차로부근,승용,남,22세,상해없음,승용,남,59세,경상
2022082500100100,2022년 8월 25일 08시,목요일,광주광역시 남구 승촌동,경상사고,0,0,1,0,차대차 - 측면충돌,안전운전불이행,건조,맑음,단일로 - 기타,화물,남,50세,상해없음,승용,여,60세,경상
2022082500100101,2022년 8월 25일 08시,목요일,광주광역시 광산구 송촌동,경상사고,0,0,1,0,차대차 - 측면충돌,신호위반,건조,맑음,교차로 - 교차로안,승용,여,33세,상해없음,승용,남,56세,경상
2022082500100162,2022년 8월 25일 10시,목요일,광주광역시 북구 용봉동,경상사고,0,0,2,0,차대차 - 측면충돌,안전운전불이행,건조,맑음,교차로 - 교차로안,이륜,남,32세,경상,이륜,남,48세,경상
2022082500100228,2022년 8월 25일 12시,목요일,광주광역시 북구 연제동,경상사고,0,0,1,0,차대차 - 기타,신호위반,건조,맑음,교차로 - 교차로횡단보도내,승용,여,36세,상해없음,이륜,남,61세,경상
2022082500100229,2022년 8월 25일 12시,목요일,광주광역시 북구 운암동,부상신고사고,0,0,0,1,차대차 - 측면충돌,안전운전불이행,건조,맑음,교차로 - 교차로안,승용,남,62세,상해없음,승용,여,62세,상해없음
2022082500100332,2022년 8월 25일 15시,목요일,광주광역시 동구 내남동,경상사고,0,0,1,0,차대차 - 추돌,안전운전불이행,건조,맑음,단일로 - 기타,승용,여,61세,상해없음,승용,남,32세,경상
2022082500100334,2022년 8월 25일 15시,목요일,광주광역시 북구 신안동,경상사고,0,0,1,0,차대차 - 추돌,안전거리미확보,건조,맑음,교차로 - 교차로안,승용,남,35세,상해없음,화물,남,58세,상해없음
2022082500100365,2022년 8월 25일 16시,목요일,광주광역시 동구 충장로4가,경상사고,0,0,1,0,차대사람 - 기타,안전운전불이행,건조,맑음,교차로 - 교차로안,승용,남,19세,상해없음,보행자,여,42세,경상
2022082500100366,2022년 8월 25일 16시,목요일,광주광역시 서구 농성동,경상사고,0,0,2,0,차대차 - 후진중충돌,안전운전불이행,건조,맑음,단일로 - 기타,승용,남,64세,기타불명,승합,여,53세,경상
2022082500100367,2022년 8월 25일 16시,목요일,광주광역시 광산구 흑석동,경상사고,0,0,1,0,차대차 - 측면충돌,차로위반,건조,맑음,교차로 - 교차로부근,이륜,남,41세,경상,승용,여,53세,상해없음
2022082500100398,2022년 8월 25일 17시,목요일,광주광역시 광산구 쌍암동,경상사고,0,0,1,0,차대차 - 측면충돌,안전운전불이행,건조,맑음,단일로 - 기타,승용,여,44세,기타불명,승용,남,27세,경상
2022082500100399,2022년 8월 25일 17시,목요일,광주광역시 광산구 서봉동,중상사고,0,1,1,0,차대차 - 추돌,안전거리미확보,건조,맑음,교차로 - 교차로부근,승용,남,70세,기타불명,승용,남,58세,경상
2022082500100400,2022년 8월 25일 17시,목요일,광주광역시 광산구 신가동,경상사고,0,0,1,0,차대차 - 추돌,안전거리미확보,건조,맑음,단일로 - 기타,승용,남,63세,상해없음,승용,여,64세,경상
2022082500100482,2022년 8월 25일 19시,목요일,광주광역시 광산구 신촌동,경상사고,0,0,2,0,차대차 - 측면충돌,안전운전불이행,건조,맑음,교차로 - 교차로부근,승용,여,55세,상해없음,승용,남,65세,경상
2022082500100508,2022년 8월 25일 20시,목요일,광주광역시 동구 학동,경상사고,0,0,1,0,차대차 - 측면충돌,안전운전불이행,건조,맑음,기타 - 기타,승용,남,74세,상해없음,승용,남,50세,경상
2022082500100538,2022년 8월 25일 21시,목요일,광주광역시 서구 금호동,경상사고,0,0,1,0,차대사람 - 횡단중,안전운전불이행,건조,맑음,단일로 - 기타,승용,여,58세,상해없음,보행자,여,51세,경상
2022082500100539,2022년 8월 25일 21시,목요일,광주광역시 광산구 월계동,경상사고,0,0,1,0,차대차 - 기타,안전거리미확보,건조,기타,단일로 - 기타,승용,여,58세,상해없음,원동기,남,53세,경상
2022082500100575,2022년 8월 25일 23시,목요일,광주광역시 서구 풍암동,경상사고,0,0,2,0,차대차 - 정면충돌,중앙선침범,건조,맑음,단일로 - 기타,승용,여,50세,상해없음,승용,여,44세,경상
2022082600100023,2022년 8월 26일 01시,금요일,광주광역시 광산구 신창동,경상사고,0,0,1,0,차대차 - 정면충돌,안전운전불이행,건조,맑음,교차로 - 교차로안,승용,남,47세,상해없음,이륜,남,16세,경상
2022082600100031,2022년 8월 26일 02시,금요일,광주광역시 서구 쌍촌동,중상사고,0,1,3,0,차대차 - 기타,교차로운행방법위반,건조,맑음,교차로 - 교차로안,승용,남,69세,상해없음,승용,남,22세,경상
2022082600100032,2022년 8월 26일 03시,금요일,광주광역시 북구 신용동,경상사고,0,0,1,0,차대사람 - 기타,안전운전불이행,건조,맑음,교차로 - 교차로부근,승용,남,23세,상해없음,보행자,남,37세,경상
2022082600100121,2022년 8월 26일 08시,금요일,광주광역시 북구 용두동,경상사고,0,0,1,0,차대차 - 측면충돌,안전운전불이행,건조,맑음,단일로 - 고가도로위,승용,남,63세,상해없음,승용,여,55세,경상
2022082600100122,2022년 8월 26일 08시,금요일,광주광역시 북구 매곡동,경상사고,0,0,2,0,차대차 - 측면충돌,안전거리미확보,기타,기타,단일로 - 기타,승용,여,33세,상해없음,승용,남,68세,경상
2022082600100153,2022년 8월 26일 09시,금요일,광주광역시 서구 쌍촌동,경상사고,0,0,1,0,차대사람 - 차도통행중,안전운전불이행,건조,맑음,단일로 - 기타,승용,남,60세,상해없음,보행자,여,16세,경상
2022082600100183,2022년 8월 26일 10시,금요일,광주광역시 동구 금남로5가,경상사고,0,0,5,0,차대차 - 기타,안전거리미확보,건조,맑음,단일로 - 기타,승용,여,21세,경상,승용,남,75세,상해없음
2022082600100278,2022년 8월 26일 13시,금요일,광주광역시 서구 마륵동,경상사고,0,0,1,0,차대차 - 기타,신호위반,건조,맑음,교차로 - 교차로횡단보도내,승용,남,23세,상해없음,이륜,남,27세,경상
2022082600100279,2022년 8월 26일 13시,금요일,광주광역시 북구 운암동,경상사고,0,0,5,0,차대차 - 측면충돌,안전거리미확보,건조,맑음,단일로 - 고가도로위,승용,남,38세,경상,승용,남,20세,상해없음
2022082600100280,2022년 8월 26일 13시,금요일,광주광역시 광산구 도산동,경상사고,0,0,1,0,차대차 - 기타,중앙선침범,건조,맑음,단일로 - 기타,화물,남,54세,상해없음,승용,남,56세,경상
2022082600100389,2022년 8월 26일 16시,금요일,광주광역시 광산구 소촌동,경상사고,0,0,4,0,차대차 - 정면충돌,신호위반,건조,맑음,교차로 - 교차로안,승용,여,42세,경상,승용,남,66세,경상
2022082600100390,2022년 8월 26일 16시,금요일,광주광역시 광산구 박호동,중상사고,0,1,0,0,차대차 - 측면충돌,안전운전불이행,건조,맑음,단일로 - 기타,화물,남,72세,상해없음,자전거,남,65세,중상
2022082600100445,2022년 8월 26일 17시,금요일,광주광역시 서구 풍암동,경상사고,0,0,1,0,차대차 - 측면충돌,안전운전불이행,건조,맑음,단일로 - 기타,승용,여,39세,상해없음,승용,여,47세,경상
2022082600100502,2022년 8월 26일 18시,금요일,광주광역시 서구 치평동,경상사고,0,0,1,1,차대차 - 기타,안전운전불이행,건조,맑음,단일로 - 기타,승용,남,44세,부상신고,승용,남,57세,경상
2022082600100503,2022년 8월 26일 18시,금요일,광주광역시 북구 임동,경상사고,0,0,1,0,차대차 - 측면충돌,안전운전불이행,건조,맑음,단일로 - 기타,승용,여,31세,상해없음,자전거,여,28세,경상
2022082600100544,2022년 8월 26일 19시,금요일,광주광역시 남구 주월동,경상사고,0,0,1,0,차대차 - 기타,신호위반,건조,맑음,단일로 - 기타,승용,남,28세,상해없음,자전거,남,79세,경상
2022082600100627,2022년 8월 26일 22시,금요일,광주광역시 동구 월남동,경상사고,0,0,2,0,차대차 - 추돌,안전거리미확보,건조,맑음,단일로 - 기타,승용,남,66세,상해없음,화물,여,33세,경상
2022082600100628,2022년 8월 26일 22시,금요일,광주광역시 서구 치평동,경상사고,0,0,1,0,차대차 - 기타,안전거리미확보,건조,맑음,단일로 - 기타,승용,남,21세,상해없음,이륜,남,38세,경상
2022082600100649,2022년 8월 26일 23시,금요일,광주광역시 광산구 월전동,경상사고,0,0,1,0,차대차 - 기타,안전운전불이행,건조,맑음,교차로 - 교차로안,승용,남,27세,상해없음,승용,여,61세,경상
2022082700100026,2022년 8월 27일 01시,토요일,광주광역시 동구 대인동,경상사고,0,0,3,0,차대차 - 기타,안전운전불이행,건조,맑음,단일로 - 기타,승용,남,40세,경상,승용,남,53세,경상
2022082700100027,2022년 8월 27일 01시,토요일,광주광역시 남구 월산동,경상사고,0,0,1,0,차대차 - 측면충돌,안전운전불이행,건조,맑음,교차로 - 교차로안,화물,남,76세,상해없음,승용,남,29세,경상
2022082700100028,2022년 8월 27일 01시,토요일,광주광역시 북구 용봉동,경상사고,0,0,2,0,차대차 - 기타,신호위반,건조,맑음,단일로 - 기타,화물,남,34세,기타불명,화물,남,41세,경상
2022082700100052,2022년 8월 27일 03시,토요일,광주광역시 동구 불로동,부상신고사고,0,0,0,1,차대차 - 기타,안전운전불이행,건조,맑음,단일로 - 기타,승용,남,21세,부상신고,승용,여,39세,상해없음
2022082700100084,2022년 8월 27일 06시,토요일,광주광역시 동구 선교동,경상사고,0,0,2,0,차대차 - 추돌,안전운전불이행,건조,맑음,단일로 - 터널,화물,남,65세,상해없음,승용,남,25세,경상
2022082700100101,2022년 8월 27일 07시,토요일,광주광역시 북구 각화동,경상사고,0,0,1,0,차대차 - 측면충돌,안전운전불이행,건조,맑음,교차로 - 교차로부근,승용,남,78세,상해없음,승용,남,31세,경상
2022082700100145,2022년 8월 27일 09시,토요일,광주광역시 광산구 월계동,중상사고,0,1,0,0,차대사람 - 횡단중,신호위반,건조,맑음,교차로 - 교차로횡단보도내,승용,남,57세,상해없음,보행자,여,16세,중상
2022082700100175,2022년 8월 27일 10시,토요일,광주광역시 북구 각화동,경상사고,0,0,1,0,차대차 - 추돌,안전운전불이행,건조,맑음,단일로 - 기타,화물,남,47세,상해없음,승용,남,73세,경상
2022082700100217,2022년 8월 27일 11시,토요일,광주광역시 서구 내방동,경상사고,0,0,8,0,차대차 - 측면충돌,안전운전불이행,건조,맑음,교차로 - 교차로부근,승용,남,53세,상해없음,승용,남,43세,경상
2022082700100269,2022년 8월 27일 12시,토요일,광주광역시 동구 계림동,경상사고,0,0,1,0,차대차 - 측면충돌,안전운전불이행,건조,맑음,교차로 - 교차로부근,승용,남,54세,상해없음,자전거,여,69세,경상
2022082700100270,2022년 8월 27일 12시,토요일,광주광역시 서구 광천동,중상사고,0,1,0,0,차대차 - 기타,안전거리미확보,건조,맑음,단일로 - 기타,승용,여,51세,상해없음,승합,남,54세,상해없음
2022082700100309,2022년 8월 27일 13시,토요일,광주광역시 북구 운암동,경상사고,0,0,1,0,차대차 - 측면충돌,기타,건조,맑음,단일로 - 기타,승용,여,25세,상해없음,자전거,남,20세,경상
2022082700100395,2022년 8월 27일 15시,토요일,광주광역시 광산구 송정동,중상사고,0,1,0,0,차대사람 - 차도통행중,안전운전불이행,건조,맑음,단일로 - 기타,화물,남,45세,상해없음,보행자,여,61세,중상
2022082700100439,2022년 8월 27일 16시,토요일,광주광역시 광산구 소촌동,경상사고,0,0,3,0,차대차 - 기타,교차로운행방법위반,건조,맑음,교차로 - 교차로안,승용,여,53세,경상,화물,남,52세,경상
2022082700100527,2022년 8월 27일 18시,토요일,광주광역시 서구 서창동,중상사고,0,1,1,0,차대차 - 기타,신호위반,건조,흐림,교차로 - 교차로안,화물,남,51세,상해없음,승용,여,40세,경상
2022082700100528,2022년 8월 27일 18시,토요일,광주광역시 남구 진월동,중상사고,0,1,0,0,차대차 - 측면충돌,안전운전불이행,건조,맑음,단일로 - 기타,승합,여,40세,상해없음,이륜,남,45세,중상
2022082700100529,2022년 8월 27일 18시,토요일,광주광역시 광산구 신창동,중상사고,0,1,0,0,차대사람 - 보도통행중,안전운전불이행,건조,맑음,단일로 - 기타,개인형이동수단(PM),남,18세,상해없음,보행자,여,37세,중상
2022082700100592,2022년 8월 27일 20시,토요일,광주광역시 광산구 소촌동,경상사고,0,0,1,0,차량단독 - 기타,안전운전불이행,건조,맑음,단일로 - 기타,승용,남,73세,상해없음,,,,
2022082700100608,2022년 8월 27일 21시,토요일,광주광역시 동구 황금동,경상사고,0,0,1,0,차대차 - 기타,안전운전불이행,건조,맑음,단일로 - 기타,승용,남,27세,경상,승용,남,26세,기타불명
2022082700100625,2022년 8월 27일 22시,토요일,광주광역시 광산구 장덕동,경상사고,0,0,2,0,차대차 - 기타,신호위반,건조,기타,교차로 - 교차로부근,이륜,남,19세,경상,승용,여,41세,경상
2022082800100023,2022년 8월 28일 01시,일요일,광주광역시 광산구 신창동,중상사고,0,1,0,0,차대차 - 측면충돌,신호위반,건조,맑음,교차로 - 교차로안,원동기,남,14세,중상,승용,여,21세,상해없음
2022082800100033,2022년 8월 28일 02시,일요일,광주광역시 동구 충장로1가,부상신고사고,0,0,0,1,차대차 - 기타,안전운전불이행,건조,맑음,교차로 - 교차로부근,승용,남,25세,상해없음,자전거,남,14세,부상신고
2022082800100079,2022년 8월 28일 08시,일요일,광주광역시 북구 동림동,경상사고,0,0,1,1,차대사람 - 기타,안전운전불이행,건조,맑음,기타 - 기타,자전거,여,58세,부상신고,보행자,여,68세,경상
2022082800100128,2022년 8월 28일 10시,일요일,광주광역시 남구 봉선동,경상사고,0,0,3,0,차대차 - 추돌,안전운전불이행,건조,맑음,단일로 - 기타,승용,남,85세,상해없음,승용,남,70세,경상
2022082800100162,2022년 8월 28일 11시,일요일,광주광역시 북구 풍향동,경상사고,0,0,1,1,차대차 - 후진중충돌,안전운전불이행,건조,맑음,기타 - 기타,승용,남,68세,상해없음,승용,여,35세,경상
2022082800100163,2022년 8월 28일 11시,일요일,광주광역시 광산구 송정동,경상사고,0,0,2,0,차대차 - 추돌,안전운전불이행,건조,맑음,교차로 - 교차로부근,승용,남,59세,상해없음,승용,여,46세,경상
2022082800100164,2022년 8월 28일 11시,일요일,광주광역시 광산구 운남동,경상사고,0,0,2,0,차대차 - 측면충돌,교차로운행방법위반,건조,맑음,교차로 - 교차로안,화물,남,60세,경상,승용,남,62세,경상
2022082800100303,2022년 8월 28일 15시,일요일,광주광역시 광산구 소촌동,경상사고,0,0,2,0,차대차 - 측면충돌,교차로운행방법위반,건조,맑음,교차로 - 교차로안,화물,남,60세,상해없음,승용,여,73세,경상
2022082800100330,2022년 8월 28일 16시,일요일,광주광역시 동구 대인동,중상사고,0,1,0,0,차대사람 - 기타,안전운전불이행,건조,맑음,기타 - 기타,승용,여,54세,상해없음,보행자,남,55세,중상
2022082800100394,2022년 8월 28일 18시,일요일,광주광역시 동구 운림동,경상사고,0,0,2,0,차대차 - 측면충돌,안전운전불이행,건조,맑음,단일로 - 기타,승용,남,86세,상해없음,승용,남,66세,경상
2022082800100426,2022년 8월 28일 19시,일요일,광주광역시 서구 치평동,경상사고,0,0,4,0,차대차 - 기타,안전거리미확보,건조,맑음,교차로 - 교차로부근,승용,남,51세,상해없음,승용,남,38세,경상
2022082800100427,2022년 8월 28일 19시,일요일,광주광역시 북구 동림동,경상사고,0,0,4,0,차대차 - 기타,차로위반,건조,맑음,단일로 - 기타,화물,여,40세,상해없음,승용,남,38세,상해없음