사고번호,사고일시,요일,시군구,사고내용,사망자수,중상자수,경상자수,부상신고자수,사고유형,법규위반,노면상태,기상상태,도로형태,가해운전자 차종,가해운전자 성별,가해운전자 연령,가해운전자 상해정도,피해운전자 차종,피해운전자 성별,피해운전자 연령,피해운전자 상해정도
2022082800100456,2022년 8월 28일 20시,일요일,광주광역시 북구 두암동,경상사고,0,0,1,0,차대차 - 기타,기타,건조,맑음,단일로 - 기타,승용,남,57세,상해없음,이륜,남,23세,경상
2022082800100476,2022년 8월 28일 21시,일요일,광주광역시 서구 쌍촌동,경상사고,0,0,1,0,차량단독 - 기타,안전운전불이행,건조,맑음,단일로 - 기타,승용,남,69세,상해없음,,,,
2022082800100488,2022년 8월 28일 22시,일요일,광주광역시 동구 금남로3가,경상사고,0,0,1,0,차대사람 - 기타,안전운전불이행,건조,맑음,단일로 - 기타,승용,남,18세,상해없음,보행자,남,24세,경상
2022082800100499,2022년 8월 28일 23시,일요일,광주광역시 북구 오치동,경상사고,0,0,1,0,차대차 - 기타,신호위반,건조,맑음,교차로 - 교차로안,승용,여,57세,기타불명,승용,남,19세,경상
2022082800100500,2022년 8월 28일 23시,일요일,광주광역시 광산구 송정동,경상사고,0,0,1,0,차대사람 - 횡단중,안전운전불이행,건조,맑음,교차로 - 교차로횡단보도내,기타불명,기타불명,미분류,기타불명,보행자,남,22세,경상
2022082900100007,2022년 8월 29일 00시,월요일,광주광역시 서구 마륵동,경상사고,0,0,1,0,차대차 - 측면충돌,안전운전불이행,건조,맑음,교차로 - 교차로부근,승용,남,63세,상해없음,승용,남,72세,경상
2022082900100083,2022년 8월 29일 07시,월요일,광주광역시 동구 학동,중상사고,0,1,0,0,차대사람 - 횡단중,안전운전불이행,건조,맑음,단일로 - 기타,승용,남,25세,상해없음,보행자,여,75세,중상
2022082900100122,2022년 8월 29일 08시,월요일,광주광역시 서구 화정동,중상사고,0,1,0,0,차대사람 - 기타,안전운전불이행,건조,맑음,단일로 - 기타,승용,여,42세,상해없음,보행자,여,85세,중상
2022082900100124,2022년 8월 29일 08시,월요일,광주광역시 광산구 수완동,중상사고,0,1,3,0,차대차 - 측면충돌,신호위반,건조,흐림,교차로 - 교차로안,승용,여,66세,경상,승용,남,33세,경상
2022082900100154,2022년 8월 29일 09시,월요일,광주광역시 서구 마륵동,경상사고,0,0,1,0,차대차 - 측면충돌,신호위반,건조,맑음,교차로 - 교차로안,승용,여,70세,상해없음,승용,남,45세,경상
2022082900100221,2022년 8월 29일 11시,월요일,광주광역시 서구 농성동,경상사고,0,0,1,0,차대차 - 후진중충돌,안전운전불이행,건조,맑음,단일로 - 기타,특수,남,29세,상해없음,이륜,남,40세,경상
2022082900100251,2022년 8월 29일 12시,월요일,광주광역시 동구 소태동,부상신고사고,0,0,0,1,차대사람 - 횡단중,안전운전불이행,건조,맑음,단일로 - 기타,승용,남,56세,상해없음,보행자,남,72세,부상신고
2022082900100252,2022년 8월 29일 12시,월요일,광주광역시 북구 중흥동,경상사고,0,0,1,0,차대차 - 기타,교차로운행방법위반,젖음/습기,비,교차로 - 교차로안,이륜,남,32세,경상,승용,남,62세,상해없음
2022082900100253,2022년 8월 29일 12시,월요일,광주광역시 북구 두암동,경상사고,0,0,2,0,차대차 - 측면충돌,안전운전불이행,젖음/습기,맑음,단일로 - 기타,승용,여,41세,상해없음,이륜,남,21세,경상
2022082900100254,2022년 8월 29일 12시,월요일,광주광역시 광산구 쌍암동,경상사고,0,0,1,0,차대차 - 측면충돌,안전운전불이행,건조,맑음,단일로 - 기타,승용,남,58세,상해없음,승용,남,49세,경상
2022082900100296,2022년 8월 29일 13시,월요일,광주광역시 북구 양산동,중상사고,0,1,0,0,차대차 - 측면충돌,교차로운행방법위반,건조,맑음,교차로 - 교차로안,승용,여,60세,상해없음,이륜,남,66세,중상
2022082900100297,2022년 8월 29일 13시,월요일,광주광역시 북구 두암동,중상사고,0,1,0,0,차대사람 - 횡단중,보행자보호의무위반,건조,맑음,교차로 - 교차로안,건설기계,남,56세,상해없음,보행자,여,67세,중상
2022082900100361,2022년 8월 29일 15시,월요일,광주광역시 광산구 월계동,경상사고,0,0,1,0,차대사람 - 보도통행중,기타,건조,맑음,단일로 - 기타,개인형이동수단(PM),여,19세,상해없음,보행자,여,61세,경상
2022082900100397,2022년 8월 29일 16시,월요일,광주광역시 북구 두암동,경상사고,0,0,2,0,차대차 - 측면충돌,안전운전불이행,건조,맑음,단일로 - 기타,화물,남,63세,상해없음,승용,남,40세,경상
2022082900100437,2022년 8월 29일 17시,월요일,광주광역시 북구 장등동,경상사고,0,0,4,1,차대차 - 추돌,안전운전불이행,건조,흐림,단일로 - 기타,승용,여,42세,경상,승용,남,47세,경상
2022082900100483,2022년 8월 29일 18시,월요일,광주광역시 광산구 수완동,경상사고,0,0,1,0,차대차 - 추돌,안전운전불이행,건조,맑음,단일로 - 기타,승용,남,66세,상해없음,승용,남,61세,경상
2022082900100484,2022년 8월 29일 18시,월요일,광주광역시 광산구 우산동,경상사고,0,0,2,0,차대차 - 측면충돌,차로위반,건조,맑음,교차로 - 교차로부근,승용,여,70세,상해없음,승용,여,56세,경상
2022082900100521,2022년 8월 29일 19시,월요일,광주광역시 동구 학동,경상사고,0,0,1,0,차대차 - 추돌,안전운전불이행,건조,맑음,교차로 - 교차로부근,이륜,남,53세,상해없음,이륜,남,22세,경상
2022082900100522,2022년 8월 29일 19시,월요일,광주광역시 서구 쌍촌동,경상사고,0,0,1,0,차대사람 - 길가장자리구역통행중,안전운전불이행,건조,맑음,단일로 - 기타,승용,남,48세,상해없음,보행자,남,39세,경상
2022082900100523,2022년 8월 29일 19시,월요일,광주광역시 광산구 우산동,경상사고,0,0,1,0,차대사람 - 기타,안전운전불이행,건조,맑음,교차로 - 교차로부근,승용,남,71세,상해없음,보행자,남,19세,경상
2022082900100543,2022년 8월 29일 20시,월요일,광주광역시 광산구 운남동,경상사고,0,0,4,0,차대차 - 측면충돌,안전운전불이행,건조,맑음,교차로 - 교차로안,승용,남,60세,상해없음,승용,남,23세,경상
2022082900100567,2022년 8월 29일 21시,월요일,광주광역시 동구 장동,중상사고,0,1,0,0,차대사람 - 기타,안전운전불이행,건조,맑음,단일로 - 기타,승용,남,47세,상해없음,보행자,남,54세,중상
2022082900100568,2022년 8월 29일 21시,월요일,광주광역시 서구 금호동,경상사고,0,0,1,0,차대차 - 추돌,안전거리미확보,건조,맑음,교차로 - 교차로부근,승용,여,44세,상해없음,이륜,남,34세,경상
2022082900100569,2022년 8월 29일 21시,월요일,광주광역시 광산구 우산동,경상사고,0,0,1,0,차대차 - 기타,안전운전불이행,건조,맑음,단일로 - 기타,승용,남,55세,상해없음,승용,남,26세,기타불명
2022082900100595,2022년 8월 29일 22시,월요일,광주광역시 광산구 수완동,경상사고,0,0,1,0,차대차 - 기타,안전운전불이행,건조,맑음,교차로 - 교차로안,승용,남,26세,기타불명,이륜,남,38세,경상
2022082900100613,2022년 8월 29일 23시,월요일,광주광역시 서구 치평동,경상사고,0,0,1,0,차량단독 - 기타,안전운전불이행,건조,맑음,교차로 - 교차로부근,승용,남,62세,상해없음,,,,
2022083000100008,2022년 8월 30일 00시,화요일,광주광역시 북구 용봉동,경상사고,0,0,1,0,차대차 - 기타,신호위반,건조,흐림,교차로 - 교차로안,개인형이동수단(PM),남,14세,상해없음,승용,남,58세,상해없음
2022083000100125,2022년 8월 30일 08시,화요일,광주광역시 광산구 우산동,부상신고사고,0,0,0,1,차대사람 - 횡단중,안전운전불이행,건조,맑음,단일로 - 기타,승용,남,45세,상해없음,보행자,남,40세,부상신고
2022083000100185,2022년 8월 30일 10시,화요일,광주광역시 북구 양산동,경상사고,0,0,1,0,차대차 - 후진중충돌,불법유턴,건조,맑음,교차로 - 교차로부근,승용,여,49세,상해없음,승용,여,42세,경상
2022083000100220,2022년 8월 30일 11시,화요일,광주광역시 광산구 산정동,경상사고,0,0,2,0,차대차 - 측면충돌,교차로운행방법위반,건조,맑음,교차로 - 교차로안,승용,남,67세,상해없음,화물,남,46세,경상
2022083000100221,2022년 8월 30일 11시,화요일,광주광역시 광산구 우산동,경상사고,0,0,1,0,차대차 - 기타,안전운전불이행,건조,맑음,교차로 - 교차로부근,승용,남,71세,상해없음,승합,남,61세,상해없음
2022083000100247,2022년 8월 30일 12시,화요일,광주광역시 서구 마륵동,경상사고,0,0,1,0,차대차 - 측면충돌,안전운전불이행,건조,맑음,교차로 - 교차로안,승용,여,25세,상해없음,이륜,남,40세,경상
2022083000100278,2022년 8월 30일 13시,화요일,광주광역시 동구 동명동,경상사고,0,0,1,0,차대사람 - 보도통행중,보행자보호의무위반,건조,맑음,단일로 - 기타,승용,남,64세,상해없음,보행자,여,22세,경상
2022083000100343,2022년 8월 30일 15시,화요일,광주광역시 남구 임암동,경상사고,0,0,1,0,차대차 - 측면충돌,안전운전불이행,건조,맑음,단일로 - 기타,승용,여,49세,상해없음,승용,여,31세,경상
2022083000100344,2022년 8월 30일 15시,화요일,광주광역시 북구 신용동,중상사고,0,1,1,0,차대차 - 기타,중앙선침범,건조,맑음,단일로 - 기타,승용,남,60세,상해없음,승용,남,62세,중상
2022083000100379,2022년 8월 30일 16시,화요일,광주광역시 광산구 하남동,중상사고,0,1,0,0,차대차 - 측면충돌,교차로운행방법위반,건조,맑음,교차로 - 교차로안,화물,남,58세,상해없음,이륜,남,53세,중상
2022083000100380,2022년 8월 30일 16시,화요일,광주광역시 광산구 수완동,경상사고,0,0,1,0,차대차 - 기타,안전운전불이행,건조,맑음,단일로 - 기타,승합,남,54세,상해없음,승용,여,30세,경상
2022083000100431,2022년 8월 30일 17시,화요일,광주광역시 북구 두암동,경상사고,0,0,1,0,차대차 - 기타,안전운전불이행,젖음/습기,흐림,교차로 - 교차로안,화물,남,58세,상해없음,승합,남,68세,경상
2022083000100467,2022년 8월 30일 18시,화요일,광주광역시 북구 삼각동,경상사고,0,0,1,0,차대차 - 추돌,안전운전불이행,건조,맑음,교차로 - 교차로부근,화물,남,49세,상해없음,이륜,남,40세,경상
2022083000100503,2022년 8월 30일 19시,화요일,광주광역시 광산구 신창동,경상사고,0,0,1,0,차대차 - 기타,신호위반,건조,맑음,교차로 - 교차로안,화물,남,58세,상해없음,승용,남,48세,경상
2022083000100531,2022년 8월 30일 20시,화요일,광주광역시 동구 대의동,경상사고,0,0,1,0,차대차 - 추돌,안전운전불이행,건조,맑음,단일로 - 기타,이륜,남,35세,상해없음,이륜,남,36세,경상
2022083000100557,2022년 8월 30일 21시,화요일,광주광역시 서구 유촌동,경상사고,0,0,1,0,차대차 - 측면충돌,안전운전불이행,젖음/습기,비,단일로 - 기타,승용,남,60세,상해없음,승용,여,45세,경상
2022083000100558,2022년 8월 30일 21시,화요일,광주광역시 광산구 산정동,중상사고,0,1,1,0,차대사람 - 횡단중,안전운전불이행,젖음/습기,흐림,단일로 - 기타,이륜,남,46세,경상,보행자,남,61세,중상
2022083000100587,2022년 8월 30일 22시,화요일,광주광역시 북구 삼각동,중상사고,0,1,0,0,차대사람 - 횡단중,안전운전불이행,젖음/습기,비,교차로 - 교차로부근,승용,남,49세,상해없음,보행자,남,17세,중상
2022083000100609,2022년 8월 30일 23시,화요일,광주광역시 북구 중흥동,경상사고,0,0,1,0,차량단독 - 공작물충돌,안전운전불이행,건조,맑음,교차로 - 교차로안,승용,남,51세,상해없음,,,,
2022083100100018,2022년 8월 31일 00시,수요일,광주광역시 서구 벽진동,경상사고,0,0,1,0,차대차 - 측면충돌,신호위반,젖음/습기,비,교차로 - 교차로안,승용,남,33세,상해없음,승용,남,37세,경상
2022083100100019,2022년 8월 31일 00시,수요일,광주광역시 서구 내방동,경상사고,0,0,2,0,차대차 - 추돌,안전운전불이행,젖음/습기,비,단일로 - 기타,화물,남,47세,상해없음,승용,남,43세,경상
2022083100100063,2022년 8월 31일 06시,수요일,광주광역시 서구 치평동,경상사고,0,0,1,0,차대사람 - 기타,안전운전불이행,젖음/습기,흐림,단일로 - 기타,승용,여,37세,상해없음,보행자,여,18세,경상
2022083100100119,2022년 8월 31일 08시,수요일,광주광역시 서구 화정동,경상사고,0,0,1,1,차대차 - 기타,교차로운행방법위반,건조,맑음,교차로 - 교차로안,승용,남,24세,부상신고,승용,여,46세,경상
2022083100100120,2022년 8월 31일 08시,수요일,광주광역시 북구 오치동,경상사고,0,0,1,0,차대차 - 추돌,안전거리미확보,건조,흐림,교차로 - 교차로부근,승용,남,28세,상해없음,승용,여,51세,경상
2022083100100146,2022년 8월 31일 09시,수요일,광주광역시 서구 서창동,경상사고,0,0,1,0,차대차 - 측면충돌,안전운전불이행,건조,맑음,단일로 - 기타,승용,남,51세,상해없음,승용,여,63세,경상
2022083100100147,2022년 8월 31일 09시,수요일,광주광역시 광산구 대산동,경상사고,0,0,2,0,차대차 - 정면충돌,신호위반,건조,맑음,교차로 - 교차로안,승용,여,69세,경상,승용,여,61세,경상
2022083100100200,2022년 8월 31일 11시,수요일,광주광역시 광산구 도산동,경상사고,0,0,1,0,차대차 - 기타,안전거리미확보,건조,맑음,단일로 - 기타,화물,남,62세,상해없음,승용,여,29세,경상
2022083100100293,2022년 8월 31일 14시,수요일,광주광역시 북구 문흥동,경상사고,0,0,1,0,차대차 - 후진중충돌,안전운전불이행,건조,맑음,단일로 - 기타,승용,남,53세,상해없음,이륜,남,52세,경상
2022083100100320,2022년 8월 31일 15시,수요일,광주광역시 북구 본촌동,경상사고,0,0,1,0,차대차 - 측면충돌,안전운전불이행,건조,맑음,단일로 - 기타,화물,남,50세,상해없음,자전거,남,70세,경상
2022083100100349,2022년 8월 31일 16시,수요일,광주광역시 동구 금남로1가,경상사고,0,0,1,0,차대차 - 기타,신호위반,건조,맑음,기타 - 기타,승용,여,58세,상해없음,승용,남,26세,경상
2022083100100350,2022년 8월 31일 16시,수요일,광주광역시 서구 치평동,중상사고,0,1,0,0,차대차 - 기타,신호위반,건조,맑음,교차로 - 교차로안,승용,여,25세,상해없음,승용,여,58세,중상
2022083100100351,2022년 8월 31일 16시,수요일,광주광역시 북구 용봉동,경상사고,0,0,1,0,차대차 - 측면충돌,안전운전불이행,기타,맑음,기타 - 기타,승용,남,46세,기타불명,승용,남,26세,경상
2022083100100396,2022년 8월 31일 17시,수요일,광주광역시 서구 풍암동,경상사고,0,0,1,0,차대사람 - 횡단중,보행자보호의무위반,건조,맑음,교차로 - 교차로부근,승합,남,69세,상해없음,보행자,여,20세,경상
2022083100100397,2022년 8월 31일 17시,수요일,광주광역시 서구 치평동,경상사고,0,0,1,0,차대차 - 추돌,안전운전불이행,건조,맑음,교차로 - 교차로부근,승용,남,36세,기타불명,승용,남,33세,경상
2022083100100398,2022년 8월 31일 17시,수요일,광주광역시 북구 매곡동,경상사고,0,0,1,0,차대차 - 추돌,안전거리미확보,건조,맑음,단일로 - 기타,승용,여,23세,기타불명,승용,여,57세,경상
2022083100100436,2022년 8월 31일 18시,수요일,광주광역시 서구 쌍촌동,경상사고,0,0,1,1,차대차 - 기타,안전운전불이행,건조,맑음,교차로 - 교차로안,승용,남,22세,부상신고,승용,남,25세,경상
2022083100100475,2022년 8월 31일 19시,수요일,광주광역시 광산구 신가동,경상사고,0,0,1,0,차대차 - 추돌,안전운전불이행,건조,맑음,교차로 - 교차로부근,승용,남,69세,상해없음,승용,여,40세,경상
2022083100100522,2022년 8월 31일 21시,수요일,광주광역시 서구 광천동,경상사고,0,0,1,0,차대차 - 추돌,교차로운행방법위반,건조,맑음,교차로 - 교차로부근,승용,남,40세,상해없음,승용,남,43세,경상
2022083100100541,2022년 8월 31일 22시,수요일,광주광역시 서구 치평동,경상사고,0,0,1,0,차대차 - 추돌,안전운전불이행,건조,맑음,단일로 - 기타,승용,남,78세,상해없음,승용,남,53세,경상
2022090100100121,2022년 9월 1일 08시,목요일,광주광역시 남구 주월동,경상사고,0,0,1,0,차대차 - 기타,교차로운행방법위반,건조,맑음,교차로 - 교차로안,이륜,남,42세,경상,승용,여,40세,상해없음
2022090100100180,2022년 9월 1일 10시,목요일,광주광역시 광산구 지평동,경상사고,0,0,1,0,차대차 - 추돌,차로위반,건조,맑음,단일로 - 기타,승용,남,73세,상해없음,승용,여,63세,경상
2022090100100181,2022년 9월 1일 10시,목요일,광주광역시 광산구 월곡동,경상사고,0,0,1,0,차대사람 - 차도통행중,안전운전불이행,건조,맑음,단일로 - 기타,승용,남,62세,상해없음,보행자,남,58세,경상
2022090100100219,2022년 9월 1일 11시,목요일,광주광역시 서구 화정동,경상사고,0,0,2,0,차대차 - 추돌,안전거리미확보,건조,맑음,교차로 - 교차로부근,이륜,남,41세,상해없음,승용,남,64세,경상
2022090100100246,2022년 9월 1일 12시,목요일,광주광역시 서구 치평동,경상사고,0,0,1,0,차대차 - 기타,신호위반,건조,맑음,교차로 - 교차로횡단보도내,승용,남,57세,상해없음,자전거,남,72세,경상
2022090100100247,2022년 9월 1일 12시,목요일,광주광역시 서구 화정동,경상사고,0,0,1,0,차대사람 - 기타,보행자보호의무위반,건조,맑음,교차로 - 교차로횡단보도내,승용,여,54세,상해없음,보행자,여,20세,경상
2022090100100298,2022년 9월 1일 13시,목요일,광주광역시 남구 월산동,경상사고,0,0,1,0,차대차 - 기타,안전운전불이행,건조,맑음,교차로 - 교차로안,승용,여,66세,상해없음,승용,남,26세,경상
2022090100100299,2022년 9월 1일 13시,목요일,광주광역시 북구 용봉동,경상사고,0,0,1,0,차대차 - 추돌,교차로운행방법위반,기타,기타,교차로 - 교차로부근,화물,남,68세,상해없음,승용,여,59세,경상
2022090100100367,2022년 9월 1일 15시,목요일,광주광역시 남구 주월동,경상사고,0,0,1,0,차대차 - 기타,안전운전불이행,건조,맑음,단일로 - 기타,승용,남,82세,상해없음,승용,남,62세,상해없음
2022090100100419,2022년 9월 1일 16시,목요일,광주광역시 동구 학동,경상사고,0,0,1,0,차대차 - 추돌,안전거리미확보,건조,맑음,단일로 - 기타,승용,남,70세,상해없음,승용,여,47세,경상
2022090100100420,2022년 9월 1일 16시,목요일,광주광역시 서구 농성동,경상사고,0,0,1,0,차대사람 - 기타,안전운전불이행,건조,맑음,단일로 - 기타,승용,남,34세,상해없음,보행자,남,23세,경상
2022090100100421,2022년 9월 1일 16시,목요일,광주광역시 서구 풍암동,경상사고,0,0,1,0,차대차 - 추돌,안전거리미확보,건조,맑음,교차로 - 교차로부근,승용,여,46세,상해없음,승용,여,27세,경상
2022090100100422,2022년 9월 1일 16시,목요일,광주광역시 북구 임동,경상사고,0,0,1,0,차대차 - 추돌,안전운전불이행,건조,맑음,교차로 - 교차로부근,승용,남,47세,상해없음,승용,남,43세,경상
2022090100100477,2022년 9월 1일 17시,목요일,광주광역시 남구 주월동,경상사고,0,0,2,0,차대차 - 측면충돌,중앙선침범,건조,맑음,교차로 - 교차로부근,승용,남,62세,상해없음,승용,남,71세,경상
2022090100100478,2022년 9월 1일 17시,목요일,광주광역시 광산구 신가동,경상사고,0,0,1,0,차대차 - 기타,차로위반,건조,맑음,교차로 - 교차로부근,승용,여,51세,상해없음,승용,남,42세,경상
2022090100100512,2022년 9월 1일 18시,목요일,광주광역시 서구 광천동,부상신고사고,0,0,0,1,차량단독 - 기타,안전운전불이행,건조,맑음,단일로 - 기타,승합,남,55세,상해없음,,,,
2022090100100513,2022년 9월 1일 18시,목요일,광주광역시 광산구 장수동,경상사고,0,0,1,0,차대차 - 기타,불법유턴,건조,맑음,단일로 - 기타,승용,남,28세,상해없음,승용,남,32세,경상
2022090100100552,2022년 9월 1일 19시,목요일,광주광역시 남구 주월동,경상사고,0,0,1,0,차대차 - 측면충돌,안전거리미확보,건조,맑음,단일로 - 기타,승용,여,46세,상해없음,승용,남,28세,경상
2022090100100588,2022년 9월 1일 20시,목요일,광주광역시 북구 운암동,경상사고,0,0,1,0,차대차 - 추돌,안전운전불이행,건조,맑음,단일로 - 기타,이륜,남,16세,상해없음,승용,여,28세,경상
2022090100100610,2022년 9월 1일 21시,목요일,광주광역시 남구 주월동,중상사고,0,1,0,0,차대사람 - 횡단중,안전운전불이행,건조,맑음,교차로 - 교차로부근,승용,남,29세,상해없음,보행자,여,45세,중상
2022090200100032,2022년 9월 2일 03시,금요일,광주광역시 서구 금호동,경상사고,0,0,1,0,차대차 - 기타,신호위반,건조,맑음,교차로 - 교차로안,승용,남,31세,상해없음,승용,여,64세,경상
2022090200100033,2022년 9월 2일 03시,금요일,광주광역시 광산구 삼거동,중상사고,0,1,2,0,차량단독 - 공작물충돌,안전운전불이행,건조,맑음,단일로 - 기타,승용,남,15세,경상,,,,
2022090200100140,2022년 9월 2일 08시,금요일,광주광역시 광산구 산월동,경상사고,0,0,1,0,차대차 - 기타,신호위반,건조,맑음,교차로 - 교차로안,승용,여,55세,상해없음,승용,남,35세,경상
2022090200100216,2022년 9월 2일 10시,금요일,광주광역시 서구 쌍촌동,경상사고,0,0,1,0,차량단독 - 기타,안전운전불이행,건조,맑음,교차로 - 교차로부근,승합,남,62세,상해없음,,,,
2022090200100217,2022년 9월 2일 10시,금요일,광주광역시 북구 삼각동,경상사고,0,0,1,0,차대차 - 측면충돌,직진우회전진행방해,건조,맑음,교차로 - 교차로안,승용,남,21세,상해없음,승용,남,32세,경상
2022090200100364,2022년 9월 2일 14시,금요일,광주광역시 동구 학동,경상사고,0,0,2,0,차대차 - 추돌,안전운전불이행,건조,맑음,교차로 - 교차로부근,승용,남,27세,상해없음,승용,남,25세,경상
2022090200100365,2022년 9월 2일 14시,금요일,광주광역시 서구 광천동,중상사고,0,1,0,0,차대차 - 추돌,안전운전불이행,건조,맑음,단일로 - 기타,승용,남,49세,상해없음,승용,여,47세,중상
2022090200100408,2022년 9월 2일 15시,금요일,광주광역시 동구 용산동,중상사고,0,1,0,0,차대사람 - 횡단중,신호위반,건조,맑음,교차로 - 교차로횡단보도내,화물,남,33세,상해없음,보행자,남,7세,중상
2022090200100459,2022년 9월 2일 16시,금요일,광주광역시 서구 매월동,중상사고,0,1,0,0,차대사람 - 기타,안전운전불이행,건조,맑음,교차로 - 교차로부근,화물,남,61세,상해없음,보행자,여,73세,중상
2022090200100460,2022년 9월 2일 16시,금요일,광주광역시 북구 오치동,경상사고,0,0,1,0,차대사람 - 기타,안전운전불이행,건조,맑음,단일로 - 기타,승용,여,67세,상해없음,보행자,남,18세,경상
2022090200100461,2022년 9월 2일 16시,금요일,광주광역시 북구 운암동,경상사고,0,0,2,0,차대차 - 추돌,차로위반,건조,맑음,단일로 - 기타,승용,여,51세,경상,승용,여,44세,경상
2022090200100513,2022년 9월 2일 17시,금요일,광주광역시 북구 용봉동,경상사고,0,0,1,0,차대차 - 기타,안전운전불이행,건조,맑음,단일로 - 기타,화물,남,75세,상해없음,승용,여,23세,경상
2022090200100514,2022년 9월 2일 17시,금요일,광주광역시 북구 오치동,경상사고,0,0,1,0,차대사람 - 기타,안전운전불이행,건조,맑음,단일로 - 기타,승용,여,63세,상해없음,보행자,남,43세,경상
2022090200100619,2022년 9월 2일 19시,금요일,광주광역시 서구 쌍촌동,중상사고,0,1,1,0,차대차 - 기타,안전거리미확보,건조,맑음,단일로 - 기타,이륜,남,60세,중상,승용,여,56세,경상
2022090200100620,2022년 9월 2일 19시,금요일,광주광역시 서구 풍암동,경상사고,0,0,2,0,차대차 - 추돌,안전거리미확보,건조,맑음,기타 - 기타,승용,남,53세,상해없음,승용,남,53세,경상
2022090200100653,2022년 9월 2일 20시,금요일,광주광역시 북구 일곡동,경상사고,0,0,1,1,차대차 - 기타,교차로운행방법위반,건조,맑음,교차로 - 교차로안,화물,여,51세,부상신고,이륜,여,26세,경상
2022090200100680,2022년 9월 2일 21시,금요일,광주광역시 동구 서석동,경상사고,0,0,1,0,차대차 - 기타,안전운전불이행,건조,맑음,단일로 - 기타,승용,남,79세,상해없음,승용,남,53세,경상
2022090300100062,2022년 9월 3일 04시,토요일,광주광역시 서구 화정동,경상사고,0,0,1,0,차대사람 - 기타,안전운전불이행,건조,맑음,단일로 - 기타,승용,남,61세,상해없음,보행자,남,79세,경상
2022090300100079,2022년 9월 3일 05시,토요일,광주광역시 북구 임동,경상사고,0,0,3,0,차대차 - 정면충돌,중앙선침범,건조,맑음,교차로 - 교차로부근,승용,남,22세,기타불명,승용,남,60세,경상
2022090300100080,2022년 9월 3일 05시,토요일,광주광역시 북구 오룡동,경상사고,0,0,1,0,차대차 - 추돌,안전거리미확보,건조,맑음,교차로 - 교차로안,승용,남,34세,기타불명,승용,남,44세,경상
2022090300100122,2022년 9월 3일 08시,토요일,광주광역시 광산구 선암동,경상사고,0,0,1,0,차대차 - 추돌,안전운전불이행,건조,맑음,교차로 - 교차로부근,승용,남,66세,상해없음,승용,남,52세,경상
2022090300100186,2022년 9월 3일 10시,토요일,광주광역시 북구 운암동,경상사고,0,0,1,0,차대차 - 측면충돌,안전거리미확보,건조,맑음,교차로 - 교차로안,승용,남,59세,상해없음,승용,남,49세,경상
2022090300100187,2022년 9월 3일 10시,토요일,광주광역시 광산구 산월동,경상사고,0,0,2,0,차대차 - 기타,안전운전불이행,건조,맑음,교차로 - 교차로부근,승용,남,45세,상해없음,승용,여,53세,경상
2022090300100316,2022년 9월 3일 13시,토요일,광주광역시 동구 소태동,경상사고,0,0,3,0,차대차 - 추돌,안전운전불이행,건조,맑음,단일로 - 기타,승합,남,61세,기타불명,승용,여,25세,경상
2022090300100317,2022년 9월 3일 13시,토요일,광주광역시 동구 학동,경상사고,0,0,1,0,차대차 - 추돌,안전운전불이행,건조,맑음,교차로 - 교차로부근,승용,여,32세,상해없음,승용,여,60세,경상
2022090300100318,2022년 9월 3일 13시,토요일,광주광역시 광산구 수완동,경상사고,0,0,2,0,차대차 - 기타,안전거리미확보,건조,맑음,교차로 - 교차로부근,승용,남,61세,기타불명,승용,남,45세,경상
2022090300100319,2022년 9월 3일 13시,토요일,광주광역시 광산구 수완동,중상사고,0,1,0,0,차대차 - 기타,안전운전불이행,건조,맑음,교차로 - 교차로부근,승용,남,51세,상해없음,승용,여,46세,중상
2022090300100355,2022년 9월 3일 14시,토요일,광주광역시 북구 중흥동,경상사고,0,0,1,0,차대차 - 기타,교차로운행방법위반,건조,맑음,교차로 - 교차로부근,승용,여,66세,상해없음,화물,남,41세,경상
2022090300100395,2022년 9월 3일 15시,토요일,광주광역시 동구 계림동,경상사고,0,0,1,0,차대차 - 추돌,안전운전불이행,건조,맑음,교차로 - 교차로부근,이륜,남,38세,상해없음,이륜,남,43세,경상
2022090300100396,2022년 9월 3일 15시,토요일,광주광역시 광산구 월곡동,경상사고,0,0,1,0,차대사람 - 횡단중,안전운전불이행,건조,맑음,교차로 - 교차로안,승용,여,65세,상해없음,보행자,여,56세,경상
2022090300100425,2022년 9월 3일 16시,토요일,광주광역시 북구 임동,경상사고,0,0,2,0,차대차 - 추돌,안전운전불이행,건조,맑음,교차로 - 교차로부근,승용,남,38세,상해없음,승용,여,37세,경상
2022090300100426,2022년 9월 3일 16시,토요일,광주광역시 북구 중흥동,경상사고,0,0,1,0,차대차 - 측면충돌,안전운전불이행,건조,맑음,교차로 - 교차로부근,승용,남,60세,상해없음,이륜,남,40세,경상
2022090300100427,2022년 9월 3일 16시,토요일,광주광역시 광산구 장덕동,경상사고,0,0,1,0,차대사람 - 횡단중,안전운전불이행,건조,맑음,단일로 - 기타,승용,남,27세,상해없음,보행자,남,40세,경상
2022090300100464,2022년 9월 3일 17시,토요일,광주광역시 광산구 송정동,경상사고,0,0,1,0,차대차 - 기타,신호위반,건조,흐림,교차로 - 교차로안,이륜,여,33세,상해없음,승용,남,60세,경상