사고번호,사고일시,요일,시군구,사고내용,사망자수,중상자수,경상자수,부상신고자수,사고유형,법규위반,노면상태,기상상태,도로형태,가해운전자 차종,가해운전자 성별,가해운전자 연령,가해운전자 상해정도,피해운전자 차종,피해운전자 성별,피해운전자 연령,피해운전자 상해정도
2022090300100532,2022년 9월 3일 19시,토요일,광주광역시 서구 치평동,경상사고,0,0,2,0,차대차 - 기타,기타,건조,맑음,교차로 - 교차로안,승용,남,51세,기타불명,승용,남,54세,상해없음
2022090300100559,2022년 9월 3일 20시,토요일,광주광역시 북구 문흥동,경상사고,0,0,3,0,차대차 - 기타,직진우회전진행방해,건조,맑음,교차로 - 교차로안,승용,남,31세,경상,승용,남,65세,경상
2022090300100577,2022년 9월 3일 21시,토요일,광주광역시 서구 치평동,경상사고,0,0,1,0,차대사람 - 횡단중,보행자보호의무위반,건조,맑음,교차로 - 교차로횡단보도내,승용,남,36세,상해없음,보행자,남,56세,경상
2022090300100578,2022년 9월 3일 21시,토요일,광주광역시 남구 백운동,경상사고,0,0,1,0,차대차 - 추돌,안전운전불이행,건조,맑음,교차로 - 교차로안,승용,남,53세,상해없음,승용,남,39세,경상
2022090300100579,2022년 9월 3일 21시,토요일,광주광역시 북구 중흥동,경상사고,0,0,1,0,차대차 - 측면충돌,교차로운행방법위반,건조,맑음,교차로 - 교차로안,승용,여,64세,상해없음,승용,남,27세,경상
2022090300100580,2022년 9월 3일 21시,토요일,광주광역시 광산구 쌍암동,경상사고,0,0,1,0,차대사람 - 횡단중,안전운전불이행,건조,맑음,교차로 - 교차로안,승용,남,39세,상해없음,보행자,여,53세,경상
2022090300100625,2022년 9월 3일 23시,토요일,광주광역시 서구 광천동,경상사고,0,0,5,0,차대차 - 기타,안전운전불이행,건조,맑음,교차로 - 교차로부근,승용,남,41세,상해없음,승용,남,54세,경상
2022090300100626,2022년 9월 3일 23시,토요일,광주광역시 북구 신안동,경상사고,0,0,2,0,차대차 - 측면충돌,안전운전불이행,건조,맑음,교차로 - 교차로안,승용,남,44세,상해없음,승용,여,26세,경상
2022090400100017,2022년 9월 4일 01시,일요일,광주광역시 남구 방림동,경상사고,0,0,3,0,차대차 - 측면충돌,안전운전불이행,건조,맑음,교차로 - 교차로안,승용,남,48세,상해없음,승용,남,47세,경상
2022090400100031,2022년 9월 4일 02시,일요일,광주광역시 서구 치평동,경상사고,0,0,2,0,차대차 - 측면충돌,안전운전불이행,건조,맑음,단일로 - 기타,승용,여,24세,상해없음,승용,남,19세,경상
2022090400100081,2022년 9월 4일 08시,일요일,광주광역시 북구 매곡동,경상사고,0,0,1,0,차대차 - 정면충돌,안전운전불이행,건조,맑음,교차로 - 교차로안,승용,여,22세,상해없음,자전거,남,70세,경상
2022090400100144,2022년 9월 4일 11시,일요일,광주광역시 동구 산수동,부상신고사고,0,0,0,1,차대차 - 정면충돌,직진우회전진행방해,건조,맑음,교차로 - 교차로부근,승용,남,53세,상해없음,이륜,남,17세,부상신고
2022090400100145,2022년 9월 4일 11시,일요일,광주광역시 서구 동천동,경상사고,0,0,1,0,차대차 - 후진중충돌,안전운전불이행,건조,맑음,단일로 - 기타,승용,남,47세,상해없음,승용,남,32세,경상
2022090400100146,2022년 9월 4일 11시,일요일,광주광역시 북구 우산동,중상사고,0,1,0,0,차대사람 - 횡단중,안전운전불이행,건조,맑음,단일로 - 기타,승합,남,49세,상해없음,보행자,여,66세,중상
2022090400100174,2022년 9월 4일 12시,일요일,광주광역시 서구 풍암동,경상사고,0,0,2,0,차대차 - 추돌,안전거리미확보,건조,맑음,교차로 - 교차로부근,승용,남,56세,상해없음,승용,남,57세,경상
2022090400100205,2022년 9월 4일 13시,일요일,광주광역시 동구 지산동,경상사고,0,0,3,0,차대차 - 추돌,안전운전불이행,건조,흐림,단일로 - 기타,승용,남,59세,경상,승용,남,45세,경상
2022090400100206,2022년 9월 4일 13시,일요일,광주광역시 광산구 신촌동,경상사고,0,0,1,0,차대차 - 정면충돌,안전운전불이행,건조,맑음,단일로 - 기타,자전거,남,79세,경상,자전거,남,9세,상해없음
2022090400100240,2022년 9월 4일 14시,일요일,광주광역시 북구 누문동,중상사고,0,1,1,0,차대차 - 측면충돌,교차로운행방법위반,건조,맑음,교차로 - 교차로부근,승용,남,28세,상해없음,승용,남,78세,중상
2022090400100271,2022년 9월 4일 15시,일요일,광주광역시 북구 두암동,부상신고사고,0,0,0,1,차량단독 - 기타,안전운전불이행,기타,기타,교차로 - 교차로부근,이륜,남,81세,부상신고,,,,
2022090400100272,2022년 9월 4일 15시,일요일,광주광역시 북구 두암동,중상사고,0,1,0,0,차대사람 - 기타,안전운전불이행,건조,맑음,단일로 - 기타,승합,남,60세,기타불명,보행자,여,73세,중상
2022090400100273,2022년 9월 4일 15시,일요일,광주광역시 광산구 쌍암동,중상사고,0,1,0,0,차대사람 - 횡단중,보행자보호의무위반,건조,맑음,교차로 - 교차로횡단보도내,승용,남,36세,상해없음,보행자,남,61세,중상
2022090400100309,2022년 9월 4일 16시,일요일,광주광역시 서구 화정동,부상신고사고,0,0,0,1,차대차 - 기타,신호위반,건조,맑음,교차로 - 교차로안,이륜,남,22세,부상신고,개인형이동수단(PM),남,17세,상해없음
2022090400100310,2022년 9월 4일 16시,일요일,광주광역시 서구 쌍촌동,경상사고,0,0,1,0,차대차 - 기타,안전운전불이행,건조,맑음,단일로 - 기타,승용,남,67세,상해없음,원동기,남,66세,경상
2022090400100311,2022년 9월 4일 16시,일요일,광주광역시 남구 방림동,경상사고,0,0,3,1,차대차 - 기타,안전운전불이행,젖음/습기,비,단일로 - 기타,화물,남,35세,상해없음,승용,남,38세,경상
2022090400100360,2022년 9월 4일 18시,일요일,광주광역시 북구 두암동,경상사고,0,0,1,0,차대차 - 기타,교차로운행방법위반,건조,맑음,교차로 - 교차로안,승용,여,26세,상해없음,승용,남,50세,경상
2022090400100361,2022년 9월 4일 18시,일요일,광주광역시 북구 삼각동,경상사고,0,0,2,0,차대차 - 기타,차로위반,젖음/습기,비,단일로 - 기타,승용,여,27세,경상,승용,남,20세,상해없음
2022090400100388,2022년 9월 4일 19시,일요일,광주광역시 광산구 월계동,경상사고,0,0,1,0,차대차 - 추돌,안전운전불이행,건조,맑음,교차로 - 교차로안,승용,여,35세,상해없음,승용,여,29세,경상
2022090400100423,2022년 9월 4일 20시,일요일,광주광역시 북구 두암동,경상사고,0,0,4,0,차대차 - 추돌,안전운전불이행,젖음/습기,비,단일로 - 기타,화물,남,40세,상해없음,승용,여,45세,경상
2022090500100074,2022년 9월 5일 07시,월요일,광주광역시 서구 매월동,사망사고,1,0,0,0,차대사람 - 횡단중,기타,젖음/습기,비,단일로 - 기타,승용,남,60세,상해없음,보행자,남,79세,사망
2022090500100075,2022년 9월 5일 07시,월요일,광주광역시 북구 각화동,경상사고,0,0,1,0,차대사람 - 횡단중,안전운전불이행,젖음/습기,비,단일로 - 기타,화물,남,58세,상해없음,보행자,남,27세,경상
2022090500100118,2022년 9월 5일 08시,월요일,광주광역시 광산구 월계동,경상사고,0,0,2,0,차대차 - 측면충돌,신호위반,젖음/습기,비,교차로 - 교차로안,승용,남,50세,상해없음,승용,여,37세,경상
2022090500100119,2022년 9월 5일 08시,월요일,광주광역시 광산구 수완동,경상사고,0,0,1,0,차대사람 - 차도통행중,안전운전불이행,젖음/습기,비,단일로 - 기타,승용,남,51세,상해없음,보행자,여,14세,경상
2022090500100160,2022년 9월 5일 09시,월요일,광주광역시 서구 쌍촌동,중상사고,0,1,1,0,차대차 - 추돌,안전거리미확보,건조,맑음,단일로 - 기타,승용,여,51세,상해없음,원동기,남,48세,중상
2022090500100161,2022년 9월 5일 09시,월요일,광주광역시 서구 쌍촌동,경상사고,0,0,2,0,차대차 - 측면충돌,안전운전불이행,젖음/습기,흐림,교차로 - 교차로부근,승용,남,30세,기타불명,승용,남,52세,경상
2022090500100188,2022년 9월 5일 10시,월요일,광주광역시 동구 대인동,경상사고,0,0,1,0,차대차 - 측면충돌,안전운전불이행,건조,맑음,교차로 - 교차로부근,승용,남,23세,상해없음,화물,남,35세,경상
2022090500100189,2022년 9월 5일 10시,월요일,광주광역시 남구 주월동,경상사고,0,0,1,0,차대차 - 측면충돌,신호위반,건조,맑음,교차로 - 교차로안,승용,남,70세,상해없음,승용,남,48세,경상
2022090500100190,2022년 9월 5일 10시,월요일,광주광역시 북구 양산동,경상사고,0,0,1,0,차대차 - 기타,안전운전불이행,건조,맑음,기타 - 기타,승합,남,65세,상해없음,승용,여,39세,경상
2022090500100216,2022년 9월 5일 11시,월요일,광주광역시 북구 일곡동,경상사고,0,0,1,0,차량단독 - 기타,안전운전불이행,건조,맑음,단일로 - 기타,승합,남,48세,상해없음,,,,
2022090500100218,2022년 9월 5일 11시,월요일,광주광역시 광산구 장록동,중상사고,0,1,1,0,차대차 - 측면충돌,신호위반,젖음/습기,비,교차로 - 교차로안,승용,남,48세,중상,화물,남,44세,경상
2022090500100219,2022년 9월 5일 11시,월요일,광주광역시 광산구 신가동,경상사고,0,0,5,0,차대차 - 추돌,안전거리미확보,건조,맑음,단일로 - 기타,승용,여,47세,경상,승용,남,53세,경상
2022090500100245,2022년 9월 5일 12시,월요일,광주광역시 북구 동림동,경상사고,0,0,1,0,차대차 - 기타,신호위반,건조,맑음,교차로 - 교차로안,자전거,남,52세,경상,승합,남,27세,상해없음
2022090500100273,2022년 9월 5일 13시,월요일,광주광역시 광산구 수완동,경상사고,0,0,1,0,차대사람 - 횡단중,신호위반,젖음/습기,비,단일로 - 기타,승용,여,53세,상해없음,보행자,여,67세,경상
2022090500100274,2022년 9월 5일 13시,월요일,광주광역시 광산구 산월동,경상사고,0,0,1,0,차대차 - 기타,안전거리미확보,건조,맑음,단일로 - 기타,화물,남,49세,상해없음,승용,남,53세,경상
2022090500100303,2022년 9월 5일 14시,월요일,광주광역시 북구 매곡동,경상사고,0,0,1,0,차대차 - 추돌,안전운전불이행,젖음/습기,비,교차로 - 교차로부근,이륜,남,61세,경상,승용,남,74세,상해없음
2022090500100304,2022년 9월 5일 14시,월요일,광주광역시 북구 용봉동,경상사고,0,0,1,0,차대차 - 측면충돌,안전운전불이행,젖음/습기,비,교차로 - 교차로부근,승용,여,60세,기타불명,화물,남,52세,경상
2022090500100324,2022년 9월 5일 15시,월요일,광주광역시 남구 주월동,경상사고,0,0,4,0,차대차 - 기타,안전거리미확보,건조,맑음,단일로 - 기타,승용,남,66세,상해없음,승용,남,20세,경상
2022090500100325,2022년 9월 5일 15시,월요일,광주광역시 북구 신안동,부상신고사고,0,0,0,1,차대차 - 기타,안전운전불이행,건조,맑음,교차로 - 교차로부근,승용,여,42세,상해없음,화물,남,24세,부상신고
2022090500100407,2022년 9월 5일 17시,월요일,광주광역시 서구 금호동,경상사고,0,0,2,0,차대차 - 기타,안전운전불이행,젖음/습기,맑음,교차로 - 교차로안,승용,여,55세,상해없음,승용,남,64세,경상
2022090500100408,2022년 9월 5일 17시,월요일,광주광역시 북구 운암동,경상사고,0,0,1,0,차대차 - 기타,안전거리미확보,건조,맑음,단일로 - 기타,승용,여,56세,상해없음,승용,남,30세,경상
2022090500100409,2022년 9월 5일 17시,월요일,광주광역시 광산구 수완동,경상사고,0,0,1,0,차대차 - 측면충돌,안전거리미확보,건조,맑음,교차로 - 교차로부근,승용,남,82세,상해없음,화물,남,66세,경상
2022090500100457,2022년 9월 5일 18시,월요일,광주광역시 북구 우산동,경상사고,0,0,1,0,차대사람 - 횡단중,안전운전불이행,젖음/습기,비,단일로 - 기타,화물,남,59세,상해없음,보행자,남,51세,경상
2022090500100458,2022년 9월 5일 18시,월요일,광주광역시 북구 운암동,중상사고,0,1,0,0,차대사람 - 횡단중,안전운전불이행,젖음/습기,맑음,교차로 - 교차로부근,화물,남,50세,상해없음,보행자,남,71세,중상
2022090500100525,2022년 9월 5일 19시,월요일,광주광역시 서구 금호동,경상사고,0,0,1,0,차대사람 - 횡단중,신호위반,젖음/습기,비,단일로 - 기타,승용,여,56세,상해없음,보행자,남,19세,경상
2022090500100568,2022년 9월 5일 20시,월요일,광주광역시 남구 주월동,중상사고,0,1,0,0,차대차 - 추돌,안전운전불이행,젖음/습기,비,교차로 - 교차로부근,화물,남,52세,상해없음,이륜,남,44세,중상
2022090500100569,2022년 9월 5일 20시,월요일,광주광역시 남구 방림동,경상사고,0,0,1,0,차대차 - 측면충돌,차로위반,젖음/습기,비,교차로 - 교차로부근,승용,남,30세,기타불명,승용,남,36세,경상
2022090500100570,2022년 9월 5일 20시,월요일,광주광역시 북구 일곡동,중상사고,0,1,0,0,차대사람 - 횡단중,신호위반,젖음/습기,비,교차로 - 교차로횡단보도내,이륜,남,32세,상해없음,보행자,여,44세,중상
2022090500100571,2022년 9월 5일 20시,월요일,광주광역시 북구 두암동,경상사고,0,0,1,0,차대사람 - 횡단중,보행자보호의무위반,젖음/습기,비,기타 - 기타,승용,남,56세,상해없음,보행자,남,51세,경상
2022090500100608,2022년 9월 5일 21시,월요일,광주광역시 서구 벽진동,부상신고사고,0,0,0,3,차대차 - 추돌,안전거리미확보,건조,맑음,단일로 - 기타,승용,남,27세,상해없음,승용,남,45세,부상신고
2022090500100609,2022년 9월 5일 21시,월요일,광주광역시 서구 내방동,중상사고,0,1,0,0,차대차 - 추돌,안전운전불이행,젖음/습기,비,단일로 - 기타,승용,남,26세,기타불명,승용,남,35세,중상
2022090500100637,2022년 9월 5일 22시,월요일,광주광역시 서구 화정동,경상사고,0,0,1,0,차대사람 - 기타,안전운전불이행,젖음/습기,비,교차로 - 교차로부근,화물,남,63세,상해없음,보행자,남,15세,경상
2022090600100017,2022년 9월 6일 00시,화요일,광주광역시 광산구 송촌동,중상사고,0,1,0,0,차량단독 - 공작물충돌,안전운전불이행,젖음/습기,비,단일로 - 기타,승용,남,30세,중상,,,,
2022090600100030,2022년 9월 6일 01시,화요일,광주광역시 북구 오치동,경상사고,0,0,1,0,차량단독 - 공작물충돌,안전운전불이행,젖음/습기,비,단일로 - 기타,승용,남,70세,상해없음,,,,
2022090600100078,2022년 9월 6일 07시,화요일,광주광역시 광산구 쌍암동,경상사고,0,0,1,0,차대차 - 기타,안전운전불이행,건조,맑음,교차로 - 교차로횡단보도내,자전거,남,21세,경상,승용,남,62세,상해없음
2022090600100114,2022년 9월 6일 09시,화요일,광주광역시 북구 오치동,경상사고,0,0,1,0,차대차 - 추돌,안전거리미확보,건조,맑음,교차로 - 교차로안,승용,여,58세,기타불명,승용,남,41세,경상
2022090600100115,2022년 9월 6일 09시,화요일,광주광역시 북구 운암동,부상신고사고,0,0,0,1,차대차 - 추돌,교차로운행방법위반,건조,맑음,교차로 - 교차로안,승용,여,68세,상해없음,승용,남,44세,상해없음
2022090600100200,2022년 9월 6일 12시,화요일,광주광역시 광산구 우산동,부상신고사고,0,0,0,1,차대차 - 측면충돌,교차로운행방법위반,건조,맑음,교차로 - 교차로안,이륜,남,20세,부상신고,승용,남,68세,상해없음
2022090600100233,2022년 9월 6일 13시,화요일,광주광역시 남구 사동,경상사고,0,0,1,0,차대차 - 측면충돌,안전운전불이행,건조,맑음,단일로 - 기타,승용,여,72세,상해없음,이륜,남,53세,경상
2022090600100234,2022년 9월 6일 13시,화요일,광주광역시 북구 각화동,경상사고,0,0,2,0,차대차 - 추돌,안전운전불이행,건조,맑음,교차로 - 교차로부근,승용,여,58세,상해없음,승용,여,37세,경상
2022090600100349,2022년 9월 6일 16시,화요일,광주광역시 동구 충장로4가,중상사고,0,1,0,0,차대사람 - 기타,안전운전불이행,건조,맑음,단일로 - 기타,개인형이동수단(PM),남,15세,상해없음,보행자,여,57세,중상
2022090600100350,2022년 9월 6일 16시,화요일,광주광역시 동구 서석동,경상사고,0,0,1,0,차량단독 - 기타,안전운전불이행,건조,맑음,단일로 - 기타,승합,남,60세,상해없음,,,,
2022090600100351,2022년 9월 6일 16시,화요일,광주광역시 서구 화정동,경상사고,0,0,1,0,차대차 - 측면충돌,안전운전불이행,건조,맑음,단일로 - 기타,이륜,남,57세,상해없음,승용,여,35세,경상
2022090600100405,2022년 9월 6일 17시,화요일,광주광역시 북구 운암동,경상사고,0,0,1,0,차대차 - 추돌,교차로운행방법위반,건조,맑음,단일로 - 기타,화물,남,56세,기타불명,승용,여,56세,경상
2022090600100406,2022년 9월 6일 17시,화요일,광주광역시 북구 대촌동,경상사고,0,0,2,0,차대차 - 기타,안전운전불이행,건조,맑음,단일로 - 기타,승용,남,29세,기타불명,승용,남,39세,경상
2022090600100407,2022년 9월 6일 17시,화요일,광주광역시 북구 중흥동,경상사고,0,0,1,0,차대차 - 측면충돌,안전운전불이행,건조,맑음,교차로 - 교차로안,화물,남,60세,상해없음,승용,여,29세,경상
2022090600100408,2022년 9월 6일 17시,화요일,광주광역시 광산구 안청동,경상사고,0,0,2,0,차대차 - 측면충돌,중앙선침범,건조,맑음,교차로 - 교차로부근,승용,남,60세,경상,승용,남,23세,경상
2022090600100409,2022년 9월 6일 17시,화요일,광주광역시 광산구 오선동,경상사고,0,0,1,0,차대차 - 측면충돌,안전거리미확보,건조,맑음,단일로 - 기타,화물,여,64세,기타불명,승용,남,62세,경상
2022090600100464,2022년 9월 6일 18시,화요일,광주광역시 광산구 장덕동,경상사고,0,0,1,0,차대차 - 측면충돌,차로위반,건조,맑음,교차로 - 교차로안,승용,여,67세,상해없음,승용,남,24세,경상
2022090600100503,2022년 9월 6일 19시,화요일,광주광역시 북구 용봉동,중상사고,0,1,0,0,차대차 - 정면충돌,교차로운행방법위반,건조,맑음,교차로 - 교차로안,승용,남,21세,상해없음,개인형이동수단(PM),남,20세,중상
2022090600100526,2022년 9월 6일 20시,화요일,광주광역시 서구 쌍촌동,중상사고,0,1,0,0,차대사람 - 차도통행중,신호위반,건조,맑음,교차로 - 교차로부근,이륜,남,39세,상해없음,보행자,남,48세,중상
2022090600100527,2022년 9월 6일 20시,화요일,광주광역시 광산구 신가동,부상신고사고,0,0,0,1,차대차 - 측면충돌,안전거리미확보,건조,맑음,단일로 - 기타,승용,남,65세,상해없음,승용,여,51세,부상신고
2022090600100543,2022년 9월 6일 21시,화요일,광주광역시 북구 장등동,경상사고,0,0,1,0,차대차 - 측면충돌,안전운전불이행,건조,맑음,단일로 - 기타,화물,남,64세,상해없음,승용,남,47세,경상
2022090600100549,2022년 9월 6일 21시,화요일,광주광역시 북구 용봉동,경상사고,0,0,4,0,차대차 - 측면충돌,교차로운행방법위반,건조,흐림,교차로 - 교차로안,승용,남,58세,경상,승용,남,59세,경상
2022090600100582,2022년 9월 6일 22시,화요일,광주광역시 북구 풍향동,경상사고,0,0,1,0,차대차 - 측면충돌,교차로운행방법위반,건조,맑음,교차로 - 교차로안,이륜,남,38세,경상,승용,남,31세,상해없음
2022090700100012,2022년 9월 7일 00시,수요일,광주광역시 북구 동림동,경상사고,0,0,1,0,차대차 - 추돌,기타,건조,맑음,단일로 - 기타,승용,남,19세,상해없음,화물,남,36세,경상
2022090700100148,2022년 9월 7일 08시,수요일,광주광역시 동구 학동,경상사고,0,0,1,0,차대차 - 측면충돌,안전운전불이행,건조,맑음,단일로 - 기타,승용,여,66세,상해없음,승용,남,37세,경상
2022090700100149,2022년 9월 7일 08시,수요일,광주광역시 서구 화정동,경상사고,0,0,1,0,차대차 - 측면충돌,교차로운행방법위반,건조,맑음,단일로 - 기타,승용,여,48세,상해없음,이륜,남,64세,경상
2022090700100207,2022년 9월 7일 09시,수요일,광주광역시 동구 계림동,경상사고,0,0,1,0,차대사람 - 기타,안전운전불이행,건조,맑음,단일로 - 기타,승용,남,38세,상해없음,보행자,여,81세,경상
2022090700100208,2022년 9월 7일 09시,수요일,광주광역시 서구 쌍촌동,경상사고,0,0,1,0,차대차 - 기타,안전운전불이행,건조,맑음,교차로 - 교차로부근,승용,남,36세,상해없음,승용,여,19세,경상
2022090700100209,2022년 9월 7일 09시,수요일,광주광역시 서구 광천동,경상사고,0,0,3,0,차대차 - 측면충돌,안전운전불이행,건조,맑음,단일로 - 기타,승용,남,46세,상해없음,승용,여,38세,경상
2022090700100247,2022년 9월 7일 10시,수요일,광주광역시 북구 연제동,경상사고,0,0,1,0,차대차 - 기타,신호위반,건조,맑음,교차로 - 교차로안,승용,남,29세,상해없음,승용,남,33세,경상
2022090700100284,2022년 9월 7일 11시,수요일,광주광역시 남구 진월동,중상사고,0,1,0,0,차대차 - 기타,안전운전불이행,건조,맑음,교차로 - 교차로안,승용,남,49세,상해없음,자전거,남,87세,중상
2022090700100285,2022년 9월 7일 11시,수요일,광주광역시 남구 백운동,경상사고,0,0,1,0,차대차 - 추돌,안전거리미확보,건조,맑음,단일로 - 기타,이륜,남,29세,기타불명,승용,남,69세,경상
2022090700100286,2022년 9월 7일 11시,수요일,광주광역시 남구 주월동,경상사고,0,0,1,0,차대차 - 기타,안전운전불이행,건조,맑음,교차로 - 교차로안,승용,남,57세,상해없음,승용,여,64세,경상
2022090700100316,2022년 9월 7일 12시,수요일,광주광역시 서구 치평동,경상사고,0,0,1,0,차대차 - 측면충돌,안전운전불이행,건조,맑음,단일로 - 기타,승용,남,54세,상해없음,승용,남,46세,경상
2022090700100349,2022년 9월 7일 13시,수요일,광주광역시 북구 문흥동,경상사고,0,0,1,0,차대차 - 기타,신호위반,건조,맑음,단일로 - 기타,자전거,남,68세,경상,승용,여,52세,상해없음
2022090700100350,2022년 9월 7일 13시,수요일,광주광역시 북구 용봉동,경상사고,0,0,1,0,차대차 - 추돌,안전운전불이행,건조,맑음,단일로 - 기타,승용,남,62세,상해없음,승용,여,51세,경상
2022090700100385,2022년 9월 7일 14시,수요일,광주광역시 서구 광천동,경상사고,0,0,2,0,차대차 - 측면충돌,교차로운행방법위반,건조,맑음,교차로 - 교차로안,승용,남,66세,상해없음,승용,남,27세,경상
2022090700100386,2022년 9월 7일 14시,수요일,광주광역시 광산구 우산동,경상사고,0,0,1,0,차대차 - 측면충돌,안전운전불이행,건조,맑음,교차로 - 교차로안,화물,남,44세,상해없음,승용,남,20세,경상
2022090700100424,2022년 9월 7일 15시,수요일,광주광역시 서구 치평동,경상사고,0,0,1,0,차대차 - 기타,교차로운행방법위반,건조,맑음,교차로 - 교차로안,승용,남,62세,상해없음,원동기,남,26세,경상
2022090700100530,2022년 9월 7일 17시,수요일,광주광역시 북구 양산동,경상사고,0,0,1,0,차대차 - 추돌,신호위반,건조,맑음,교차로 - 교차로안,화물,남,58세,기타불명,승용,여,30세,경상
2022090700100531,2022년 9월 7일 17시,수요일,광주광역시 광산구 월계동,경상사고,0,0,1,0,차대사람 - 기타,기타,기타,맑음,단일로 - 기타,개인형이동수단(PM),남,15세,상해없음,보행자,여,20세,경상
2022090700100532,2022년 9월 7일 17시,수요일,광주광역시 광산구 소촌동,경상사고,0,0,1,1,차대차 - 추돌,안전거리미확보,건조,맑음,단일로 - 기타,승용,남,25세,기타불명,승용,여,33세,경상
2022090700100583,2022년 9월 7일 18시,수요일,광주광역시 북구 운암동,경상사고,0,0,1,1,차대차 - 추돌,안전운전불이행,건조,맑음,교차로 - 교차로안,화물,남,58세,부상신고,승용,여,46세,경상
2022090700100584,2022년 9월 7일 18시,수요일,광주광역시 광산구 산정동,경상사고,0,0,1,0,차대차 - 추돌,안전거리미확보,건조,맑음,단일로 - 기타,승용,남,75세,상해없음,승용,여,25세,경상
2022090700100625,2022년 9월 7일 19시,수요일,광주광역시 북구 신용동,경상사고,0,0,1,0,차대차 - 기타,안전운전불이행,건조,맑음,단일로 - 기타,화물,남,33세,기타불명,승용,여,55세,경상
2022090700100656,2022년 9월 7일 20시,수요일,광주광역시 남구 주월동,중상사고,0,1,0,0,차대차 - 기타,안전운전불이행,건조,맑음,교차로 - 교차로안,승용,여,46세,상해없음,이륜,남,72세,중상
2022090700100657,2022년 9월 7일 20시,수요일,광주광역시 북구 운암동,경상사고,0,0,2,0,차대사람 - 기타,안전운전불이행,건조,맑음,단일로 - 기타,승용,남,22세,상해없음,보행자,남,62세,경상
2022090700100658,2022년 9월 7일 20시,수요일,광주광역시 북구 월출동,경상사고,0,0,1,0,차대차 - 측면충돌,교차로운행방법위반,건조,기타,교차로 - 교차로안,승용,여,23세,상해없음,승용,남,22세,경상
2022090700100659,2022년 9월 7일 20시,수요일,광주광역시 광산구 하남동,경상사고,0,0,1,0,차대차 - 기타,안전운전불이행,건조,맑음,기타 - 기타,승용,여,51세,상해없음,특수,남,49세,경상
2022090700100660,2022년 9월 7일 20시,수요일,광주광역시 광산구 신가동,경상사고,0,0,2,0,차대차 - 기타,안전운전불이행,건조,맑음,교차로 - 교차로부근,승용,여,26세,상해없음,개인형이동수단(PM),남,17세,경상
2022090700100691,2022년 9월 7일 21시,수요일,광주광역시 광산구 쌍암동,경상사고,0,0,1,0,차대차 - 측면충돌,안전운전불이행,건조,맑음,교차로 - 교차로안,승용,여,41세,상해없음,승용,여,41세,경상
2022090800100010,2022년 9월 8일 00시,목요일,광주광역시 서구 풍암동,경상사고,0,0,5,0,차대차 - 측면충돌,중앙선침범,건조,맑음,교차로 - 교차로안,승용,남,17세,상해없음,승용,남,65세,경상
2022090800100011,2022년 9월 8일 00시,목요일,광주광역시 광산구 우산동,경상사고,0,0,2,0,차대차 - 정면충돌,안전운전불이행,건조,맑음,단일로 - 기타,승용,남,62세,상해없음,승용,남,34세,기타불명
2022090800100034,2022년 9월 8일 03시,목요일,광주광역시 서구 쌍촌동,경상사고,0,0,1,0,차대차 - 기타,안전운전불이행,건조,맑음,단일로 - 기타,승용,남,41세,상해없음,승용,여,52세,경상
2022090800100083,2022년 9월 8일 07시,목요일,광주광역시 서구 풍암동,중상사고,0,1,0,0,차량단독 - 공작물충돌,안전운전불이행,건조,맑음,교차로 - 교차로안,승용,여,66세,중상,,,,
2022090800100084,2022년 9월 8일 07시,목요일,광주광역시 광산구 운남동,부상신고사고,0,0,0,1,차대차 - 기타,안전운전불이행,건조,맑음,교차로 - 교차로안,개인형이동수단(PM),남,18세,부상신고,승용,남,33세,상해없음
2022090800100123,2022년 9월 8일 08시,목요일,광주광역시 서구 쌍촌동,경상사고,0,0,1,0,차대차 - 추돌,안전운전불이행,건조,맑음,기타 - 기타,승용,여,29세,상해없음,승용,남,55세,경상
2022090800100124,2022년 9월 8일 08시,목요일,광주광역시 북구 삼각동,경상사고,0,0,1,0,차대차 - 측면충돌,교차로운행방법위반,건조,맑음,교차로 - 교차로안,승용,남,68세,상해없음,승용,여,45세,경상
2022090800100125,2022년 9월 8일 08시,목요일,광주광역시 북구 신안동,경상사고,0,0,3,0,차대차 - 측면충돌,안전거리미확보,건조,맑음,교차로 - 교차로부근,승용,여,24세,경상,승용,남,67세,경상
2022090800100126,2022년 9월 8일 08시,목요일,광주광역시 광산구 수완동,경상사고,0,0,1,0,차대차 - 추돌,안전운전불이행,건조,맑음,교차로 - 교차로부근,승용,남,48세,상해없음,승용,남,42세,경상
2022090800100127,2022년 9월 8일 08시,목요일,광주광역시 광산구 소촌동,경상사고,0,0,1,0,차대사람 - 횡단중,보행자보호의무위반,건조,맑음,교차로 - 교차로횡단보도내,승용,여,35세,기타불명,보행자,남,51세,경상
2022090800100163,2022년 9월 8일 09시,목요일,광주광역시 광산구 우산동,경상사고,0,0,3,0,차대차 - 추돌,안전운전불이행,건조,맑음,단일로 - 기타,승용,여,35세,경상,승용,여,50세,경상
2022090800100246,2022년 9월 8일 11시,목요일,광주광역시 광산구 운남동,경상사고,0,0,1,1,차대차 - 측면충돌,직진우회전진행방해,건조,맑음,교차로 - 교차로안,이륜,남,48세,부상신고,승용,남,28세,경상