사고번호,사고일시,요일,시군구,사고내용,사망자수,중상자수,경상자수,부상신고자수,사고유형,법규위반,노면상태,기상상태,도로형태,가해운전자 차종,가해운전자 성별,가해운전자 연령,가해운전자 상해정도,피해운전자 차종,피해운전자 성별,피해운전자 연령,피해운전자 상해정도
2022092100100300,2022년 9월 21일 13시,수요일,광주광역시 북구 운암동,경상사고,0,0,2,0,차대차 - 측면충돌,안전운전불이행,건조,맑음,교차로 - 교차로부근,승용,여,63세,상해없음,승용,남,46세,경상
2022092100100301,2022년 9월 21일 13시,수요일,광주광역시 북구 우산동,경상사고,0,0,1,0,차대차 - 추돌,신호위반,건조,맑음,교차로 - 교차로안,승용,여,71세,상해없음,승용,남,67세,경상
2022092100100427,2022년 9월 21일 16시,수요일,광주광역시 북구 문흥동,경상사고,0,0,1,0,차대차 - 기타,교차로운행방법위반,건조,맑음,교차로 - 교차로안,승용,남,71세,상해없음,자전거,남,52세,경상
2022092100100428,2022년 9월 21일 16시,수요일,광주광역시 북구 일곡동,경상사고,0,0,1,0,차대차 - 추돌,안전운전불이행,건조,흐림,단일로 - 기타,승용,남,54세,상해없음,승용,남,30세,경상
2022092100100490,2022년 9월 21일 17시,수요일,광주광역시 광산구 장덕동,중상사고,0,1,0,0,차대차 - 측면충돌,안전운전불이행,건조,맑음,교차로 - 교차로안,승용,남,47세,상해없음,이륜,남,25세,중상
2022092100100539,2022년 9월 21일 18시,수요일,광주광역시 남구 백운동,경상사고,0,0,1,0,차대사람 - 횡단중,보행자보호의무위반,건조,맑음,교차로 - 교차로횡단보도내,승용,남,76세,상해없음,보행자,여,15세,경상
2022092100100540,2022년 9월 21일 18시,수요일,광주광역시 광산구 수완동,경상사고,0,0,1,0,차대차 - 측면충돌,안전운전불이행,건조,맑음,교차로 - 교차로안,승용,남,32세,기타불명,승용,남,74세,경상
2022092100100541,2022년 9월 21일 18시,수요일,광주광역시 광산구 우산동,경상사고,0,0,2,0,차대차 - 측면충돌,차로위반,건조,맑음,단일로 - 기타,승용,남,33세,상해없음,승용,남,50세,경상
2022092100100579,2022년 9월 21일 19시,수요일,광주광역시 서구 풍암동,경상사고,0,0,1,0,차대차 - 기타,중앙선침범,건조,맑음,교차로 - 교차로부근,승용,남,62세,상해없음,이륜,남,42세,경상
2022092100100655,2022년 9월 21일 22시,수요일,광주광역시 서구 벽진동,경상사고,0,0,1,0,차대차 - 기타,안전운전불이행,건조,맑음,단일로 - 기타,화물,남,44세,상해없음,승용,남,29세,경상
2022092100100656,2022년 9월 21일 22시,수요일,광주광역시 광산구 신창동,경상사고,0,0,1,0,차대차 - 후진중충돌,안전운전불이행,건조,맑음,교차로 - 교차로부근,승용,남,36세,상해없음,원동기,남,41세,경상
2022092100100673,2022년 9월 21일 23시,수요일,광주광역시 북구 신안동,경상사고,0,0,2,0,차대차 - 측면충돌,안전운전불이행,건조,맑음,교차로 - 교차로부근,승용,남,18세,상해없음,승용,남,28세,경상
2022092200100010,2022년 9월 22일 00시,목요일,광주광역시 남구 진월동,중상사고,0,1,0,0,차대사람 - 횡단중,안전운전불이행,건조,맑음,단일로 - 기타,승용,남,24세,상해없음,보행자,남,43세,중상
2022092200100044,2022년 9월 22일 05시,목요일,광주광역시 광산구 쌍암동,경상사고,0,0,1,0,차대차 - 측면충돌,교차로운행방법위반,건조,맑음,교차로 - 교차로안,승용,남,58세,상해없음,승용,남,62세,경상
2022092200100045,2022년 9월 22일 05시,목요일,광주광역시 광산구 송정동,경상사고,0,0,1,0,차대차 - 추돌,안전거리미확보,건조,맑음,교차로 - 교차로부근,승용,남,65세,상해없음,승용,남,63세,상해없음
2022092200100086,2022년 9월 22일 07시,목요일,광주광역시 서구 벽진동,중상사고,0,1,0,0,차대차 - 측면충돌,신호위반,건조,맑음,기타 - 기타,승용,여,66세,상해없음,자전거,여,60세,중상
2022092200100139,2022년 9월 22일 08시,목요일,광주광역시 광산구 안청동,경상사고,0,0,1,0,차대차 - 기타,교차로운행방법위반,건조,맑음,교차로 - 교차로안,승용,여,59세,상해없음,화물,남,37세,경상
2022092200100177,2022년 9월 22일 09시,목요일,광주광역시 남구 봉선동,중상사고,0,1,0,0,차대사람 - 횡단중,안전운전불이행,건조,맑음,교차로 - 교차로부근,건설기계,남,64세,상해없음,보행자,여,80세,중상
2022092200100178,2022년 9월 22일 09시,목요일,광주광역시 광산구 수완동,경상사고,0,0,1,0,차대차 - 측면충돌,신호위반,건조,맑음,교차로 - 교차로안,이륜,남,18세,상해없음,승용,남,41세,경상
2022092200100179,2022년 9월 22일 09시,목요일,광주광역시 광산구 선암동,경상사고,0,0,1,0,차대차 - 측면충돌,안전운전불이행,건조,맑음,단일로 - 기타,승용,여,35세,경상,승용,남,60세,상해없음
2022092200100180,2022년 9월 22일 09시,목요일,광주광역시 광산구 신가동,경상사고,0,0,1,1,차대차 - 측면충돌,불법유턴,건조,맑음,단일로 - 기타,승용,여,57세,부상신고,승용,여,44세,경상
2022092200100242,2022년 9월 22일 11시,목요일,광주광역시 남구 진월동,경상사고,0,0,1,0,차대차 - 추돌,안전거리미확보,건조,맑음,교차로 - 교차로부근,화물,남,59세,상해없음,승용,여,60세,경상
2022092200100243,2022년 9월 22일 11시,목요일,광주광역시 북구 두암동,경상사고,0,0,2,0,차대차 - 기타,직진우회전진행방해,건조,맑음,교차로 - 교차로안,이륜,남,41세,경상,화물,남,69세,경상
2022092200100244,2022년 9월 22일 11시,목요일,광주광역시 광산구 신촌동,부상신고사고,0,0,0,1,차대차 - 기타,안전운전불이행,건조,맑음,단일로 - 기타,화물,남,55세,상해없음,이륜,남,38세,부상신고
2022092200100371,2022년 9월 22일 15시,목요일,광주광역시 서구 화정동,부상신고사고,0,0,0,1,차대차 - 측면충돌,안전거리미확보,건조,맑음,단일로 - 기타,승용,여,54세,상해없음,이륜,남,21세,부상신고
2022092200100406,2022년 9월 22일 16시,목요일,광주광역시 광산구 우산동,경상사고,0,0,2,0,차대차 - 측면충돌,안전거리미확보,건조,맑음,단일로 - 기타,승용,여,60세,상해없음,승용,여,26세,경상
2022092200100490,2022년 9월 22일 18시,목요일,광주광역시 북구 우산동,경상사고,0,0,1,0,차대차 - 기타,안전운전불이행,건조,맑음,교차로 - 교차로부근,승용,여,56세,상해없음,승합,남,56세,경상
2022092200100491,2022년 9월 22일 18시,목요일,광주광역시 북구 임동,부상신고사고,0,0,0,1,차대차 - 기타,안전운전불이행,건조,맑음,교차로 - 교차로안,승용,남,77세,상해없음,승용,남,22세,부상신고
2022092200100549,2022년 9월 22일 19시,목요일,광주광역시 서구 광천동,경상사고,0,0,2,0,차대차 - 측면충돌,차로위반,건조,맑음,단일로 - 기타,승합,남,58세,상해없음,승용,남,21세,경상
2022092200100550,2022년 9월 22일 19시,목요일,광주광역시 북구 동림동,경상사고,0,0,3,1,차대차 - 기타,신호위반,건조,맑음,교차로 - 교차로안,승용,남,79세,상해없음,승용,남,25세,경상
2022092200100551,2022년 9월 22일 19시,목요일,광주광역시 북구 두암동,경상사고,0,0,2,0,차대차 - 추돌,안전운전불이행,건조,맑음,교차로 - 교차로부근,승용,남,74세,기타불명,승합,남,31세,경상
2022092200100552,2022년 9월 22일 19시,목요일,광주광역시 북구 월출동,경상사고,0,0,1,0,차대차 - 기타,차로위반,건조,맑음,단일로 - 기타,화물,남,27세,상해없음,승용,남,45세,경상
2022092200100553,2022년 9월 22일 19시,목요일,광주광역시 북구 운암동,경상사고,0,0,2,0,차대차 - 추돌,안전운전불이행,건조,맑음,단일로 - 기타,승용,남,38세,상해없음,승용,남,36세,경상
2022092200100575,2022년 9월 22일 20시,목요일,광주광역시 광산구 신창동,경상사고,0,0,4,0,차대차 - 기타,안전운전불이행,건조,맑음,교차로 - 교차로부근,화물,남,43세,경상,승용,남,41세,경상
2022092200100600,2022년 9월 22일 21시,목요일,광주광역시 서구 쌍촌동,중상사고,0,1,0,0,차대사람 - 기타,안전운전불이행,건조,맑음,단일로 - 기타,승용,남,63세,상해없음,보행자,남,73세,중상
2022092200100625,2022년 9월 22일 22시,목요일,광주광역시 서구 덕흥동,경상사고,0,0,2,0,차대차 - 후진중충돌,안전운전불이행,건조,맑음,단일로 - 기타,화물,남,56세,상해없음,승용,남,53세,경상
2022092200100638,2022년 9월 22일 23시,목요일,광주광역시 동구 용산동,경상사고,0,0,1,0,차량단독 - 기타,기타,건조,맑음,단일로 - 기타,승용,남,62세,상해없음,,,,
2022092200100639,2022년 9월 22일 23시,목요일,광주광역시 북구 용봉동,경상사고,0,0,1,0,차대사람 - 차도통행중,안전운전불이행,건조,맑음,단일로 - 기타,승용,남,53세,상해없음,보행자,남,21세,경상
2022092300100009,2022년 9월 23일 00시,금요일,광주광역시 북구 중흥동,중상사고,0,1,0,0,차대사람 - 기타,안전운전불이행,건조,맑음,교차로 - 교차로안,승용,남,22세,기타불명,보행자,남,45세,중상
2022092300100016,2022년 9월 23일 01시,금요일,광주광역시 동구 광산동,경상사고,0,0,1,0,차대사람 - 기타,안전운전불이행,젖음/습기,맑음,교차로 - 교차로안,승용,남,60세,상해없음,보행자,여,19세,경상
2022092300100017,2022년 9월 23일 02시,금요일,광주광역시 북구 오치동,경상사고,0,0,1,0,차대사람 - 차도통행중,안전운전불이행,건조,기타,기타 - 기타,승용,남,61세,상해없음,보행자,여,42세,경상
2022092300100106,2022년 9월 23일 08시,금요일,광주광역시 서구 쌍촌동,경상사고,0,0,1,0,차대사람 - 기타,안전운전불이행,건조,맑음,단일로 - 기타,승용,여,44세,상해없음,보행자,여,8세,경상
2022092300100107,2022년 9월 23일 08시,금요일,광주광역시 북구 용봉동,경상사고,0,0,1,0,차대차 - 기타,안전거리미확보,건조,맑음,단일로 - 기타,승용,남,53세,기타불명,승합,남,38세,상해없음
2022092300100108,2022년 9월 23일 08시,금요일,광주광역시 북구 중흥동,경상사고,0,0,1,0,차량단독 - 공작물충돌,안전운전불이행,건조,맑음,단일로 - 기타,승합,남,64세,상해없음,,,,
2022092300100109,2022년 9월 23일 08시,금요일,광주광역시 광산구 장덕동,경상사고,0,0,2,0,차대차 - 측면충돌,직진우회전진행방해,건조,맑음,교차로 - 교차로안,화물,남,47세,경상,승용,여,45세,경상
2022092300100143,2022년 9월 23일 09시,금요일,광주광역시 서구 치평동,경상사고,0,0,1,0,차대차 - 기타,안전운전불이행,건조,맑음,교차로 - 교차로안,승용,여,33세,상해없음,승용,여,60세,경상
2022092300100183,2022년 9월 23일 10시,금요일,광주광역시 동구 궁동,중상사고,0,1,0,0,차대사람 - 기타,안전운전불이행,건조,맑음,기타 - 기타,승합,남,56세,상해없음,보행자,남,83세,중상
2022092300100184,2022년 9월 23일 10시,금요일,광주광역시 서구 덕흥동,경상사고,0,0,3,0,차대차 - 추돌,안전운전불이행,건조,맑음,단일로 - 기타,승용,남,63세,경상,화물,남,55세,상해없음
2022092300100217,2022년 9월 23일 11시,금요일,광주광역시 서구 치평동,경상사고,0,0,1,0,차대차 - 기타,안전거리미확보,건조,맑음,단일로 - 기타,승용,남,25세,상해없음,승용,남,68세,상해없음
2022092300100218,2022년 9월 23일 11시,금요일,광주광역시 광산구 우산동,경상사고,0,0,1,0,차대차 - 측면충돌,안전운전불이행,건조,맑음,교차로 - 교차로안,승용,남,63세,상해없음,자전거,여,39세,경상
2022092300100219,2022년 9월 23일 11시,금요일,광주광역시 광산구 선암동,경상사고,0,0,1,0,차대차 - 측면충돌,안전거리미확보,건조,맑음,단일로 - 기타,승용,여,65세,상해없음,승용,남,29세,경상
2022092300100250,2022년 9월 23일 12시,금요일,광주광역시 동구 학동,경상사고,0,0,1,0,차대사람 - 기타,안전운전불이행,건조,맑음,단일로 - 기타,승용,남,72세,상해없음,보행자,여,52세,경상
2022092300100251,2022년 9월 23일 12시,금요일,광주광역시 서구 쌍촌동,경상사고,0,0,1,0,차대차 - 측면충돌,신호위반,건조,맑음,교차로 - 교차로안,화물,남,75세,상해없음,이륜,남,42세,경상
2022092300100252,2022년 9월 23일 12시,금요일,광주광역시 서구 치평동,경상사고,0,0,1,0,차대차 - 기타,안전운전불이행,건조,맑음,단일로 - 기타,승합,남,58세,상해없음,승용,남,48세,경상
2022092300100289,2022년 9월 23일 13시,금요일,광주광역시 광산구 송정동,중상사고,0,1,0,0,차대사람 - 횡단중,안전운전불이행,건조,맑음,단일로 - 기타,승용,여,66세,상해없음,보행자,여,75세,중상
2022092300100290,2022년 9월 23일 13시,금요일,광주광역시 광산구 선암동,경상사고,0,0,1,0,차대차 - 측면충돌,안전운전불이행,건조,맑음,교차로 - 교차로안,승용,여,67세,기타불명,승용,남,24세,경상
2022092300100339,2022년 9월 23일 14시,금요일,광주광역시 서구 농성동,중상사고,0,1,0,0,차대사람 - 기타,안전운전불이행,건조,맑음,교차로 - 교차로부근,승합,남,58세,상해없음,보행자,여,72세,중상
2022092300100470,2022년 9월 23일 17시,금요일,광주광역시 북구 양산동,경상사고,0,0,2,0,차대차 - 추돌,안전운전불이행,건조,맑음,교차로 - 교차로부근,이륜,남,20세,기타불명,승용,남,32세,경상
2022092300100521,2022년 9월 23일 18시,금요일,광주광역시 서구 치평동,경상사고,0,0,1,0,차대차 - 측면충돌,신호위반,건조,맑음,단일로 - 기타,승용,남,47세,상해없음,자전거,남,41세,경상
2022092300100522,2022년 9월 23일 18시,금요일,광주광역시 북구 유동,경상사고,0,0,1,0,차대사람 - 횡단중,신호위반,건조,맑음,교차로 - 교차로횡단보도내,승용,남,75세,상해없음,보행자,여,58세,경상
2022092300100575,2022년 9월 23일 19시,금요일,광주광역시 서구 화정동,경상사고,0,0,1,0,차대사람 - 횡단중,보행자보호의무위반,건조,맑음,교차로 - 교차로횡단보도내,승용,여,53세,상해없음,보행자,남,8세,경상
2022092300100609,2022년 9월 23일 20시,금요일,광주광역시 남구 백운동,경상사고,0,0,1,0,차대차 - 측면충돌,안전운전불이행,건조,맑음,단일로 - 기타,승용,남,47세,상해없음,승용,남,59세,경상
2022092300100610,2022년 9월 23일 20시,금요일,광주광역시 광산구 월계동,중상사고,0,1,1,0,차대차 - 측면충돌,신호위반,건조,맑음,교차로 - 교차로안,이륜,남,16세,중상,승용,남,50세,경상
2022092300100611,2022년 9월 23일 20시,금요일,광주광역시 광산구 우산동,경상사고,0,0,1,0,차대차 - 추돌,안전운전불이행,건조,맑음,단일로 - 기타,승용,남,65세,상해없음,승용,여,32세,경상
2022092300100629,2022년 9월 23일 21시,금요일,광주광역시 북구 중흥동,경상사고,0,0,1,0,차대차 - 기타,안전운전불이행,건조,맑음,단일로 - 기타,승용,남,62세,상해없음,승용,남,32세,경상
2022092300100659,2022년 9월 23일 22시,금요일,광주광역시 서구 화정동,경상사고,0,0,1,0,차대차 - 추돌,안전운전불이행,건조,맑음,교차로 - 교차로부근,승용,남,27세,상해없음,승용,남,45세,경상
2022092300100679,2022년 9월 23일 23시,금요일,광주광역시 서구 화정동,부상신고사고,0,0,0,1,차대차 - 측면충돌,중앙선침범,건조,맑음,단일로 - 기타,승용,남,55세,상해없음,이륜,남,44세,부상신고
2022092400100015,2022년 9월 24일 00시,토요일,광주광역시 서구 치평동,경상사고,0,0,3,0,차대차 - 추돌,안전운전불이행,건조,맑음,교차로 - 교차로부근,승용,남,32세,상해없음,승용,남,57세,경상
2022092400100031,2022년 9월 24일 02시,토요일,광주광역시 서구 치평동,경상사고,0,0,2,0,차대차 - 기타,안전운전불이행,건조,맑음,단일로 - 기타,승용,남,33세,상해없음,승용,남,34세,경상
2022092400100100,2022년 9월 24일 08시,토요일,광주광역시 동구 학동,경상사고,0,0,1,0,차대사람 - 기타,안전운전불이행,건조,맑음,단일로 - 기타,화물,남,28세,상해없음,보행자,남,65세,경상
2022092400100127,2022년 9월 24일 09시,토요일,광주광역시 북구 임동,경상사고,0,0,1,0,차대차 - 추돌,교차로운행방법위반,건조,맑음,교차로 - 교차로안,승용,여,36세,기타불명,화물,남,27세,경상
2022092400100214,2022년 9월 24일 11시,토요일,광주광역시 북구 양산동,경상사고,0,0,3,0,차대차 - 기타,교차로운행방법위반,건조,맑음,교차로 - 교차로안,승용,여,70세,경상,승용,남,52세,경상
2022092400100215,2022년 9월 24일 11시,토요일,광주광역시 북구 운암동,경상사고,0,0,1,1,차대차 - 측면충돌,안전운전불이행,건조,맑음,단일로 - 기타,승용,여,43세,부상신고,승용,남,25세,경상
2022092400100255,2022년 9월 24일 12시,토요일,광주광역시 서구 쌍촌동,경상사고,0,0,2,0,차대차 - 추돌,안전거리미확보,건조,맑음,단일로 - 기타,승용,남,39세,상해없음,승용,여,53세,경상
2022092400100256,2022년 9월 24일 12시,토요일,광주광역시 서구 유촌동,경상사고,0,0,1,0,차대차 - 기타,안전거리미확보,건조,맑음,단일로 - 기타,승용,여,53세,상해없음,승용,남,32세,경상
2022092400100257,2022년 9월 24일 12시,토요일,광주광역시 서구 쌍촌동,경상사고,0,0,1,0,차대차 - 측면충돌,안전거리미확보,건조,맑음,단일로 - 기타,승용,남,84세,상해없음,승용,여,24세,경상
2022092400100258,2022년 9월 24일 12시,토요일,광주광역시 북구 북동,경상사고,0,0,1,0,차대사람 - 기타,안전운전불이행,건조,맑음,교차로 - 교차로안,승용,남,61세,상해없음,보행자,남,29세,경상
2022092400100314,2022년 9월 24일 13시,토요일,광주광역시 북구 신용동,중상사고,0,1,0,0,차대차 - 정면충돌,신호위반,건조,맑음,교차로 - 교차로안,승용,여,73세,상해없음,이륜,남,59세,중상
2022092400100315,2022년 9월 24일 13시,토요일,광주광역시 광산구 서봉동,경상사고,0,0,1,0,차대차 - 추돌,안전운전불이행,건조,맑음,단일로 - 기타,화물,남,56세,상해없음,승용,남,58세,경상
2022092400100401,2022년 9월 24일 15시,토요일,광주광역시 동구 대인동,경상사고,0,0,4,0,차대차 - 추돌,안전거리미확보,건조,맑음,단일로 - 기타,승용,여,40세,경상,승용,남,53세,상해없음
2022092400100430,2022년 9월 24일 16시,토요일,광주광역시 북구 운암동,경상사고,0,0,1,0,차대차 - 측면충돌,안전거리미확보,건조,맑음,기타 - 기타,승용,남,49세,상해없음,승용,남,33세,경상
2022092400100443,2022년 9월 24일 16시,토요일,광주광역시 광산구 송정동,경상사고,0,0,1,0,차대사람 - 기타,안전운전불이행,건조,맑음,단일로 - 기타,승용,남,45세,기타불명,보행자,남,50세,경상
2022092400100474,2022년 9월 24일 17시,토요일,광주광역시 동구 학동,부상신고사고,0,0,0,1,차대차 - 측면충돌,기타,건조,맑음,교차로 - 교차로부근,개인형이동수단(PM),남,15세,부상신고,승용,남,66세,상해없음
2022092400100475,2022년 9월 24일 17시,토요일,광주광역시 서구 쌍촌동,경상사고,0,0,1,0,차대차 - 기타,안전운전불이행,건조,맑음,단일로 - 기타,자전거,남,29세,경상,승합,남,57세,상해없음
2022092400100476,2022년 9월 24일 17시,토요일,광주광역시 서구 화정동,경상사고,0,0,2,0,차대차 - 측면충돌,안전운전불이행,건조,맑음,교차로 - 교차로부근,승용,남,50세,상해없음,승용,여,31세,경상
2022092400100477,2022년 9월 24일 17시,토요일,광주광역시 광산구 신창동,경상사고,0,0,1,0,차대차 - 측면충돌,안전운전불이행,건조,맑음,단일로 - 기타,승용,남,44세,상해없음,승용,남,51세,경상
2022092400100520,2022년 9월 24일 18시,토요일,광주광역시 동구 금남로5가,경상사고,0,0,3,0,차대차 - 측면충돌,신호위반,건조,맑음,교차로 - 교차로안,승용,남,64세,상해없음,승용,남,36세,경상
2022092400100521,2022년 9월 24일 18시,토요일,광주광역시 서구 치평동,경상사고,0,0,1,0,차대차 - 추돌,안전운전불이행,건조,맑음,단일로 - 기타,승용,남,65세,상해없음,승용,남,22세,경상
2022092400100522,2022년 9월 24일 18시,토요일,광주광역시 광산구 쌍암동,경상사고,0,0,2,0,차대차 - 추돌,안전운전불이행,건조,맑음,단일로 - 기타,승용,남,35세,기타불명,승용,여,21세,경상
2022092400100560,2022년 9월 24일 19시,토요일,광주광역시 서구 농성동,경상사고,0,0,2,0,차대차 - 기타,안전거리미확보,건조,맑음,교차로 - 교차로부근,승용,남,24세,상해없음,승용,남,56세,경상
2022092400100561,2022년 9월 24일 19시,토요일,광주광역시 서구 쌍촌동,경상사고,0,0,1,0,차대차 - 측면충돌,안전운전불이행,건조,맑음,교차로 - 교차로안,승용,남,29세,상해없음,이륜,남,39세,경상
2022092400100609,2022년 9월 24일 21시,토요일,광주광역시 광산구 우산동,경상사고,0,0,3,0,차대차 - 측면충돌,안전운전불이행,건조,맑음,단일로 - 기타,승용,남,48세,경상,승용,남,42세,경상
2022092400100621,2022년 9월 24일 22시,토요일,광주광역시 북구 두암동,경상사고,0,0,2,0,차대차 - 기타,교차로운행방법위반,건조,맑음,교차로 - 교차로횡단보도내,화물,남,58세,상해없음,승용,여,22세,경상
2022092400100622,2022년 9월 24일 22시,토요일,광주광역시 광산구 장수동,경상사고,0,0,6,0,차대차 - 기타,기타,건조,맑음,단일로 - 기타,특수,남,57세,기타불명,승용,남,21세,상해없음
2022092500100024,2022년 9월 25일 01시,일요일,광주광역시 북구 용봉동,경상사고,0,0,1,0,차대차 - 측면충돌,기타,건조,맑음,교차로 - 교차로부근,승용,남,23세,상해없음,승용,남,40세,경상
2022092500100044,2022년 9월 25일 03시,일요일,광주광역시 서구 유촌동,경상사고,0,0,2,0,차대차 - 기타,안전운전불이행,건조,맑음,단일로 - 기타,승용,남,20세,상해없음,승용,남,43세,상해없음
2022092500100065,2022년 9월 25일 07시,일요일,광주광역시 서구 치평동,경상사고,0,0,3,0,차대차 - 정면충돌,중앙선침범,건조,맑음,교차로 - 교차로부근,승용,남,30세,상해없음,승용,여,43세,경상
2022092500100101,2022년 9월 25일 09시,일요일,광주광역시 북구 신안동,경상사고,0,0,1,0,차대차 - 추돌,안전운전불이행,건조,맑음,단일로 - 기타,승용,남,30세,기타불명,승용,여,56세,경상
2022092500100120,2022년 9월 25일 10시,일요일,광주광역시 서구 풍암동,경상사고,0,0,1,0,차대차 - 추돌,안전운전불이행,건조,맑음,단일로 - 기타,승용,여,41세,상해없음,이륜,남,21세,경상
2022092500100121,2022년 9월 25일 10시,일요일,광주광역시 북구 일곡동,경상사고,0,0,1,0,차대차 - 측면충돌,안전운전불이행,건조,맑음,교차로 - 교차로부근,승용,남,56세,상해없음,승용,여,58세,경상
2022092500100311,2022년 9월 25일 17시,일요일,광주광역시 광산구 우산동,부상신고사고,0,0,0,1,차대차 - 기타,안전운전불이행,건조,맑음,단일로 - 기타,승용,남,67세,상해없음,승용,남,41세,상해없음
2022092500100352,2022년 9월 25일 18시,일요일,광주광역시 동구 소태동,중상사고,0,1,0,0,차대차 - 추돌,안전거리미확보,건조,맑음,단일로 - 기타,화물,남,34세,상해없음,승용,여,62세,중상
2022092500100353,2022년 9월 25일 18시,일요일,광주광역시 서구 풍암동,경상사고,0,0,1,0,차대차 - 기타,교차로운행방법위반,건조,맑음,교차로 - 교차로안,승용,여,45세,상해없음,이륜,남,25세,경상
2022092500100354,2022년 9월 25일 18시,일요일,광주광역시 광산구 운수동,경상사고,0,0,1,0,차대차 - 기타,안전운전불이행,건조,맑음,단일로 - 기타,승용,남,25세,상해없음,승용,남,40세,경상
2022092500100394,2022년 9월 25일 19시,일요일,광주광역시 북구 문흥동,경상사고,0,0,1,0,차대차 - 측면충돌,안전거리미확보,건조,맑음,교차로 - 교차로횡단보도내,승용,남,48세,상해없음,승용,남,70세,경상
2022092500100420,2022년 9월 25일 20시,일요일,광주광역시 북구 문흥동,경상사고,0,0,1,0,차대사람 - 횡단중,안전운전불이행,건조,맑음,단일로 - 기타,승용,남,46세,상해없음,보행자,남,7세,경상
2022092600100008,2022년 9월 26일 00시,월요일,광주광역시 광산구 장덕동,경상사고,0,0,2,0,차대차 - 측면충돌,안전운전불이행,건조,맑음,교차로 - 교차로부근,승용,남,34세,상해없음,승용,남,31세,경상
2022092600100010,2022년 9월 26일 01시,월요일,광주광역시 광산구 월계동,경상사고,0,0,3,0,차대차 - 측면충돌,신호위반,건조,맑음,교차로 - 교차로안,승용,여,25세,경상,승용,남,22세,경상
2022092600100074,2022년 9월 26일 07시,월요일,광주광역시 남구 봉선동,경상사고,0,0,1,0,차대사람 - 보도통행중,안전운전불이행,건조,맑음,기타 - 기타,승용,여,45세,상해없음,보행자,남,79세,경상
2022092600100124,2022년 9월 26일 08시,월요일,광주광역시 광산구 쌍암동,경상사고,0,0,1,0,차대차 - 측면충돌,교차로운행방법위반,건조,맑음,교차로 - 교차로안,승용,여,54세,상해없음,승용,남,28세,경상
2022092600100227,2022년 9월 26일 11시,월요일,광주광역시 광산구 비아동,중상사고,0,1,0,0,차대사람 - 횡단중,중앙선침범,건조,맑음,단일로 - 기타,화물,남,70세,상해없음,보행자,남,80세,중상
2022092600100255,2022년 9월 26일 12시,월요일,광주광역시 광산구 하남동,경상사고,0,0,1,0,차대차 - 기타,안전운전불이행,건조,맑음,교차로 - 교차로부근,승용,남,41세,상해없음,승용,남,70세,상해없음
2022092600100290,2022년 9월 26일 13시,월요일,광주광역시 서구 벽진동,경상사고,0,0,1,0,차대차 - 기타,안전운전불이행,건조,맑음,교차로 - 교차로안,화물,남,63세,상해없음,승용,여,65세,경상
2022092600100317,2022년 9월 26일 14시,월요일,광주광역시 동구 지산동,경상사고,0,0,1,0,차대차 - 측면충돌,신호위반,건조,맑음,단일로 - 기타,이륜,남,26세,상해없음,이륜,남,51세,경상
2022092600100319,2022년 9월 26일 14시,월요일,광주광역시 서구 매월동,부상신고사고,0,0,0,1,차대사람 - 기타,안전운전불이행,건조,맑음,교차로 - 교차로안,승합,남,75세,상해없음,보행자,남,67세,부상신고
2022092600100354,2022년 9월 26일 15시,월요일,광주광역시 서구 마륵동,중상사고,0,1,1,1,차대차 - 기타,안전운전불이행,건조,맑음,단일로 - 기타,화물,여,53세,부상신고,승용,여,53세,중상
2022092600100355,2022년 9월 26일 15시,월요일,광주광역시 광산구 신가동,경상사고,0,0,2,0,차대차 - 측면충돌,안전운전불이행,건조,맑음,단일로 - 기타,승용,남,38세,경상,승용,남,50세,기타불명
2022092600100356,2022년 9월 26일 15시,월요일,광주광역시 광산구 송정동,경상사고,0,0,3,0,차대차 - 기타,신호위반,건조,맑음,교차로 - 교차로안,승용,남,26세,기타불명,승용,여,38세,경상
2022092600100357,2022년 9월 26일 15시,월요일,광주광역시 광산구 서봉동,경상사고,0,0,1,0,차대차 - 기타,안전운전불이행,건조,맑음,단일로 - 기타,화물,남,37세,상해없음,승용,남,49세,경상
2022092600100386,2022년 9월 26일 16시,월요일,광주광역시 서구 치평동,사망사고,1,0,0,0,차대차 - 기타,안전운전불이행,건조,맑음,단일로 - 기타,건설기계,남,53세,상해없음,자전거,남,81세,사망
2022092600100387,2022년 9월 26일 16시,월요일,광주광역시 광산구 산정동,경상사고,0,0,1,0,차대차 - 측면충돌,교차로운행방법위반,건조,맑음,교차로 - 교차로안,승용,여,26세,상해없음,승용,남,61세,경상
2022092600100388,2022년 9월 26일 16시,월요일,광주광역시 광산구 신가동,경상사고,0,0,1,0,차대사람 - 기타,안전운전불이행,건조,맑음,단일로 - 기타,승용,남,20세,상해없음,보행자,남,10세,경상
2022092600100427,2022년 9월 26일 17시,월요일,광주광역시 서구 치평동,경상사고,0,0,2,0,차대차 - 추돌,안전거리미확보,건조,맑음,교차로 - 교차로안,승합,남,54세,상해없음,승용,남,61세,경상