사고번호,사고일시,요일,시군구,사고내용,사망자수,중상자수,경상자수,부상신고자수,사고유형,법규위반,노면상태,기상상태,도로형태,가해운전자 차종,가해운전자 성별,가해운전자 연령,가해운전자 상해정도,피해운전자 차종,피해운전자 성별,피해운전자 연령,피해운전자 상해정도
2022101300100245,2022년 10월 13일 11시,목요일,광주광역시 광산구 월전동,경상사고,0,0,1,0,차대차 - 기타,기타,건조,맑음,교차로 - 교차로안,화물,남,61세,상해없음,승용,남,45세,경상
2022101300100265,2022년 10월 13일 12시,목요일,광주광역시 북구 임동,경상사고,0,0,1,0,차대차 - 기타,안전운전불이행,건조,맑음,단일로 - 기타,승용,남,40세,상해없음,승용,여,47세,경상
2022101300100308,2022년 10월 13일 13시,목요일,광주광역시 서구 화정동,경상사고,0,0,2,0,차대차 - 기타,기타,건조,맑음,단일로 - 기타,승용,남,60세,경상,승용,여,65세,경상
2022101300100336,2022년 10월 13일 14시,목요일,광주광역시 북구 일곡동,경상사고,0,0,3,0,차대차 - 측면충돌,안전운전불이행,건조,맑음,교차로 - 교차로안,승용,여,28세,경상,승용,남,54세,경상
2022101300100337,2022년 10월 13일 14시,목요일,광주광역시 북구 용봉동,경상사고,0,0,4,0,차대차 - 기타,안전운전불이행,건조,맑음,교차로 - 교차로부근,승용,여,26세,경상,승용,여,35세,경상
2022101300100373,2022년 10월 13일 15시,목요일,광주광역시 서구 치평동,경상사고,0,0,1,0,차대차 - 측면충돌,안전운전불이행,건조,맑음,교차로 - 교차로부근,승용,여,63세,상해없음,자전거,남,46세,경상
2022101300100374,2022년 10월 13일 15시,목요일,광주광역시 남구 봉선동,부상신고사고,0,0,0,1,차대차 - 기타,안전운전불이행,건조,맑음,단일로 - 기타,승용,여,44세,상해없음,이륜,남,59세,부상신고
2022101300100375,2022년 10월 13일 15시,목요일,광주광역시 북구 두암동,경상사고,0,0,4,0,차대차 - 기타,안전거리미확보,건조,맑음,단일로 - 기타,승용,남,77세,경상,승용,남,33세,경상
2022101300100414,2022년 10월 13일 16시,목요일,광주광역시 북구 동림동,경상사고,0,0,2,0,차대차 - 측면충돌,신호위반,건조,맑음,교차로 - 교차로안,이륜,남,36세,상해없음,승용,남,25세,경상
2022101300100415,2022년 10월 13일 16시,목요일,광주광역시 광산구 쌍암동,경상사고,0,0,1,0,차대사람 - 보도통행중,신호위반,건조,맑음,단일로 - 기타,이륜,남,18세,상해없음,보행자,남,6세,경상
2022101300100416,2022년 10월 13일 16시,목요일,광주광역시 광산구 송정동,경상사고,0,0,1,0,차대차 - 추돌,안전운전불이행,건조,맑음,교차로 - 교차로안,승용,남,57세,상해없음,승용,여,31세,경상
2022101300100417,2022년 10월 13일 16시,목요일,광주광역시 광산구 하남동,경상사고,0,0,1,0,차대차 - 추돌,안전운전불이행,건조,맑음,단일로 - 기타,승용,여,31세,상해없음,승용,여,48세,경상
2022101300100518,2022년 10월 13일 18시,목요일,광주광역시 남구 월산동,경상사고,0,0,1,0,차대차 - 측면충돌,안전거리미확보,건조,맑음,단일로 - 기타,승용,남,62세,상해없음,승용,여,45세,경상
2022101300100519,2022년 10월 13일 18시,목요일,광주광역시 광산구 수완동,경상사고,0,0,2,0,차대차 - 추돌,안전운전불이행,건조,맑음,단일로 - 기타,승용,남,44세,상해없음,승용,여,49세,경상
2022101300100563,2022년 10월 13일 19시,목요일,광주광역시 북구 일곡동,경상사고,0,0,1,0,차대사람 - 기타,안전운전불이행,건조,맑음,단일로 - 기타,승용,남,45세,상해없음,보행자,여,17세,경상
2022101300100564,2022년 10월 13일 19시,목요일,광주광역시 북구 용봉동,부상신고사고,0,0,0,1,차대차 - 기타,안전거리미확보,건조,맑음,단일로 - 기타,승용,여,50세,상해없음,승용,남,41세,부상신고
2022101300100565,2022년 10월 13일 19시,목요일,광주광역시 광산구 우산동,경상사고,0,0,1,0,차대차 - 측면충돌,신호위반,건조,맑음,교차로 - 교차로안,승용,남,39세,상해없음,이륜,남,46세,경상
2022101300100597,2022년 10월 13일 20시,목요일,광주광역시 광산구 흑석동,경상사고,0,0,1,0,차대차 - 기타,중앙선침범,건조,맑음,단일로 - 기타,승용,여,55세,상해없음,승용,남,70세,경상
2022101300100659,2022년 10월 13일 23시,목요일,광주광역시 서구 금호동,경상사고,0,0,1,0,차대차 - 기타,안전운전불이행,건조,맑음,교차로 - 교차로안,승용,여,51세,상해없음,이륜,남,44세,경상
2022101400100018,2022년 10월 14일 01시,금요일,광주광역시 남구 봉선동,경상사고,0,0,1,0,차대사람 - 횡단중,보행자보호의무위반,건조,맑음,교차로 - 교차로횡단보도내,화물,남,44세,상해없음,보행자,남,52세,경상
2022101400100079,2022년 10월 14일 07시,금요일,광주광역시 북구 오치동,중상사고,0,1,0,0,차대차 - 측면충돌,신호위반,건조,맑음,교차로 - 교차로안,승용,여,43세,상해없음,이륜,남,79세,중상
2022101400100116,2022년 10월 14일 08시,금요일,광주광역시 서구 화정동,경상사고,0,0,1,0,차대차 - 측면충돌,안전운전불이행,건조,맑음,단일로 - 기타,승용,남,41세,상해없음,자전거,남,49세,경상
2022101400100117,2022년 10월 14일 08시,금요일,광주광역시 서구 치평동,중상사고,0,1,0,0,차대차 - 측면충돌,안전운전불이행,건조,맑음,단일로 - 기타,승용,남,39세,상해없음,이륜,남,41세,중상
2022101400100118,2022년 10월 14일 08시,금요일,광주광역시 광산구 신가동,경상사고,0,0,2,0,차대차 - 추돌,안전거리미확보,건조,맑음,교차로 - 교차로부근,화물,남,29세,경상,승용,남,40세,경상
2022101400100155,2022년 10월 14일 09시,금요일,광주광역시 북구 용봉동,경상사고,0,0,1,0,차대차 - 기타,안전운전불이행,건조,맑음,단일로 - 기타,승용,여,46세,상해없음,이륜,남,17세,경상
2022101400100210,2022년 10월 14일 11시,금요일,광주광역시 서구 쌍촌동,경상사고,0,0,1,0,차대차 - 기타,신호위반,건조,맑음,단일로 - 기타,승용,남,77세,기타불명,승용,여,33세,경상
2022101400100239,2022년 10월 14일 12시,금요일,광주광역시 동구 서석동,경상사고,0,0,1,0,차대사람 - 기타,안전운전불이행,건조,맑음,교차로 - 교차로안,승용,남,21세,상해없음,보행자,남,58세,경상
2022101400100240,2022년 10월 14일 12시,금요일,광주광역시 북구 두암동,경상사고,0,0,1,0,차대차 - 기타,안전운전불이행,건조,맑음,단일로 - 기타,승용,남,51세,상해없음,이륜,남,25세,경상
2022101400100241,2022년 10월 14일 12시,금요일,광주광역시 북구 운암동,경상사고,0,0,1,0,차대사람 - 기타,안전운전불이행,건조,맑음,단일로 - 기타,승합,남,51세,상해없음,보행자,남,85세,경상
2022101400100293,2022년 10월 14일 13시,금요일,광주광역시 광산구 신촌동,사망사고,1,1,1,0,차대차 - 측면충돌,중앙선침범,건조,맑음,단일로 - 기타,승용,남,86세,중상,승용,남,64세,경상
2022101400100329,2022년 10월 14일 14시,금요일,광주광역시 서구 화정동,경상사고,0,0,2,0,차대차 - 기타,안전운전불이행,건조,맑음,단일로 - 기타,승용,남,52세,기타불명,승용,여,26세,경상
2022101400100330,2022년 10월 14일 14시,금요일,광주광역시 서구 쌍촌동,경상사고,0,0,1,0,차대차 - 측면충돌,안전운전불이행,건조,맑음,단일로 - 기타,승용,남,27세,경상,승용,남,63세,상해없음
2022101400100331,2022년 10월 14일 14시,금요일,광주광역시 북구 신안동,중상사고,0,1,0,0,차대차 - 측면충돌,안전운전불이행,건조,맑음,단일로 - 기타,승용,여,56세,상해없음,이륜,남,36세,중상
2022101400100332,2022년 10월 14일 14시,금요일,광주광역시 광산구 송정동,경상사고,0,0,1,0,차대차 - 측면충돌,안전운전불이행,건조,맑음,단일로 - 기타,개인형이동수단(PM),남,24세,경상,승용,여,61세,상해없음
2022101400100333,2022년 10월 14일 14시,금요일,광주광역시 광산구 송정동,경상사고,0,0,1,0,차대차 - 기타,안전운전불이행,건조,맑음,단일로 - 기타,화물,남,61세,상해없음,승용,남,66세,상해없음
2022101400100370,2022년 10월 14일 15시,금요일,광주광역시 광산구 신창동,경상사고,0,0,1,0,차대차 - 기타,안전운전불이행,건조,맑음,교차로 - 교차로부근,승용,여,65세,상해없음,승용,여,51세,경상
2022101400100371,2022년 10월 14일 15시,금요일,광주광역시 광산구 우산동,경상사고,0,0,1,0,차대차 - 측면충돌,교차로운행방법위반,건조,맑음,교차로 - 교차로안,화물,남,69세,상해없음,승용,여,35세,경상
2022101400100422,2022년 10월 14일 16시,금요일,광주광역시 북구 용봉동,경상사고,0,0,1,0,차대차 - 측면충돌,안전거리미확보,건조,맑음,단일로 - 기타,승용,여,62세,상해없음,승용,남,28세,경상
2022101400100423,2022년 10월 14일 16시,금요일,광주광역시 광산구 수완동,중상사고,0,1,0,0,차대차 - 측면충돌,안전거리미확보,건조,맑음,단일로 - 기타,승용,남,61세,기타불명,이륜,남,36세,중상
2022101400100424,2022년 10월 14일 16시,금요일,광주광역시 광산구 산정동,부상신고사고,0,0,0,1,차대차 - 후진중충돌,안전운전불이행,건조,맑음,기타 - 기타,승용,여,52세,기타불명,승용,여,25세,부상신고
2022101400100474,2022년 10월 14일 17시,금요일,광주광역시 광산구 송정동,중상사고,0,1,0,0,차대사람 - 횡단중,보행자보호의무위반,건조,맑음,교차로 - 교차로횡단보도내,승용,남,74세,상해없음,보행자,남,79세,중상
2022101400100475,2022년 10월 14일 17시,금요일,광주광역시 광산구 송정동,경상사고,0,0,1,0,차대차 - 측면충돌,안전거리미확보,건조,맑음,교차로 - 교차로부근,승용,남,71세,상해없음,승용,남,73세,경상
2022101400100559,2022년 10월 14일 18시,금요일,광주광역시 서구 쌍촌동,경상사고,0,0,1,0,차대차 - 기타,안전운전불이행,건조,기타,교차로 - 교차로부근,승용,여,27세,상해없음,승용,남,24세,경상
2022101400100560,2022년 10월 14일 18시,금요일,광주광역시 광산구 소촌동,경상사고,0,0,2,0,차대차 - 측면충돌,신호위반,건조,맑음,단일로 - 기타,승용,남,35세,상해없음,승용,남,33세,경상
2022101400100627,2022년 10월 14일 20시,금요일,광주광역시 서구 쌍촌동,경상사고,0,0,1,0,차대차 - 측면충돌,안전운전불이행,건조,맑음,교차로 - 교차로안,승용,남,22세,상해없음,개인형이동수단(PM),남,37세,경상
2022101400100628,2022년 10월 14일 20시,금요일,광주광역시 북구 동림동,경상사고,0,0,2,0,차대차 - 정면충돌,안전운전불이행,건조,맑음,주차장 - 주차장,승용,여,53세,경상,승용,남,33세,경상
2022101400100682,2022년 10월 14일 22시,금요일,광주광역시 동구 계림동,중상사고,0,1,0,0,차대사람 - 횡단중,기타,건조,맑음,교차로 - 교차로부근,승용,남,33세,상해없음,보행자,남,54세,중상
2022101400100683,2022년 10월 14일 22시,금요일,광주광역시 북구 중흥동,부상신고사고,0,0,0,1,차대차 - 측면충돌,안전운전불이행,건조,맑음,교차로 - 교차로안,승합,남,53세,상해없음,승용,여,28세,부상신고
2022101400100701,2022년 10월 14일 23시,금요일,광주광역시 남구 행암동,중상사고,0,1,1,0,차대차 - 측면충돌,신호위반,건조,맑음,교차로 - 교차로안,승용,남,56세,상해없음,승용,여,51세,경상
2022101400100702,2022년 10월 14일 23시,금요일,광주광역시 북구 오치동,경상사고,0,0,1,0,차대차 - 측면충돌,안전운전불이행,건조,맑음,단일로 - 기타,승용,남,54세,상해없음,이륜,남,41세,경상
2022101500100014,2022년 10월 15일 00시,토요일,광주광역시 광산구 월계동,경상사고,0,0,2,0,차대차 - 측면충돌,안전운전불이행,건조,맑음,단일로 - 기타,이륜,남,16세,기타불명,승용,남,44세,경상
2022101500100048,2022년 10월 15일 05시,토요일,광주광역시 광산구 장덕동,경상사고,0,0,5,0,차대차 - 측면충돌,기타,건조,기타,교차로 - 교차로안,승용,여,24세,기타불명,승용,남,60세,경상
2022101500100085,2022년 10월 15일 08시,토요일,광주광역시 광산구 소촌동,부상신고사고,0,0,0,1,차대차 - 측면충돌,기타,건조,맑음,주차장 - 주차장,승용,여,48세,상해없음,승용,여,41세,상해없음
2022101500100264,2022년 10월 15일 13시,토요일,광주광역시 서구 벽진동,중상사고,0,1,0,0,차대차 - 추돌,안전운전불이행,건조,맑음,교차로 - 교차로부근,승용,남,31세,상해없음,자전거,남,54세,중상
2022101500100265,2022년 10월 15일 13시,토요일,광주광역시 광산구 수완동,경상사고,0,0,1,0,차대차 - 기타,안전운전불이행,건조,맑음,단일로 - 기타,승용,남,38세,상해없음,자전거,여,42세,경상
2022101500100352,2022년 10월 15일 15시,토요일,광주광역시 북구 본촌동,경상사고,0,0,1,0,차대차 - 측면충돌,안전운전불이행,건조,맑음,교차로 - 교차로안,승용,남,29세,기타불명,승용,남,41세,경상
2022101500100354,2022년 10월 15일 15시,토요일,광주광역시 광산구 우산동,경상사고,0,0,1,0,차대차 - 기타,안전운전불이행,건조,맑음,기타 - 기타,승용,여,62세,기타불명,자전거,남,9세,경상
2022101500100396,2022년 10월 15일 16시,토요일,광주광역시 북구 운암동,경상사고,0,0,2,0,차대차 - 측면충돌,교차로운행방법위반,건조,맑음,교차로 - 교차로안,승용,남,32세,상해없음,승용,남,63세,경상
2022101500100436,2022년 10월 15일 17시,토요일,광주광역시 서구 치평동,중상사고,0,1,0,0,차대사람 - 보도통행중,안전운전불이행,건조,맑음,기타 - 기타,개인형이동수단(PM),여,14세,상해없음,보행자,여,17세,중상
2022101500100486,2022년 10월 15일 18시,토요일,광주광역시 서구 화정동,경상사고,0,0,1,0,차대차 - 측면충돌,신호위반,건조,맑음,교차로 - 교차로안,승용,남,59세,상해없음,승용,남,70세,경상
2022101500100487,2022년 10월 15일 18시,토요일,광주광역시 서구 매월동,경상사고,0,0,4,0,차대차 - 기타,교차로운행방법위반,건조,맑음,교차로 - 교차로안,승용,남,67세,상해없음,승용,남,33세,경상
2022101500100519,2022년 10월 15일 19시,토요일,광주광역시 서구 광천동,경상사고,0,0,1,0,차대사람 - 기타,안전운전불이행,건조,맑음,기타 - 기타,기타불명,기타불명,미분류,기타불명,보행자,남,57세,경상
2022101500100546,2022년 10월 15일 20시,토요일,광주광역시 북구 신용동,경상사고,0,0,1,0,차대사람 - 보도통행중,안전운전불이행,건조,맑음,기타 - 기타,개인형이동수단(PM),남,24세,상해없음,보행자,남,25세,경상
2022101500100547,2022년 10월 15일 20시,토요일,광주광역시 북구 문흥동,경상사고,0,0,2,0,차대차 - 측면충돌,신호위반,건조,맑음,교차로 - 교차로안,승용,여,58세,기타불명,승용,남,46세,경상
2022101500100600,2022년 10월 15일 22시,토요일,광주광역시 남구 월산동,경상사고,0,0,1,0,차대사람 - 기타,안전운전불이행,건조,맑음,단일로 - 기타,승용,남,20세,상해없음,보행자,남,62세,경상
2022101500100622,2022년 10월 15일 23시,토요일,광주광역시 북구 용봉동,중상사고,0,1,0,0,차대사람 - 기타,안전운전불이행,건조,맑음,기타 - 기타,개인형이동수단(PM),남,24세,상해없음,보행자,여,39세,중상
2022101600100027,2022년 10월 16일 01시,일요일,광주광역시 북구 누문동,경상사고,0,0,1,0,차대차 - 측면충돌,안전거리미확보,건조,맑음,교차로 - 교차로부근,승용,남,31세,상해없음,이륜,남,31세,경상
2022101600100028,2022년 10월 16일 01시,일요일,광주광역시 북구 임동,경상사고,0,0,3,0,차대차 - 측면충돌,신호위반,건조,맑음,교차로 - 교차로안,이륜,남,29세,상해없음,승용,남,63세,경상
2022101600100036,2022년 10월 16일 02시,일요일,광주광역시 광산구 흑석동,경상사고,0,0,1,0,차량단독 - 공작물충돌,안전운전불이행,건조,맑음,교차로 - 교차로부근,승용,남,19세,경상,,,,
2022101600100066,2022년 10월 16일 05시,일요일,광주광역시 광산구 우산동,경상사고,0,0,1,0,차량단독 - 공작물충돌,안전운전불이행,건조,맑음,단일로 - 기타,승용,남,40세,경상,,,,
2022101600100077,2022년 10월 16일 06시,일요일,광주광역시 남구 월산동,경상사고,0,0,1,0,차대사람 - 기타,안전운전불이행,건조,맑음,단일로 - 기타,승용,남,55세,상해없음,보행자,남,46세,경상
2022101600100078,2022년 10월 16일 06시,일요일,광주광역시 남구 칠석동,경상사고,0,0,1,0,차대사람 - 횡단중,신호위반,건조,맑음,교차로 - 교차로부근,승용,남,73세,상해없음,보행자,여,69세,경상
2022101600100130,2022년 10월 16일 10시,일요일,광주광역시 서구 쌍촌동,중상사고,0,1,0,0,차대차 - 측면충돌,중앙선침범,건조,맑음,단일로 - 기타,이륜,남,56세,중상,승용,여,61세,상해없음
2022101600100131,2022년 10월 16일 10시,일요일,광주광역시 광산구 신촌동,경상사고,0,0,1,0,차대사람 - 보도통행중,안전운전불이행,건조,맑음,단일로 - 기타,자전거,남,71세,상해없음,보행자,남,49세,경상
2022101600100155,2022년 10월 16일 11시,일요일,광주광역시 북구 동림동,경상사고,0,0,2,0,차대사람 - 횡단중,안전운전불이행,건조,맑음,단일로 - 기타,자전거,남,46세,경상,보행자,여,61세,경상
2022101600100156,2022년 10월 16일 11시,일요일,광주광역시 북구 문흥동,경상사고,0,0,1,0,차대차 - 기타,차로위반,건조,맑음,단일로 - 기타,승용,남,78세,상해없음,승용,여,60세,경상
2022101600100157,2022년 10월 16일 11시,일요일,광주광역시 광산구 하남동,경상사고,0,0,1,0,차대차 - 측면충돌,신호위반,건조,맑음,교차로 - 교차로안,승용,여,25세,상해없음,승용,여,39세,경상
2022101600100219,2022년 10월 16일 13시,일요일,광주광역시 북구 운암동,경상사고,0,0,1,0,차대차 - 측면충돌,안전운전불이행,건조,맑음,기타 - 기타,승용,남,81세,상해없음,이륜,남,36세,경상
2022101600100248,2022년 10월 16일 14시,일요일,광주광역시 북구 북동,경상사고,0,0,1,0,차대차 - 기타,신호위반,건조,맑음,교차로 - 교차로안,승용,남,47세,상해없음,화물,남,61세,경상
2022101600100249,2022년 10월 16일 14시,일요일,광주광역시 북구 신안동,경상사고,0,0,1,0,차대차 - 기타,안전거리미확보,건조,맑음,단일로 - 기타,승용,남,47세,상해없음,화물,남,61세,경상
2022101600100284,2022년 10월 16일 15시,일요일,광주광역시 서구 양동,경상사고,0,0,1,0,차대차 - 기타,안전운전불이행,건조,맑음,단일로 - 기타,승용,남,58세,기타불명,승용,여,40세,경상
2022101600100337,2022년 10월 16일 17시,일요일,광주광역시 서구 벽진동,경상사고,0,0,1,0,차대차 - 기타,안전운전불이행,건조,맑음,교차로 - 교차로안,승용,남,57세,기타불명,승용,여,29세,경상
2022101600100387,2022년 10월 16일 18시,일요일,광주광역시 동구 월남동,경상사고,0,0,4,0,차대차 - 기타,안전운전불이행,건조,맑음,단일로 - 기타,승용,여,24세,상해없음,화물,남,53세,경상
2022101600100388,2022년 10월 16일 18시,일요일,광주광역시 광산구 월계동,경상사고,0,0,2,0,차대차 - 측면충돌,신호위반,건조,맑음,교차로 - 교차로안,승용,여,53세,상해없음,승용,남,37세,경상
2022101600100425,2022년 10월 16일 19시,일요일,광주광역시 북구 운암동,경상사고,0,0,1,0,차대차 - 추돌,안전운전불이행,건조,맑음,교차로 - 교차로안,승용,남,36세,상해없음,승용,여,41세,경상
2022101600100447,2022년 10월 16일 20시,일요일,광주광역시 서구 풍암동,중상사고,0,1,1,0,차대사람 - 기타,보행자보호의무위반,건조,맑음,교차로 - 교차로부근,승용,여,57세,상해없음,보행자,여,54세,중상
2022101600100448,2022년 10월 16일 20시,일요일,광주광역시 서구 치평동,경상사고,0,0,1,0,차대차 - 측면충돌,안전운전불이행,건조,맑음,교차로 - 교차로부근,승용,여,27세,상해없음,승용,여,35세,경상
2022101600100449,2022년 10월 16일 20시,일요일,광주광역시 광산구 운남동,경상사고,0,0,1,0,차대차 - 기타,교차로운행방법위반,건조,맑음,기타 - 기타,승용,여,51세,상해없음,자전거,여,44세,경상
2022101600100481,2022년 10월 16일 22시,일요일,광주광역시 서구 쌍촌동,경상사고,0,0,1,0,차대차 - 기타,안전운전불이행,건조,맑음,교차로 - 교차로부근,승용,남,60세,상해없음,승용,남,26세,경상
2022101600100494,2022년 10월 16일 23시,일요일,광주광역시 북구 삼각동,경상사고,0,0,1,0,차대사람 - 횡단중,안전운전불이행,건조,맑음,교차로 - 교차로안,승용,남,62세,상해없음,보행자,남,63세,경상
2022101600100495,2022년 10월 16일 23시,일요일,광주광역시 북구 신용동,경상사고,0,0,5,0,차대차 - 측면충돌,신호위반,건조,맑음,교차로 - 교차로안,승용,남,22세,상해없음,승용,남,75세,경상
2022101700100022,2022년 10월 17일 04시,월요일,광주광역시 북구 신안동,경상사고,0,0,4,0,차대차 - 측면충돌,신호위반,건조,흐림,교차로 - 교차로안,승용,남,21세,상해없음,승용,남,60세,경상
2022101700100023,2022년 10월 17일 04시,월요일,광주광역시 광산구 신창동,부상신고사고,0,0,0,2,차대차 - 측면충돌,안전운전불이행,건조,맑음,교차로 - 교차로부근,이륜,남,16세,부상신고,승용,남,52세,기타불명
2022101700100033,2022년 10월 17일 05시,월요일,광주광역시 광산구 장수동,경상사고,0,0,1,0,차대차 - 추돌,안전운전불이행,젖음/습기,안개,단일로 - 기타,승용,남,54세,상해없음,승용,남,55세,경상
2022101700100126,2022년 10월 17일 08시,월요일,광주광역시 북구 일곡동,경상사고,0,0,1,0,차대사람 - 횡단중,안전운전불이행,건조,맑음,단일로 - 기타,승용,여,67세,상해없음,보행자,여,12세,경상
2022101700100207,2022년 10월 17일 10시,월요일,광주광역시 서구 치평동,경상사고,0,0,1,0,차대사람 - 기타,안전운전불이행,건조,맑음,단일로 - 기타,승용,남,35세,상해없음,보행자,남,49세,경상
2022101700100208,2022년 10월 17일 10시,월요일,광주광역시 광산구 송정동,경상사고,0,0,2,0,차대차 - 기타,안전거리미확보,건조,맑음,교차로 - 교차로부근,승용,남,84세,기타불명,승용,남,58세,경상
2022101700100247,2022년 10월 17일 11시,월요일,광주광역시 광산구 도산동,중상사고,0,1,0,0,차대사람 - 횡단중,안전운전불이행,건조,맑음,교차로 - 교차로안,승용,여,53세,상해없음,보행자,여,74세,중상
2022101700100285,2022년 10월 17일 12시,월요일,광주광역시 서구 유촌동,경상사고,0,0,1,0,차대차 - 측면충돌,신호위반,건조,맑음,기타 - 기타,승용,남,53세,상해없음,승용,남,29세,경상
2022101700100286,2022년 10월 17일 12시,월요일,광주광역시 북구 우산동,경상사고,0,0,3,0,차대차 - 추돌,안전거리미확보,건조,맑음,단일로 - 기타,승용,여,40세,경상,승용,남,30세,경상
2022101700100370,2022년 10월 17일 14시,월요일,광주광역시 서구 풍암동,경상사고,0,0,1,0,차대차 - 측면충돌,신호위반,건조,맑음,교차로 - 교차로안,승용,남,82세,상해없음,승용,남,39세,경상
2022101700100371,2022년 10월 17일 14시,월요일,광주광역시 북구 운암동,경상사고,0,0,7,0,차대차 - 측면충돌,안전운전불이행,건조,맑음,단일로 - 기타,승용,남,38세,경상,화물,남,39세,상해없음
2022101700100372,2022년 10월 17일 14시,월요일,광주광역시 광산구 운수동,경상사고,0,0,1,0,차대차 - 측면충돌,안전거리미확보,건조,맑음,단일로 - 기타,화물,남,43세,상해없음,승용,여,57세,경상
2022101700100415,2022년 10월 17일 15시,월요일,광주광역시 동구 용산동,중상사고,0,1,1,0,차대차 - 기타,안전거리미확보,건조,맑음,단일로 - 기타,승용,남,81세,기타불명,승용,여,53세,경상
2022101700100416,2022년 10월 17일 15시,월요일,광주광역시 광산구 수완동,중상사고,0,1,1,0,차대사람 - 기타,안전운전불이행,건조,맑음,단일로 - 기타,자전거,여,57세,중상,보행자,남,15세,경상
2022101700100467,2022년 10월 17일 16시,월요일,광주광역시 서구 덕흥동,경상사고,0,0,7,0,차대차 - 기타,안전거리미확보,건조,맑음,단일로 - 기타,화물,남,51세,상해없음,승용,여,32세,경상
2022101700100524,2022년 10월 17일 17시,월요일,광주광역시 서구 치평동,중상사고,0,1,1,0,차대차 - 기타,신호위반,건조,맑음,단일로 - 기타,이륜,남,39세,중상,승용,여,24세,경상
2022101700100598,2022년 10월 17일 18시,월요일,광주광역시 북구 운암동,경상사고,0,0,1,0,차대차 - 측면충돌,안전운전불이행,건조,맑음,교차로 - 교차로안,승용,남,59세,상해없음,승용,남,22세,경상
2022101700100634,2022년 10월 17일 19시,월요일,광주광역시 북구 삼각동,중상사고,0,2,1,0,차대차 - 기타,교차로운행방법위반,건조,맑음,교차로 - 교차로안,승용,남,25세,중상,화물,남,50세,중상
2022101700100635,2022년 10월 17일 19시,월요일,광주광역시 광산구 신창동,경상사고,0,0,1,1,차대차 - 추돌,안전운전불이행,건조,맑음,단일로 - 기타,이륜,남,21세,부상신고,승용,남,63세,경상
2022101700100685,2022년 10월 17일 21시,월요일,광주광역시 북구 임동,경상사고,0,0,2,3,차대차 - 추돌,차로위반,건조,맑음,교차로 - 교차로부근,승용,남,19세,경상,승용,여,50세,기타불명
2022101800100069,2022년 10월 18일 07시,화요일,광주광역시 북구 문흥동,경상사고,0,0,1,0,차대차 - 기타,차로위반,건조,맑음,교차로 - 교차로부근,승용,여,71세,상해없음,승합,남,77세,경상
2022101800100253,2022년 10월 18일 12시,화요일,광주광역시 서구 쌍촌동,경상사고,0,0,1,0,차대차 - 측면충돌,안전운전불이행,건조,맑음,교차로 - 교차로횡단보도내,승용,여,62세,상해없음,승용,여,46세,경상
2022101800100302,2022년 10월 18일 13시,화요일,광주광역시 서구 농성동,경상사고,0,0,2,0,차대차 - 추돌,안전운전불이행,건조,맑음,단일로 - 기타,이륜,남,35세,경상,승용,여,37세,경상
2022101800100303,2022년 10월 18일 13시,화요일,광주광역시 서구 치평동,경상사고,0,0,2,0,차대차 - 기타,안전운전불이행,건조,맑음,단일로 - 기타,화물,남,30세,상해없음,승용,남,35세,경상
2022101800100304,2022년 10월 18일 13시,화요일,광주광역시 광산구 월계동,경상사고,0,0,1,0,차대차 - 측면충돌,교차로운행방법위반,건조,맑음,교차로 - 교차로안,승용,여,43세,상해없음,이륜,남,32세,경상
2022101800100397,2022년 10월 18일 15시,화요일,광주광역시 동구 금동,중상사고,0,1,0,0,차대사람 - 기타,안전운전불이행,건조,맑음,교차로 - 교차로부근,승용,여,53세,상해없음,보행자,여,66세,중상
2022101800100448,2022년 10월 18일 16시,화요일,광주광역시 남구 노대동,경상사고,0,0,1,0,차대사람 - 기타,안전운전불이행,건조,맑음,기타 - 기타,승용,여,69세,상해없음,보행자,여,62세,경상
2022101800100541,2022년 10월 18일 18시,화요일,광주광역시 동구 광산동,경상사고,0,0,2,0,차대차 - 측면충돌,불법유턴,건조,맑음,교차로 - 교차로부근,승용,남,42세,경상,이륜,여,51세,경상
2022101800100542,2022년 10월 18일 18시,화요일,광주광역시 동구 대인동,경상사고,0,0,1,0,차대사람 - 기타,안전운전불이행,건조,맑음,교차로 - 교차로안,승용,남,78세,상해없음,보행자,남,61세,경상
2022101800100543,2022년 10월 18일 18시,화요일,광주광역시 동구 충장로3가,경상사고,0,0,1,0,차대차 - 기타,안전운전불이행,건조,맑음,교차로 - 교차로안,이륜,남,23세,상해없음,자전거,여,61세,경상
2022101800100545,2022년 10월 18일 18시,화요일,광주광역시 북구 용두동,경상사고,0,0,1,0,차대차 - 정면충돌,직진우회전진행방해,건조,맑음,교차로 - 교차로안,승용,남,57세,상해없음,이륜,남,54세,경상