사고번호,사고일시,요일,시군구,사고내용,사망자수,중상자수,경상자수,부상신고자수,사고유형,법규위반,노면상태,기상상태,도로형태,가해운전자 차종,가해운전자 성별,가해운전자 연령,가해운전자 상해정도,피해운전자 차종,피해운전자 성별,피해운전자 연령,피해운전자 상해정도
2022101800100546,2022년 10월 18일 18시,화요일,광주광역시 광산구 월계동,중상사고,0,1,0,0,차대차 - 측면충돌,안전거리미확보,건조,맑음,교차로 - 교차로부근,승용,남,61세,상해없음,이륜,남,44세,중상
2022101800100588,2022년 10월 18일 19시,화요일,광주광역시 서구 광천동,경상사고,0,0,2,0,차대차 - 기타,안전운전불이행,건조,맑음,교차로 - 교차로부근,승용,여,64세,상해없음,승용,남,35세,경상
2022101800100622,2022년 10월 18일 20시,화요일,광주광역시 남구 봉선동,경상사고,0,0,1,0,차대차 - 기타,신호위반,건조,맑음,교차로 - 교차로안,승용,남,65세,상해없음,승용,남,30세,경상
2022101800100623,2022년 10월 18일 20시,화요일,광주광역시 광산구 월계동,경상사고,0,0,1,0,차대차 - 측면충돌,신호위반,건조,맑음,교차로 - 교차로안,기타불명,기타불명,미분류,기타불명,자전거,남,14세,경상
2022101800100648,2022년 10월 18일 21시,화요일,광주광역시 북구 신안동,경상사고,0,0,1,0,차대사람 - 차도통행중,안전운전불이행,건조,맑음,단일로 - 기타,승용,남,27세,상해없음,보행자,남,16세,경상
2022101800100649,2022년 10월 18일 21시,화요일,광주광역시 광산구 연산동,경상사고,0,0,1,0,차대차 - 기타,신호위반,건조,맑음,교차로 - 교차로안,승용,여,55세,기타불명,승합,남,64세,경상
2022101900100022,2022년 10월 19일 04시,수요일,광주광역시 북구 각화동,경상사고,0,0,1,0,차대차 - 기타,신호위반,건조,맑음,교차로 - 교차로부근,승용,남,65세,기타불명,이륜,남,64세,경상
2022101900100076,2022년 10월 19일 07시,수요일,광주광역시 북구 오치동,경상사고,0,0,1,0,차대차 - 측면충돌,신호위반,건조,맑음,교차로 - 교차로안,승합,남,76세,상해없음,승용,남,60세,경상
2022101900100129,2022년 10월 19일 08시,수요일,광주광역시 서구 쌍촌동,경상사고,0,0,1,1,차대차 - 기타,신호위반,건조,맑음,교차로 - 교차로안,화물,남,53세,부상신고,승용,남,28세,경상
2022101900100166,2022년 10월 19일 09시,수요일,광주광역시 서구 치평동,경상사고,0,0,1,0,차대사람 - 횡단중,보행자보호의무위반,건조,맑음,단일로 - 기타,승용,여,65세,상해없음,보행자,남,22세,경상
2022101900100167,2022년 10월 19일 09시,수요일,광주광역시 북구 양산동,경상사고,0,0,1,0,차대차 - 기타,안전운전불이행,건조,맑음,단일로 - 기타,승용,여,45세,상해없음,승용,남,58세,경상
2022101900100168,2022년 10월 19일 09시,수요일,광주광역시 북구 중흥동,경상사고,0,0,1,0,차대차 - 정면충돌,중앙선침범,건조,맑음,단일로 - 기타,승용,여,57세,기타불명,승용,여,52세,경상
2022101900100194,2022년 10월 19일 10시,수요일,광주광역시 동구 동명동,경상사고,0,0,1,0,차대사람 - 길가장자리구역통행중,안전운전불이행,건조,맑음,단일로 - 기타,승용,여,51세,상해없음,보행자,남,19세,경상
2022101900100195,2022년 10월 19일 10시,수요일,광주광역시 북구 두암동,경상사고,0,0,1,0,차대사람 - 횡단중,신호위반,건조,맑음,교차로 - 교차로횡단보도내,화물,남,75세,상해없음,보행자,여,18세,경상
2022101900100234,2022년 10월 19일 11시,수요일,광주광역시 북구 양산동,경상사고,0,0,1,0,차대사람 - 기타,안전운전불이행,건조,맑음,단일로 - 기타,승용,남,80세,상해없음,보행자,여,89세,경상
2022101900100373,2022년 10월 19일 15시,수요일,광주광역시 광산구 신창동,경상사고,0,0,1,0,차대사람 - 차도통행중,안전운전불이행,건조,맑음,교차로 - 교차로부근,승용,여,34세,상해없음,보행자,남,15세,경상
2022101900100423,2022년 10월 19일 16시,수요일,광주광역시 서구 쌍촌동,경상사고,0,0,1,0,차대차 - 정면충돌,신호위반,건조,맑음,교차로 - 교차로안,승용,남,67세,상해없음,이륜,남,43세,경상
2022101900100424,2022년 10월 19일 16시,수요일,광주광역시 남구 진월동,중상사고,0,1,0,0,차대사람 - 횡단중,안전운전불이행,건조,맑음,단일로 - 기타,승용,여,39세,상해없음,보행자,남,7세,중상
2022101900100466,2022년 10월 19일 17시,수요일,광주광역시 서구 쌍촌동,경상사고,0,0,3,0,차대차 - 기타,안전운전불이행,건조,맑음,단일로 - 기타,승용,여,32세,경상,승용,여,36세,경상
2022101900100467,2022년 10월 19일 17시,수요일,광주광역시 북구 수곡동,경상사고,0,0,1,0,차대차 - 추돌,안전운전불이행,건조,맑음,교차로 - 교차로부근,승용,여,54세,상해없음,승용,여,56세,경상
2022101900100527,2022년 10월 19일 18시,수요일,광주광역시 북구 운암동,경상사고,0,0,1,0,차대차 - 기타,안전운전불이행,기타,기타,교차로 - 교차로안,승용,여,53세,상해없음,승용,여,53세,경상
2022101900100580,2022년 10월 19일 19시,수요일,광주광역시 광산구 운수동,경상사고,0,0,2,0,차대차 - 측면충돌,안전거리미확보,건조,맑음,단일로 - 기타,승용,여,22세,경상,승용,남,22세,경상
2022101900100610,2022년 10월 19일 20시,수요일,광주광역시 동구 계림동,경상사고,0,0,1,0,차대사람 - 횡단중,보행자보호의무위반,건조,맑음,교차로 - 교차로안,승용,남,69세,상해없음,보행자,남,28세,경상
2022101900100630,2022년 10월 19일 21시,수요일,광주광역시 북구 운암동,부상신고사고,0,0,0,1,차대사람 - 횡단중,안전운전불이행,건조,맑음,단일로 - 기타,화물,남,60세,상해없음,보행자,남,38세,부상신고
2022101900100659,2022년 10월 19일 23시,수요일,광주광역시 광산구 비아동,경상사고,0,0,1,0,차대차 - 추돌,안전운전불이행,건조,기타,교차로 - 교차로부근,승용,남,37세,기타불명,승용,남,42세,경상
2022102000100014,2022년 10월 20일 00시,목요일,광주광역시 서구 치평동,중상사고,0,1,1,0,차대차 - 추돌,안전운전불이행,건조,맑음,교차로 - 교차로부근,승용,여,37세,상해없음,승용,남,33세,중상
2022102000100051,2022년 10월 20일 06시,목요일,광주광역시 서구 금호동,경상사고,0,0,2,0,차대차 - 추돌,안전운전불이행,건조,맑음,교차로 - 교차로부근,승용,여,50세,상해없음,승용,남,58세,경상
2022102000100173,2022년 10월 20일 09시,목요일,광주광역시 광산구 소촌동,경상사고,0,0,1,0,차대차 - 기타,차로위반,건조,맑음,단일로 - 기타,승용,남,72세,상해없음,승합,남,56세,상해없음
2022102000100235,2022년 10월 20일 11시,목요일,광주광역시 동구 지산동,경상사고,0,0,1,1,차대사람 - 기타,안전운전불이행,건조,맑음,단일로 - 기타,이륜,남,25세,부상신고,보행자,남,67세,경상
2022102000100236,2022년 10월 20일 11시,목요일,광주광역시 서구 치평동,경상사고,0,0,1,0,차대차 - 기타,신호위반,건조,맑음,교차로 - 교차로안,승용,여,52세,상해없음,승용,남,61세,경상
2022102000100237,2022년 10월 20일 11시,목요일,광주광역시 북구 용봉동,경상사고,0,0,1,0,차대사람 - 기타,안전운전불이행,건조,맑음,단일로 - 기타,승용,여,53세,상해없음,보행자,여,31세,경상
2022102000100405,2022년 10월 20일 15시,목요일,광주광역시 남구 백운동,경상사고,0,0,1,0,차대차 - 기타,안전운전불이행,건조,맑음,교차로 - 교차로부근,승용,여,55세,상해없음,승용,남,38세,경상
2022102000100406,2022년 10월 20일 15시,목요일,광주광역시 남구 송하동,경상사고,0,0,1,0,차대차 - 후진중충돌,안전운전불이행,건조,맑음,단일로 - 기타,화물,남,62세,상해없음,화물,남,25세,경상
2022102000100444,2022년 10월 20일 16시,목요일,광주광역시 북구 풍향동,중상사고,0,1,0,0,차대차 - 측면충돌,신호위반,건조,맑음,교차로 - 교차로안,자전거,남,58세,중상,화물,남,49세,상해없음
2022102000100445,2022년 10월 20일 16시,목요일,광주광역시 북구 동림동,경상사고,0,0,2,0,차대차 - 기타,안전운전불이행,건조,맑음,단일로 - 기타,승합,남,40세,상해없음,승용,여,61세,상해없음
2022102000100497,2022년 10월 20일 17시,목요일,광주광역시 남구 진월동,경상사고,0,0,1,0,차대사람 - 횡단중,보행자보호의무위반,건조,맑음,교차로 - 교차로횡단보도내,승용,남,62세,상해없음,보행자,여,25세,경상
2022102000100550,2022년 10월 20일 18시,목요일,광주광역시 북구 운암동,중상사고,0,1,0,0,차대사람 - 횡단중,보행자보호의무위반,기타,기타,교차로 - 교차로횡단보도내,승용,여,52세,상해없음,보행자,여,26세,중상
2022102000100593,2022년 10월 20일 19시,목요일,광주광역시 서구 화정동,경상사고,0,0,1,0,차대차 - 후진중충돌,안전운전불이행,건조,맑음,단일로 - 기타,승용,여,63세,상해없음,승용,남,22세,경상
2022102000100594,2022년 10월 20일 19시,목요일,광주광역시 서구 세하동,경상사고,0,0,2,0,차대차 - 추돌,안전거리미확보,건조,맑음,단일로 - 기타,승용,남,51세,상해없음,승용,여,28세,경상
2022102000100595,2022년 10월 20일 19시,목요일,광주광역시 광산구 수완동,경상사고,0,0,1,0,차대차 - 기타,안전운전불이행,건조,맑음,단일로 - 기타,승용,남,22세,기타불명,승용,여,49세,경상
2022102000100683,2022년 10월 20일 22시,목요일,광주광역시 북구 운암동,경상사고,0,0,1,0,차대차 - 기타,중앙선침범,건조,맑음,단일로 - 기타,승용,남,44세,상해없음,승용,여,36세,경상
2022102000100684,2022년 10월 20일 22시,목요일,광주광역시 북구 양산동,중상사고,0,1,2,0,차대차 - 측면충돌,안전운전불이행,건조,맑음,단일로 - 기타,승용,남,62세,상해없음,이륜,남,24세,중상
2022102100100140,2022년 10월 21일 08시,금요일,광주광역시 북구 운암동,경상사고,0,0,1,0,차대차 - 추돌,신호위반,건조,맑음,교차로 - 교차로횡단보도내,승용,여,52세,기타불명,승용,여,54세,경상
2022102100100170,2022년 10월 21일 09시,금요일,광주광역시 북구 두암동,경상사고,0,0,1,1,차대차 - 기타,교차로운행방법위반,건조,맑음,교차로 - 교차로안,승용,여,29세,부상신고,승용,남,79세,경상
2022102100100171,2022년 10월 21일 09시,금요일,광주광역시 북구 오치동,경상사고,0,0,1,0,차대차 - 기타,안전운전불이행,건조,맑음,기타 - 기타,자전거,남,75세,경상,승용,여,34세,상해없음
2022102100100202,2022년 10월 21일 10시,금요일,광주광역시 서구 치평동,중상사고,0,1,0,0,차대사람 - 횡단중,보행자보호의무위반,건조,맑음,교차로 - 교차로횡단보도내,승용,여,62세,상해없음,보행자,여,69세,중상
2022102100100203,2022년 10월 21일 10시,금요일,광주광역시 남구 서동,경상사고,0,0,1,0,차대사람 - 횡단중,보행자보호의무위반,건조,맑음,교차로 - 교차로횡단보도내,승용,남,79세,상해없음,보행자,여,74세,경상
2022102100100204,2022년 10월 21일 10시,금요일,광주광역시 남구 월산동,경상사고,0,0,1,0,차대차 - 측면충돌,안전운전불이행,건조,맑음,단일로 - 기타,화물,남,43세,상해없음,승용,여,22세,경상
2022102100100205,2022년 10월 21일 10시,금요일,광주광역시 북구 두암동,중상사고,0,1,0,0,차대사람 - 보도통행중,기타,건조,맑음,단일로 - 기타,승용,여,61세,기타불명,보행자,여,68세,중상
2022102100100206,2022년 10월 21일 10시,금요일,광주광역시 북구 연제동,경상사고,0,0,1,0,차대차 - 측면충돌,안전운전불이행,건조,맑음,단일로 - 기타,화물,남,67세,상해없음,승용,남,37세,경상
2022102100100207,2022년 10월 21일 10시,금요일,광주광역시 광산구 월계동,경상사고,0,0,1,0,차대차 - 추돌,안전거리미확보,건조,맑음,교차로 - 교차로안,승용,남,64세,상해없음,승용,여,39세,경상
2022102100100230,2022년 10월 21일 11시,금요일,광주광역시 광산구 신촌동,중상사고,0,1,0,0,차대사람 - 보도통행중,안전운전불이행,건조,맑음,단일로 - 기타,화물,남,52세,상해없음,보행자,여,62세,중상
2022102100100263,2022년 10월 21일 12시,금요일,광주광역시 서구 화정동,중상사고,0,1,1,0,차대차 - 기타,안전운전불이행,건조,맑음,단일로 - 기타,화물,남,57세,기타불명,이륜,남,48세,중상
2022102100100282,2022년 10월 21일 13시,금요일,광주광역시 서구 유촌동,경상사고,0,0,2,0,차대차 - 측면충돌,교차로운행방법위반,건조,맑음,교차로 - 교차로안,승용,남,72세,상해없음,승용,남,29세,경상
2022102100100283,2022년 10월 21일 13시,금요일,광주광역시 북구 신용동,경상사고,0,0,1,0,차대차 - 정면충돌,신호위반,건조,맑음,교차로 - 교차로횡단보도내,승용,여,42세,상해없음,자전거,남,10세,경상
2022102100100284,2022년 10월 21일 13시,금요일,광주광역시 광산구 광산동,경상사고,0,0,1,0,차대차 - 기타,교차로운행방법위반,건조,맑음,교차로 - 교차로안,승용,남,65세,경상,화물,여,63세,상해없음
2022102100100322,2022년 10월 21일 14시,금요일,광주광역시 북구 신안동,경상사고,0,0,1,0,차대사람 - 차도통행중,안전운전불이행,건조,맑음,교차로 - 교차로부근,승용,남,52세,상해없음,보행자,여,52세,경상
2022102100100380,2022년 10월 21일 16시,금요일,광주광역시 남구 월산동,경상사고,0,0,1,0,차대사람 - 기타,안전운전불이행,건조,맑음,기타 - 기타,승용,남,58세,상해없음,보행자,여,31세,경상
2022102100100437,2022년 10월 21일 17시,금요일,광주광역시 서구 쌍촌동,경상사고,0,0,4,0,차대차 - 기타,신호위반,건조,맑음,교차로 - 교차로부근,승용,남,29세,상해없음,승용,남,27세,경상
2022102100100438,2022년 10월 21일 17시,금요일,광주광역시 서구 농성동,경상사고,0,0,1,0,차대차 - 측면충돌,안전운전불이행,건조,맑음,단일로 - 기타,승용,여,45세,상해없음,승용,여,33세,경상
2022102100100439,2022년 10월 21일 17시,금요일,광주광역시 남구 백운동,경상사고,0,0,1,0,차대사람 - 기타,안전운전불이행,건조,맑음,단일로 - 기타,승용,남,69세,상해없음,보행자,남,43세,경상
2022102100100440,2022년 10월 21일 17시,금요일,광주광역시 남구 봉선동,경상사고,0,0,1,0,차대차 - 기타,불법유턴,젖음/습기,흐림,단일로 - 기타,승용,여,52세,상해없음,이륜,남,28세,경상
2022102100100441,2022년 10월 21일 17시,금요일,광주광역시 광산구 신가동,부상신고사고,0,0,0,2,차대차 - 측면충돌,안전운전불이행,건조,맑음,교차로 - 교차로안,승용,여,50세,상해없음,개인형이동수단(PM),남,16세,부상신고
2022102100100557,2022년 10월 21일 19시,금요일,광주광역시 서구 금호동,경상사고,0,0,2,1,차대차 - 추돌,안전운전불이행,건조,맑음,단일로 - 기타,승용,남,67세,상해없음,승용,여,50세,부상신고
2022102100100558,2022년 10월 21일 19시,금요일,광주광역시 북구 신안동,사망사고,1,0,0,0,차대사람 - 횡단중,안전운전불이행,건조,맑음,단일로 - 기타,원동기,남,25세,상해없음,보행자,여,48세,사망
2022102100100594,2022년 10월 21일 20시,금요일,광주광역시 동구 학동,경상사고,0,0,1,0,차대사람 - 횡단중,안전운전불이행,젖음/습기,비,단일로 - 기타,이륜,남,70세,상해없음,보행자,남,60세,경상
2022102100100595,2022년 10월 21일 20시,금요일,광주광역시 북구 삼각동,경상사고,0,0,1,0,차대차 - 추돌,안전운전불이행,젖음/습기,비,단일로 - 기타,승용,남,25세,상해없음,승용,남,52세,경상
2022102100100628,2022년 10월 21일 21시,금요일,광주광역시 서구 내방동,중상사고,0,1,0,0,차대사람 - 기타,신호위반,건조,맑음,교차로 - 교차로부근,승용,남,21세,상해없음,보행자,남,40세,중상
2022102100100629,2022년 10월 21일 21시,금요일,광주광역시 서구 덕흥동,경상사고,0,0,2,0,차대차 - 추돌,안전거리미확보,건조,맑음,단일로 - 기타,승용,남,22세,상해없음,승용,남,68세,상해없음
2022102100100648,2022년 10월 21일 22시,금요일,광주광역시 광산구 수완동,중상사고,0,1,0,0,차대차 - 측면충돌,안전운전불이행,젖음/습기,비,단일로 - 기타,승용,남,48세,상해없음,이륜,남,25세,중상
2022102100100668,2022년 10월 21일 23시,금요일,광주광역시 광산구 월곡동,경상사고,0,0,1,0,차대차 - 측면충돌,안전운전불이행,건조,맑음,교차로 - 교차로안,승용,여,25세,상해없음,이륜,남,29세,경상
2022102200100045,2022년 10월 22일 03시,토요일,광주광역시 서구 치평동,경상사고,0,0,1,0,차대사람 - 기타,안전운전불이행,건조,맑음,단일로 - 기타,승용,남,52세,상해없음,보행자,남,21세,경상
2022102200100046,2022년 10월 22일 03시,토요일,광주광역시 서구 쌍촌동,중상사고,0,1,1,0,차대차 - 추돌,안전운전불이행,건조,맑음,단일로 - 기타,승용,남,47세,중상,건설기계,남,61세,경상
2022102200100047,2022년 10월 22일 03시,토요일,광주광역시 서구 치평동,경상사고,0,0,1,0,차대사람 - 기타,안전운전불이행,건조,맑음,교차로 - 교차로부근,승용,남,52세,상해없음,보행자,남,21세,경상
2022102200100068,2022년 10월 22일 05시,토요일,광주광역시 남구 방림동,중상사고,0,1,0,0,차대사람 - 횡단중,안전운전불이행,젖음/습기,비,교차로 - 교차로안,승용,여,47세,상해없음,보행자,여,73세,중상
2022102200100069,2022년 10월 22일 05시,토요일,광주광역시 북구 임동,중상사고,0,1,1,0,차대차 - 측면충돌,신호위반,젖음/습기,비,단일로 - 기타,승용,남,55세,상해없음,개인형이동수단(PM),남,27세,중상
2022102200100120,2022년 10월 22일 08시,토요일,광주광역시 서구 쌍촌동,경상사고,0,0,2,0,차대차 - 기타,안전운전불이행,건조,맑음,교차로 - 교차로안,이륜,남,44세,상해없음,화물,남,57세,경상
2022102200100147,2022년 10월 22일 09시,토요일,광주광역시 광산구 장덕동,경상사고,0,0,1,0,차대차 - 기타,안전운전불이행,건조,맑음,교차로 - 교차로횡단보도내,승용,남,33세,상해없음,자전거,남,16세,경상
2022102200100184,2022년 10월 22일 10시,토요일,광주광역시 서구 내방동,경상사고,0,0,2,0,차대차 - 기타,안전운전불이행,건조,맑음,단일로 - 기타,화물,남,53세,상해없음,승용,여,26세,경상
2022102200100300,2022년 10월 22일 13시,토요일,광주광역시 남구 진월동,중상사고,0,1,0,0,차대사람 - 횡단중,안전운전불이행,건조,맑음,단일로 - 기타,승용,남,60세,상해없음,보행자,여,69세,중상
2022102200100345,2022년 10월 22일 14시,토요일,광주광역시 광산구 신가동,중상사고,0,1,0,0,차대사람 - 기타,안전운전불이행,건조,맑음,교차로 - 교차로부근,승용,남,68세,상해없음,보행자,여,30세,중상
2022102200100424,2022년 10월 22일 16시,토요일,광주광역시 광산구 복룡동,경상사고,0,0,3,0,차대차 - 측면충돌,안전거리미확보,건조,맑음,교차로 - 교차로부근,승용,남,56세,경상,승합,남,60세,경상
2022102200100512,2022년 10월 22일 18시,토요일,광주광역시 광산구 월계동,경상사고,0,0,1,1,차대차 - 측면충돌,신호위반,건조,맑음,교차로 - 교차로부근,승용,여,57세,부상신고,승용,남,50세,경상
2022102200100553,2022년 10월 22일 19시,토요일,광주광역시 광산구 월곡동,중상사고,0,1,0,0,차대사람 - 기타,안전운전불이행,건조,맑음,교차로 - 교차로안,화물,남,54세,상해없음,보행자,여,64세,중상
2022102300100063,2022년 10월 23일 07시,일요일,광주광역시 북구 동림동,경상사고,0,0,1,0,차대차 - 측면충돌,교차로운행방법위반,건조,맑음,교차로 - 교차로안,승용,여,52세,상해없음,승용,남,39세,경상
2022102300100119,2022년 10월 23일 10시,일요일,광주광역시 서구 농성동,경상사고,0,0,1,0,차대차 - 측면충돌,안전거리미확보,건조,맑음,교차로 - 교차로안,승용,남,66세,상해없음,승용,여,47세,경상
2022102300100194,2022년 10월 23일 13시,일요일,광주광역시 북구 일곡동,경상사고,0,0,2,0,차대차 - 추돌,안전운전불이행,건조,맑음,단일로 - 기타,승용,남,62세,상해없음,승용,남,65세,경상
2022102300100229,2022년 10월 23일 14시,일요일,광주광역시 서구 매월동,경상사고,0,0,4,0,차대차 - 측면충돌,안전운전불이행,건조,맑음,단일로 - 기타,승용,남,66세,경상,승용,여,40세,경상
2022102300100230,2022년 10월 23일 14시,일요일,광주광역시 서구 금호동,경상사고,0,0,2,0,차대차 - 추돌,안전운전불이행,건조,맑음,단일로 - 기타,승용,남,37세,상해없음,승용,남,29세,경상
2022102300100231,2022년 10월 23일 14시,일요일,광주광역시 남구 송하동,경상사고,0,0,2,0,차대차 - 측면충돌,안전운전불이행,건조,맑음,교차로 - 교차로부근,승용,남,40세,상해없음,승용,남,34세,경상
2022102300100232,2022년 10월 23일 14시,일요일,광주광역시 광산구 수완동,경상사고,0,0,1,0,차대사람 - 기타,안전운전불이행,건조,맑음,단일로 - 기타,이륜,남,23세,상해없음,보행자,여,15세,경상
2022102300100262,2022년 10월 23일 15시,일요일,광주광역시 서구 화정동,경상사고,0,0,1,0,차대사람 - 기타,안전운전불이행,건조,맑음,단일로 - 기타,승용,남,64세,상해없음,보행자,남,36세,경상
2022102300100290,2022년 10월 23일 16시,일요일,광주광역시 서구 동천동,경상사고,0,0,2,0,차대차 - 후진중충돌,안전거리미확보,건조,맑음,단일로 - 기타,승용,남,20세,상해없음,승용,남,25세,경상
2022102300100291,2022년 10월 23일 16시,일요일,광주광역시 광산구 운수동,경상사고,0,0,1,0,차대차 - 기타,안전운전불이행,건조,맑음,교차로 - 교차로안,화물,남,44세,경상,승용,남,62세,상해없음
2022102300100323,2022년 10월 23일 17시,일요일,광주광역시 남구 진월동,경상사고,0,0,3,0,차대차 - 측면충돌,안전운전불이행,건조,맑음,단일로 - 기타,승용,남,72세,상해없음,화물,남,40세,경상
2022102300100324,2022년 10월 23일 17시,일요일,광주광역시 북구 본촌동,중상사고,0,1,1,0,차대차 - 측면충돌,직진우회전진행방해,건조,맑음,교차로 - 교차로안,승용,남,51세,경상,승용,남,64세,중상
2022102300100354,2022년 10월 23일 18시,일요일,광주광역시 서구 양동,경상사고,0,0,3,0,차대차 - 기타,안전운전불이행,건조,맑음,교차로 - 교차로횡단보도내,승용,남,25세,경상,승용,남,33세,경상
2022102300100355,2022년 10월 23일 18시,일요일,광주광역시 광산구 송정동,경상사고,0,0,1,0,차대차 - 정면충돌,불법유턴,건조,맑음,단일로 - 기타,승용,여,49세,기타불명,승용,남,26세,경상
2022102300100386,2022년 10월 23일 19시,일요일,광주광역시 북구 용봉동,경상사고,0,0,1,0,차대사람 - 기타,안전운전불이행,건조,흐림,교차로 - 교차로안,승합,남,69세,상해없음,보행자,남,13세,경상
2022102300100421,2022년 10월 23일 21시,일요일,광주광역시 동구 학동,부상신고사고,0,0,0,4,차대차 - 측면충돌,차로위반,건조,맑음,단일로 - 기타,승용,남,56세,상해없음,승용,남,26세,부상신고
2022102300100433,2022년 10월 23일 22시,일요일,광주광역시 북구 양산동,중상사고,0,1,0,0,차량단독 - 전도전복 - 전도,안전운전불이행,건조,맑음,단일로 - 기타,개인형이동수단(PM),여,11세,기타불명,,,,
2022102400100084,2022년 10월 24일 07시,월요일,광주광역시 서구 금호동,경상사고,0,0,1,0,차대차 - 측면충돌,안전운전불이행,건조,맑음,단일로 - 기타,승용,남,34세,상해없음,자전거,남,67세,경상
2022102400100085,2022년 10월 24일 07시,월요일,광주광역시 광산구 쌍암동,경상사고,0,0,2,0,차대차 - 측면충돌,안전운전불이행,건조,맑음,교차로 - 교차로안,자전거,남,17세,경상,승용,남,32세,경상
2022102400100141,2022년 10월 24일 08시,월요일,광주광역시 서구 쌍촌동,경상사고,0,0,1,1,차대차 - 측면충돌,안전운전불이행,건조,맑음,교차로 - 교차로안,승용,여,57세,부상신고,승용,남,34세,경상
2022102400100142,2022년 10월 24일 08시,월요일,광주광역시 북구 중흥동,경상사고,0,0,1,0,차대차 - 기타,안전운전불이행,건조,맑음,교차로 - 교차로부근,화물,남,72세,상해없음,승용,여,57세,경상
2022102400100184,2022년 10월 24일 09시,월요일,광주광역시 광산구 대산동,중상사고,0,1,0,0,차량단독 - 기타,안전운전불이행,건조,맑음,단일로 - 기타,원동기,남,73세,중상,,,,
2022102400100264,2022년 10월 24일 11시,월요일,광주광역시 북구 운암동,경상사고,0,0,3,0,차대차 - 측면충돌,안전운전불이행,건조,맑음,교차로 - 교차로안,승용,남,71세,경상,화물,남,30세,경상
2022102400100265,2022년 10월 24일 11시,월요일,광주광역시 광산구 월곡동,중상사고,0,1,0,0,차대차 - 측면충돌,신호위반,건조,맑음,단일로 - 기타,승용,여,52세,상해없음,승용,남,41세,중상
2022102400100304,2022년 10월 24일 12시,월요일,광주광역시 북구 두암동,경상사고,0,0,1,0,차대차 - 기타,안전운전불이행,건조,맑음,단일로 - 기타,승용,남,61세,상해없음,자전거,남,76세,경상
2022102400100305,2022년 10월 24일 12시,월요일,광주광역시 북구 두암동,경상사고,0,0,1,0,차대차 - 기타,안전운전불이행,건조,맑음,교차로 - 교차로부근,승용,남,74세,상해없음,승용,여,59세,경상
2022102400100338,2022년 10월 24일 13시,월요일,광주광역시 서구 화정동,경상사고,0,0,3,0,차대차 - 기타,신호위반,건조,맑음,교차로 - 교차로안,승용,여,55세,경상,승용,남,79세,경상
2022102400100339,2022년 10월 24일 13시,월요일,광주광역시 북구 신안동,경상사고,0,0,3,0,차대차 - 측면충돌,안전운전불이행,건조,맑음,단일로 - 기타,승용,여,52세,기타불명,승용,여,62세,경상
2022102400100383,2022년 10월 24일 14시,월요일,광주광역시 동구 금남로5가,경상사고,0,0,1,0,차량단독 - 기타,기타,건조,맑음,교차로 - 교차로부근,승합,남,49세,상해없음,,,,
2022102400100384,2022년 10월 24일 14시,월요일,광주광역시 서구 농성동,경상사고,0,0,2,0,차대차 - 측면충돌,안전운전불이행,건조,맑음,교차로 - 교차로부근,승합,남,59세,상해없음,승용,남,28세,경상
2022102400100444,2022년 10월 24일 16시,월요일,광주광역시 북구 동림동,경상사고,0,0,4,0,차대차 - 추돌,안전운전불이행,건조,맑음,단일로 - 기타,승용,남,48세,상해없음,승용,여,35세,경상
2022102400100550,2022년 10월 24일 18시,월요일,광주광역시 광산구 우산동,경상사고,0,0,3,0,차대차 - 측면충돌,신호위반,건조,맑음,단일로 - 기타,승용,남,24세,경상,승용,여,38세,경상
2022102400100585,2022년 10월 24일 19시,월요일,광주광역시 서구 화정동,중상사고,0,1,0,0,차대차 - 측면충돌,안전운전불이행,건조,맑음,교차로 - 교차로안,승용,남,51세,상해없음,이륜,남,43세,중상
2022102400100586,2022년 10월 24일 19시,월요일,광주광역시 광산구 선암동,중상사고,0,1,0,0,차대차 - 측면충돌,신호위반,건조,맑음,교차로 - 교차로안,이륜,남,54세,상해없음,이륜,남,51세,중상
2022102500100286,2022년 10월 25일 13시,화요일,광주광역시 광산구 비아동,경상사고,0,0,2,0,차대차 - 측면충돌,신호위반,건조,맑음,교차로 - 교차로안,승용,남,58세,상해없음,화물,남,65세,경상
2022102500100368,2022년 10월 25일 15시,화요일,광주광역시 서구 농성동,경상사고,0,0,1,0,차량단독 - 기타,안전운전불이행,건조,맑음,단일로 - 기타,승합,남,61세,상해없음,,,,
2022102500100369,2022년 10월 25일 15시,화요일,광주광역시 광산구 오선동,경상사고,0,0,1,0,차대차 - 추돌,안전운전불이행,건조,맑음,단일로 - 기타,승합,남,69세,상해없음,승용,남,29세,경상
2022102500100420,2022년 10월 25일 16시,화요일,광주광역시 남구 월산동,중상사고,0,1,0,0,차대사람 - 기타,안전운전불이행,건조,맑음,단일로 - 기타,승용,남,56세,상해없음,보행자,남,9세,중상