사고번호,사고일시,요일,시군구,사고내용,사망자수,중상자수,경상자수,부상신고자수,사고유형,법규위반,노면상태,기상상태,도로형태,가해운전자 차종,가해운전자 성별,가해운전자 연령,가해운전자 상해정도,피해운전자 차종,피해운전자 성별,피해운전자 연령,피해운전자 상해정도
2022102500100421,2022년 10월 25일 16시,화요일,광주광역시 광산구 월계동,중상사고,0,1,2,0,차대차 - 기타,신호위반,건조,맑음,교차로 - 교차로부근,이륜,남,23세,중상,승용,여,60세,경상
2022102500100422,2022년 10월 25일 16시,화요일,광주광역시 광산구 운남동,경상사고,0,0,1,0,차대차 - 측면충돌,직진우회전진행방해,건조,맑음,교차로 - 교차로안,승용,여,40세,상해없음,승용,여,49세,경상
2022102500100467,2022년 10월 25일 17시,화요일,광주광역시 북구 문흥동,중상사고,0,1,0,0,차대사람 - 횡단중,안전운전불이행,건조,맑음,교차로 - 교차로횡단보도내,승용,남,53세,상해없음,보행자,여,80세,중상
2022102500100468,2022년 10월 25일 17시,화요일,광주광역시 광산구 수완동,경상사고,0,0,8,0,차대차 - 추돌,안전운전불이행,건조,맑음,단일로 - 터널,화물,남,46세,경상,승용,여,44세,경상
2022102500100533,2022년 10월 25일 18시,화요일,광주광역시 서구 동천동,경상사고,0,0,2,0,차대차 - 추돌,안전거리미확보,건조,맑음,단일로 - 기타,승용,남,53세,상해없음,승용,남,37세,경상
2022102500100534,2022년 10월 25일 18시,화요일,광주광역시 북구 오치동,경상사고,0,0,1,0,차대차 - 기타,안전운전불이행,건조,맑음,단일로 - 기타,승용,남,58세,상해없음,이륜,남,25세,경상
2022102500100535,2022년 10월 25일 18시,화요일,광주광역시 북구 신안동,경상사고,0,0,2,0,차대차 - 측면충돌,안전운전불이행,건조,맑음,단일로 - 기타,승용,남,48세,상해없음,승용,남,33세,경상
2022102500100536,2022년 10월 25일 18시,화요일,광주광역시 광산구 쌍암동,경상사고,0,0,1,0,차대차 - 추돌,안전거리미확보,건조,맑음,교차로 - 교차로부근,승용,남,57세,상해없음,승용,남,38세,경상
2022102500100579,2022년 10월 25일 19시,화요일,광주광역시 북구 용봉동,중상사고,0,2,0,0,차대사람 - 횡단중,안전운전불이행,건조,맑음,단일로 - 기타,승용,남,36세,상해없음,보행자,여,63세,중상
2022102500100638,2022년 10월 25일 21시,화요일,광주광역시 동구 충장로1가,경상사고,0,0,1,0,차대사람 - 기타,안전운전불이행,건조,맑음,단일로 - 기타,승용,남,28세,상해없음,보행자,여,27세,경상
2022102500100666,2022년 10월 25일 23시,화요일,광주광역시 서구 쌍촌동,경상사고,0,0,2,0,차대차 - 기타,기타,건조,맑음,교차로 - 교차로안,승용,여,26세,경상,승용,남,63세,경상
2022102500100667,2022년 10월 25일 23시,화요일,광주광역시 남구 봉선동,경상사고,0,0,1,0,차대차 - 추돌,안전운전불이행,건조,맑음,교차로 - 교차로안,승용,남,61세,상해없음,승용,남,60세,상해없음
2022102600100024,2022년 10월 26일 01시,수요일,광주광역시 서구 쌍촌동,중상사고,0,1,0,0,차대사람 - 기타,안전운전불이행,건조,맑음,단일로 - 기타,화물,남,28세,상해없음,보행자,남,27세,중상
2022102600100033,2022년 10월 26일 02시,수요일,광주광역시 서구 덕흥동,경상사고,0,0,2,0,차대차 - 추돌,안전운전불이행,건조,맑음,단일로 - 기타,승용,남,36세,상해없음,승용,남,29세,경상
2022102600100054,2022년 10월 26일 05시,수요일,광주광역시 북구 삼각동,경상사고,0,0,2,0,차대차 - 기타,신호위반,건조,맑음,교차로 - 교차로안,화물,남,49세,경상,승용,남,71세,경상
2022102600100084,2022년 10월 26일 07시,수요일,광주광역시 광산구 오선동,경상사고,0,0,1,0,차대차 - 측면충돌,불법유턴,건조,맑음,교차로 - 교차로안,승용,남,75세,상해없음,승용,여,67세,경상
2022102600100130,2022년 10월 26일 08시,수요일,광주광역시 서구 쌍촌동,경상사고,0,0,1,1,차대차 - 기타,안전거리미확보,건조,맑음,단일로 - 기타,승용,여,43세,부상신고,승용,여,31세,경상
2022102600100131,2022년 10월 26일 08시,수요일,광주광역시 광산구 선암동,중상사고,0,1,0,0,차대차 - 기타,안전운전불이행,건조,맑음,교차로 - 교차로안,승용,여,52세,상해없음,자전거,여,70세,중상
2022102600100173,2022년 10월 26일 09시,수요일,광주광역시 서구 쌍촌동,경상사고,0,0,1,0,차대사람 - 보도통행중,안전운전불이행,건조,맑음,단일로 - 기타,승용,남,66세,상해없음,보행자,여,45세,경상
2022102600100174,2022년 10월 26일 09시,수요일,광주광역시 광산구 도천동,경상사고,0,0,1,0,차대차 - 측면충돌,안전운전불이행,건조,맑음,교차로 - 교차로부근,승용,여,72세,상해없음,승용,남,48세,경상
2022102600100203,2022년 10월 26일 10시,수요일,광주광역시 서구 치평동,중상사고,0,1,2,0,차대차 - 기타,신호위반,건조,맑음,교차로 - 교차로안,승용,남,65세,중상,승용,여,23세,경상
2022102600100245,2022년 10월 26일 12시,수요일,광주광역시 동구 지산동,경상사고,0,0,2,0,차대차 - 기타,교차로운행방법위반,건조,맑음,교차로 - 교차로안,승용,남,80세,경상,승용,남,35세,경상
2022102600100283,2022년 10월 26일 13시,수요일,광주광역시 서구 쌍촌동,경상사고,0,0,2,0,차대차 - 추돌,안전운전불이행,건조,맑음,단일로 - 기타,승용,남,63세,상해없음,승용,여,49세,경상
2022102600100342,2022년 10월 26일 15시,수요일,광주광역시 광산구 월계동,경상사고,0,0,3,0,차대차 - 추돌,안전운전불이행,건조,맑음,교차로 - 교차로부근,승합,남,69세,상해없음,승용,여,35세,경상
2022102600100384,2022년 10월 26일 16시,수요일,광주광역시 광산구 운남동,경상사고,0,0,2,0,차대차 - 추돌,안전운전불이행,건조,맑음,단일로 - 기타,승용,남,22세,상해없음,승용,여,55세,경상
2022102600100423,2022년 10월 26일 17시,수요일,광주광역시 서구 농성동,경상사고,0,0,1,0,차대사람 - 길가장자리구역통행중,안전운전불이행,건조,맑음,단일로 - 기타,승용,남,74세,상해없음,보행자,여,21세,경상
2022102600100424,2022년 10월 26일 17시,수요일,광주광역시 북구 중흥동,경상사고,0,0,3,0,차대차 - 측면충돌,기타,건조,맑음,교차로 - 교차로안,승용,여,24세,상해없음,승용,남,21세,경상
2022102600100425,2022년 10월 26일 17시,수요일,광주광역시 북구 임동,경상사고,0,0,4,0,차대차 - 측면충돌,안전거리미확보,건조,맑음,단일로 - 기타,화물,남,38세,경상,승용,남,22세,경상
2022102600100427,2022년 10월 26일 17시,수요일,광주광역시 광산구 신가동,경상사고,0,0,2,0,차대차 - 기타,안전운전불이행,건조,맑음,교차로 - 교차로부근,이륜,남,22세,경상,승용,남,28세,경상
2022102600100488,2022년 10월 26일 18시,수요일,광주광역시 서구 동천동,경상사고,0,0,1,0,차량단독 - 기타,안전운전불이행,건조,맑음,단일로 - 기타,승용,남,68세,상해없음,,,,
2022102600100489,2022년 10월 26일 18시,수요일,광주광역시 서구 양동,경상사고,0,0,1,0,차대차 - 측면충돌,안전운전불이행,건조,맑음,교차로 - 교차로안,승용,여,63세,상해없음,승용,남,27세,경상
2022102600100490,2022년 10월 26일 18시,수요일,광주광역시 북구 신용동,경상사고,0,0,3,0,차대차 - 추돌,안전운전불이행,건조,흐림,단일로 - 기타,승용,남,73세,상해없음,승용,남,31세,경상
2022102600100527,2022년 10월 26일 19시,수요일,광주광역시 북구 오룡동,경상사고,0,0,1,0,차대차 - 기타,교차로운행방법위반,건조,맑음,교차로 - 교차로안,승용,여,52세,상해없음,승용,여,52세,경상
2022102600100528,2022년 10월 26일 19시,수요일,광주광역시 북구 매곡동,경상사고,0,0,1,0,차대차 - 측면충돌,불법유턴,건조,맑음,교차로 - 교차로안,이륜,남,52세,상해없음,승용,여,31세,경상
2022102600100529,2022년 10월 26일 19시,수요일,광주광역시 광산구 쌍암동,경상사고,0,0,1,0,차대차 - 후진중충돌,불법유턴,건조,맑음,단일로 - 기타,승합,남,26세,상해없음,승용,남,26세,경상
2022102600100591,2022년 10월 26일 21시,수요일,광주광역시 광산구 비아동,경상사고,0,0,1,0,차대차 - 정면충돌,신호위반,건조,맑음,단일로 - 기타,승용,남,63세,상해없음,승용,여,60세,경상
2022102600100634,2022년 10월 26일 23시,수요일,광주광역시 서구 치평동,사망사고,1,1,0,0,차대차 - 정면충돌,신호위반,건조,맑음,교차로 - 교차로안,승용,남,43세,상해없음,이륜,남,22세,사망
2022102700100011,2022년 10월 27일 00시,목요일,광주광역시 북구 신안동,경상사고,0,0,1,0,차량단독 - 기타,신호위반,건조,맑음,단일로 - 기타,승용,남,60세,기타불명,,,,
2022102700100058,2022년 10월 27일 06시,목요일,광주광역시 북구 용봉동,경상사고,0,0,2,0,차대차 - 정면충돌,중앙선침범,건조,맑음,단일로 - 기타,승용,남,35세,상해없음,특수,남,62세,경상
2022102700100091,2022년 10월 27일 07시,목요일,광주광역시 광산구 수완동,경상사고,0,0,3,0,차대차 - 기타,안전운전불이행,건조,맑음,교차로 - 교차로안,승용,남,79세,상해없음,승용,남,45세,경상
2022102700100134,2022년 10월 27일 08시,목요일,광주광역시 동구 소태동,경상사고,0,0,1,0,차대사람 - 기타,안전운전불이행,건조,맑음,기타 - 기타,특수,남,50세,상해없음,보행자,여,15세,경상
2022102700100135,2022년 10월 27일 08시,목요일,광주광역시 서구 동천동,경상사고,0,0,1,0,차대차 - 측면충돌,차로위반,건조,맑음,단일로 - 기타,승용,여,50세,상해없음,승용,여,59세,경상
2022102700100136,2022년 10월 27일 08시,목요일,광주광역시 광산구 신창동,경상사고,0,0,1,0,차대사람 - 기타,안전운전불이행,건조,맑음,주차장 - 주차장,화물,남,36세,상해없음,보행자,남,15세,경상
2022102700100247,2022년 10월 27일 11시,목요일,광주광역시 서구 쌍촌동,경상사고,0,0,1,0,차대차 - 기타,안전운전불이행,건조,맑음,단일로 - 기타,승용,여,36세,상해없음,승용,여,44세,경상
2022102700100248,2022년 10월 27일 11시,목요일,광주광역시 북구 용봉동,경상사고,0,0,1,0,차대차 - 후진중충돌,안전운전불이행,건조,맑음,교차로 - 교차로부근,승용,남,69세,상해없음,승용,남,32세,경상
2022102700100398,2022년 10월 27일 15시,목요일,광주광역시 북구 우산동,중상사고,0,2,1,0,차대사람 - 차도통행중,안전운전불이행,건조,맑음,단일로 - 기타,승용,남,67세,중상,보행자,남,73세,중상
2022102700100399,2022년 10월 27일 15시,목요일,광주광역시 북구 양산동,경상사고,0,0,2,0,차대차 - 측면충돌,안전운전불이행,건조,맑음,단일로 - 기타,특수,여,66세,기타불명,승용,여,39세,경상
2022102700100483,2022년 10월 27일 17시,목요일,광주광역시 북구 신안동,부상신고사고,0,0,0,1,차대차 - 후진중충돌,불법유턴,건조,맑음,단일로 - 기타,이륜,남,60세,상해없음,자전거,여,35세,부상신고
2022102700100549,2022년 10월 27일 18시,목요일,광주광역시 북구 문흥동,경상사고,0,0,1,0,차대차 - 기타,중앙선침범,건조,맑음,단일로 - 교량,기타불명,기타불명,미분류,기타불명,이륜,남,31세,경상
2022102700100550,2022년 10월 27일 18시,목요일,광주광역시 광산구 옥동,경상사고,0,0,1,0,차대차 - 기타,안전운전불이행,건조,맑음,교차로 - 교차로안,승용,남,50세,상해없음,자전거,남,68세,경상
2022102700100597,2022년 10월 27일 19시,목요일,광주광역시 서구 광천동,중상사고,0,1,0,0,차대차 - 기타,안전운전불이행,건조,맑음,단일로 - 기타,승합,남,52세,상해없음,승합,남,48세,상해없음
2022102700100598,2022년 10월 27일 19시,목요일,광주광역시 광산구 장덕동,경상사고,0,0,2,0,차대차 - 기타,신호위반,건조,맑음,교차로 - 교차로안,원동기,남,20세,경상,자전거,남,13세,경상
2022102700100646,2022년 10월 27일 21시,목요일,광주광역시 서구 화정동,경상사고,0,0,1,0,차대차 - 기타,안전거리미확보,건조,맑음,단일로 - 기타,승용,남,33세,상해없음,승용,여,27세,경상
2022102700100663,2022년 10월 27일 22시,목요일,광주광역시 광산구 월곡동,경상사고,0,0,1,0,차대사람 - 기타,안전운전불이행,건조,맑음,단일로 - 기타,자전거,남,25세,상해없음,보행자,여,52세,경상
2022102800100037,2022년 10월 28일 05시,금요일,광주광역시 광산구 신촌동,중상사고,0,1,0,0,차대차 - 측면충돌,신호위반,건조,맑음,단일로 - 기타,원동기,남,16세,상해없음,승합,남,53세,상해없음
2022102800100056,2022년 10월 28일 06시,금요일,광주광역시 동구 월남동,경상사고,0,0,1,0,차대차 - 추돌,신호위반,건조,맑음,교차로 - 교차로부근,승용,남,64세,상해없음,화물,남,63세,경상
2022102800100057,2022년 10월 28일 06시,금요일,광주광역시 광산구 하남동,중상사고,0,1,0,0,차대사람 - 기타,안전운전불이행,건조,맑음,단일로 - 기타,승용,남,47세,상해없음,보행자,남,51세,중상
2022102800100082,2022년 10월 28일 07시,금요일,광주광역시 북구 매곡동,경상사고,0,0,1,0,차대차 - 추돌,안전운전불이행,건조,맑음,교차로 - 교차로부근,화물,남,61세,상해없음,승용,여,72세,경상
2022102800100083,2022년 10월 28일 07시,금요일,광주광역시 북구 일곡동,경상사고,0,0,1,0,차대차 - 측면충돌,중앙선침범,건조,맑음,단일로 - 기타,자전거,여,76세,경상,화물,남,34세,상해없음
2022102800100171,2022년 10월 28일 09시,금요일,광주광역시 광산구 비아동,경상사고,0,0,2,0,차대차 - 측면충돌,안전운전불이행,건조,맑음,단일로 - 기타,승용,남,63세,상해없음,승용,남,28세,경상
2022102800100172,2022년 10월 28일 09시,금요일,광주광역시 광산구 신창동,경상사고,0,0,1,0,차대차 - 측면충돌,차로위반,건조,맑음,교차로 - 교차로부근,이륜,남,23세,상해없음,승용,여,50세,경상
2022102800100248,2022년 10월 28일 11시,금요일,광주광역시 북구 일곡동,중상사고,0,1,0,0,차대차 - 측면충돌,안전운전불이행,건조,맑음,교차로 - 교차로안,화물,남,31세,상해없음,이륜,남,48세,중상
2022102800100249,2022년 10월 28일 11시,금요일,광주광역시 서구 동천동,경상사고,0,0,1,0,차대사람 - 기타,안전운전불이행,건조,맑음,단일로 - 기타,승용,여,56세,상해없음,보행자,여,40세,경상
2022102800100284,2022년 10월 28일 12시,금요일,광주광역시 북구 문흥동,경상사고,0,0,1,0,차대차 - 정면충돌,안전운전불이행,건조,맑음,교차로 - 교차로안,승용,여,47세,기타불명,자전거,남,70세,경상
2022102800100285,2022년 10월 28일 12시,금요일,광주광역시 광산구 수완동,경상사고,0,0,1,0,차대차 - 후진중충돌,불법유턴,건조,맑음,교차로 - 교차로안,승용,여,33세,기타불명,이륜,남,35세,경상
2022102800100322,2022년 10월 28일 13시,금요일,광주광역시 북구 신용동,경상사고,0,0,3,0,차대차 - 기타,안전운전불이행,건조,맑음,기타 - 기타,승용,남,51세,경상,승용,남,22세,경상
2022102800100357,2022년 10월 28일 14시,금요일,광주광역시 서구 쌍촌동,경상사고,0,0,1,0,차대차 - 기타,안전운전불이행,건조,맑음,교차로 - 교차로안,승용,여,45세,상해없음,승용,남,34세,경상
2022102800100358,2022년 10월 28일 14시,금요일,광주광역시 북구 삼각동,경상사고,0,0,1,0,차대차 - 후진중충돌,안전운전불이행,건조,맑음,단일로 - 기타,승용,남,37세,상해없음,자전거,남,85세,경상
2022102800100359,2022년 10월 28일 14시,금요일,광주광역시 북구 신안동,경상사고,0,0,2,0,차대차 - 측면충돌,교차로운행방법위반,건조,맑음,교차로 - 교차로안,승용,남,28세,상해없음,승용,남,25세,경상
2022102800100417,2022년 10월 28일 15시,금요일,광주광역시 서구 양동,사망사고,1,0,0,0,차대차 - 측면충돌,신호위반,건조,맑음,교차로 - 교차로안,이륜,남,63세,사망,화물,남,52세,상해없음
2022102800100418,2022년 10월 28일 15시,금요일,광주광역시 북구 운암동,경상사고,0,0,1,0,차대차 - 기타,안전운전불이행,건조,맑음,교차로 - 교차로안,승용,남,72세,상해없음,승용,남,35세,경상
2022102800100465,2022년 10월 28일 16시,금요일,광주광역시 남구 진월동,중상사고,0,1,2,0,차대차 - 추돌,안전거리미확보,건조,맑음,단일로 - 기타,승용,남,24세,상해없음,화물,남,57세,경상
2022102800100466,2022년 10월 28일 16시,금요일,광주광역시 광산구 우산동,경상사고,0,0,1,0,차대차 - 기타,안전운전불이행,건조,맑음,단일로 - 기타,승용,여,31세,상해없음,승용,남,50세,경상
2022102800100507,2022년 10월 28일 17시,금요일,광주광역시 서구 쌍촌동,중상사고,0,1,0,0,차대차 - 기타,안전운전불이행,건조,맑음,교차로 - 교차로안,승용,남,81세,상해없음,개인형이동수단(PM),남,23세,중상
2022102800100508,2022년 10월 28일 17시,금요일,광주광역시 남구 백운동,경상사고,0,0,1,0,차대차 - 측면충돌,안전운전불이행,건조,맑음,교차로 - 교차로안,승용,여,54세,상해없음,승용,남,32세,경상
2022102800100509,2022년 10월 28일 17시,금요일,광주광역시 광산구 신창동,경상사고,0,0,1,0,차대사람 - 기타,안전운전불이행,건조,맑음,단일로 - 기타,승용,남,30세,상해없음,보행자,여,17세,경상
2022102800100588,2022년 10월 28일 18시,금요일,광주광역시 동구 소태동,경상사고,0,0,3,0,차대차 - 추돌,안전거리미확보,건조,맑음,기타 - 기타,승용,남,35세,상해없음,승용,여,26세,경상
2022102800100589,2022년 10월 28일 18시,금요일,광주광역시 남구 서동,경상사고,0,0,2,0,차대차 - 측면충돌,교차로운행방법위반,건조,맑음,교차로 - 교차로안,승용,여,64세,상해없음,승용,남,47세,경상
2022102800100590,2022년 10월 28일 18시,금요일,광주광역시 북구 일곡동,경상사고,0,0,2,0,차대차 - 기타,불법유턴,건조,맑음,교차로 - 교차로부근,승용,여,52세,기타불명,승용,남,30세,경상
2022102800100591,2022년 10월 28일 18시,금요일,광주광역시 광산구 신가동,경상사고,0,0,1,0,차대사람 - 횡단중,안전운전불이행,건조,맑음,교차로 - 교차로부근,승용,남,30세,상해없음,보행자,남,54세,경상
2022102800100592,2022년 10월 28일 18시,금요일,광주광역시 광산구 장덕동,경상사고,0,0,1,0,차대차 - 측면충돌,차로위반,건조,맑음,단일로 - 기타,승용,남,60세,상해없음,승용,남,36세,경상
2022102800100658,2022년 10월 28일 19시,금요일,광주광역시 동구 대인동,경상사고,0,0,4,0,차대차 - 기타,차로위반,건조,맑음,기타 - 기타,승용,남,27세,상해없음,승합,남,51세,상해없음
2022102800100659,2022년 10월 28일 19시,금요일,광주광역시 서구 화정동,중상사고,0,1,0,0,차대사람 - 횡단중,보행자보호의무위반,건조,맑음,단일로 - 기타,승용,여,48세,상해없음,보행자,여,65세,중상
2022102800100660,2022년 10월 28일 19시,금요일,광주광역시 서구 치평동,경상사고,0,0,1,0,차대차 - 기타,안전거리미확보,건조,맑음,단일로 - 기타,승용,여,21세,상해없음,승합,남,53세,경상
2022102800100696,2022년 10월 28일 20시,금요일,광주광역시 서구 치평동,경상사고,0,0,1,0,차대차 - 기타,안전운전불이행,건조,맑음,교차로 - 교차로안,승용,여,64세,상해없음,승용,남,30세,경상
2022102800100697,2022년 10월 28일 20시,금요일,광주광역시 북구 운암동,경상사고,0,0,1,0,차대차 - 측면충돌,중앙선침범,건조,맑음,교차로 - 교차로부근,승용,남,49세,기타불명,승용,남,43세,경상
2022102800100698,2022년 10월 28일 20시,금요일,광주광역시 광산구 산월동,중상사고,0,1,1,0,차대차 - 추돌,안전거리미확보,건조,맑음,교차로 - 교차로안,승용,여,35세,중상,화물,남,51세,경상
2022102900100013,2022년 10월 29일 00시,토요일,광주광역시 서구 쌍촌동,경상사고,0,0,3,0,차대차 - 측면충돌,중앙선침범,건조,맑음,단일로 - 기타,승용,남,32세,경상,승용,여,25세,경상
2022102900100033,2022년 10월 29일 02시,토요일,광주광역시 동구 내남동,중상사고,0,1,0,0,차량단독 - 공작물충돌,안전운전불이행,건조,맑음,단일로 - 기타,승용,여,27세,상해없음,,,,
2022102900100120,2022년 10월 29일 09시,토요일,광주광역시 남구 행암동,경상사고,0,0,2,0,차대차 - 추돌,안전거리미확보,건조,맑음,단일로 - 기타,승용,여,27세,경상,승용,남,35세,상해없음
2022102900100208,2022년 10월 29일 11시,토요일,광주광역시 서구 광천동,경상사고,0,0,1,0,차대차 - 측면충돌,교차로운행방법위반,건조,맑음,교차로 - 교차로안,승용,여,60세,상해없음,승용,남,50세,상해없음
2022102900100209,2022년 10월 29일 11시,토요일,광주광역시 광산구 산정동,경상사고,0,0,2,1,차대차 - 측면충돌,중앙선침범,건조,맑음,교차로 - 교차로부근,이륜,남,17세,부상신고,승용,남,46세,경상
2022102900100246,2022년 10월 29일 12시,토요일,광주광역시 서구 금호동,경상사고,0,0,2,0,차대차 - 추돌,안전운전불이행,건조,맑음,단일로 - 기타,이륜,남,41세,상해없음,승용,남,62세,경상
2022102900100247,2022년 10월 29일 12시,토요일,광주광역시 광산구 우산동,경상사고,0,0,1,0,차대사람 - 횡단중,보행자보호의무위반,건조,맑음,교차로 - 교차로횡단보도내,승용,남,55세,상해없음,보행자,남,64세,경상
2022102900100358,2022년 10월 29일 15시,토요일,광주광역시 북구 두암동,경상사고,0,0,1,1,차대차 - 측면충돌,교차로운행방법위반,건조,맑음,교차로 - 교차로안,승용,남,56세,경상,승용,남,27세,상해없음
2022102900100401,2022년 10월 29일 16시,토요일,광주광역시 서구 쌍촌동,부상신고사고,0,0,0,1,차대차 - 기타,안전운전불이행,건조,맑음,기타 - 기타,자전거,여,26세,부상신고,승용,남,52세,상해없음
2022102900100437,2022년 10월 29일 17시,토요일,광주광역시 동구 계림동,경상사고,0,0,1,0,차대차 - 기타,안전거리미확보,건조,맑음,단일로 - 기타,승용,남,44세,상해없음,이륜,남,50세,경상
2022102900100438,2022년 10월 29일 17시,토요일,광주광역시 서구 풍암동,경상사고,0,0,1,0,차대차 - 후진중충돌,안전운전불이행,건조,맑음,교차로 - 교차로부근,승용,여,72세,상해없음,승용,남,45세,경상
2022102900100478,2022년 10월 29일 18시,토요일,광주광역시 북구 운암동,경상사고,0,0,2,0,차대차 - 추돌,안전운전불이행,건조,맑음,단일로 - 기타,이륜,남,67세,상해없음,승용,여,50세,경상
2022102900100521,2022년 10월 29일 19시,토요일,광주광역시 남구 백운동,경상사고,0,0,2,0,차대차 - 측면충돌,안전운전불이행,건조,맑음,단일로 - 기타,승용,여,63세,상해없음,승용,여,31세,경상
2022102900100601,2022년 10월 29일 21시,토요일,광주광역시 서구 쌍촌동,경상사고,0,0,1,0,차대차 - 추돌,안전운전불이행,건조,맑음,단일로 - 기타,승용,남,55세,상해없음,원동기,남,56세,경상
2022102900100629,2022년 10월 29일 22시,토요일,광주광역시 광산구 우산동,경상사고,0,0,1,0,차대차 - 정면충돌,불법유턴,건조,맑음,단일로 - 기타,승용,여,44세,상해없음,승용,남,59세,경상
2022102900100650,2022년 10월 29일 23시,토요일,광주광역시 광산구 용봉동,중상사고,0,1,4,0,차대차 - 추돌,안전운전불이행,건조,맑음,단일로 - 기타,승용,남,37세,상해없음,승용,여,38세,중상
2022103000100012,2022년 10월 30일 00시,일요일,광주광역시 동구 계림동,경상사고,0,0,2,0,차대차 - 측면충돌,중앙선침범,건조,맑음,교차로 - 교차로부근,승용,여,29세,상해없음,승용,남,60세,경상
2022103000100013,2022년 10월 30일 00시,일요일,광주광역시 북구 신안동,경상사고,0,0,2,0,차대차 - 측면충돌,교차로운행방법위반,기타,기타,교차로 - 교차로안,승용,남,27세,상해없음,승용,남,55세,경상
2022103000100026,2022년 10월 30일 01시,일요일,광주광역시 남구 봉선동,경상사고,0,0,1,0,차대차 - 측면충돌,신호위반,건조,맑음,교차로 - 교차로안,승용,남,59세,상해없음,승용,여,46세,경상
2022103000100039,2022년 10월 30일 02시,일요일,광주광역시 동구 광산동,경상사고,0,0,1,0,차대사람 - 기타,신호위반,건조,맑음,단일로 - 기타,승용,남,23세,상해없음,보행자,남,23세,경상
2022103000100047,2022년 10월 30일 03시,일요일,광주광역시 서구 치평동,경상사고,0,0,1,0,차대사람 - 기타,보행자보호의무위반,건조,맑음,단일로 - 기타,승용,남,19세,상해없음,보행자,남,25세,경상
2022103000100065,2022년 10월 30일 05시,일요일,광주광역시 서구 치평동,경상사고,0,0,1,0,차대차 - 측면충돌,안전운전불이행,건조,맑음,단일로 - 기타,승용,여,27세,상해없음,승용,남,50세,경상
2022103000100075,2022년 10월 30일 06시,일요일,광주광역시 광산구 신가동,경상사고,0,0,4,0,차대차 - 측면충돌,교차로운행방법위반,건조,맑음,교차로 - 교차로안,승용,남,18세,상해없음,승용,여,35세,경상
2022103000100087,2022년 10월 30일 07시,일요일,광주광역시 서구 동천동,경상사고,0,0,1,0,차량단독 - 기타,안전운전불이행,건조,맑음,단일로 - 기타,승용,남,69세,상해없음,,,,
2022103000100100,2022년 10월 30일 08시,일요일,광주광역시 서구 벽진동,경상사고,0,0,2,0,차대차 - 기타,안전운전불이행,건조,맑음,기타 - 기타,승용,남,46세,상해없음,승용,남,66세,경상
2022103000100101,2022년 10월 30일 08시,일요일,광주광역시 남구 백운동,경상사고,0,0,3,0,차대차 - 기타,안전운전불이행,건조,맑음,교차로 - 교차로부근,승용,남,76세,상해없음,승용,남,42세,경상
2022103000100119,2022년 10월 30일 09시,일요일,광주광역시 서구 쌍촌동,중상사고,0,1,0,0,차량단독 - 공작물충돌,안전운전불이행,건조,맑음,교차로 - 교차로안,승용,여,64세,중상,,,,
2022103000100140,2022년 10월 30일 10시,일요일,광주광역시 북구 양산동,부상신고사고,0,0,0,1,차대차 - 추돌,안전운전불이행,건조,맑음,단일로 - 기타,승용,남,75세,상해없음,이륜,남,40세,부상신고
2022103000100141,2022년 10월 30일 10시,일요일,광주광역시 광산구 신창동,경상사고,0,0,1,0,차대차 - 측면충돌,교차로운행방법위반,건조,맑음,교차로 - 교차로안,승용,남,70세,상해없음,이륜,남,38세,경상
2022103000100204,2022년 10월 30일 12시,일요일,광주광역시 광산구 신가동,경상사고,0,0,3,0,차대차 - 정면충돌,중앙선침범,건조,맑음,단일로 - 기타,승용,남,24세,상해없음,승용,여,44세,경상
2022103000100233,2022년 10월 30일 13시,일요일,광주광역시 동구 운림동,경상사고,0,0,1,0,차대차 - 기타,안전운전불이행,건조,맑음,교차로 - 교차로안,승용,남,28세,상해없음,자전거,남,37세,경상
2022103000100234,2022년 10월 30일 13시,일요일,광주광역시 북구 오치동,경상사고,0,0,4,0,차대차 - 측면충돌,안전거리미확보,건조,맑음,단일로 - 기타,승용,남,56세,상해없음,승용,남,65세,경상
2022103000100381,2022년 10월 30일 18시,일요일,광주광역시 남구 임암동,중상사고,0,1,0,0,차대차 - 측면충돌,신호위반,건조,맑음,교차로 - 교차로안,승용,남,49세,상해없음,승용,여,45세,중상
2022103000100382,2022년 10월 30일 18시,일요일,광주광역시 북구 오치동,경상사고,0,0,1,0,차대차 - 추돌,안전운전불이행,건조,맑음,교차로 - 교차로부근,승용,여,25세,상해없음,승용,남,48세,경상
2022103000100383,2022년 10월 30일 18시,일요일,광주광역시 광산구 송정동,경상사고,0,0,1,0,차대차 - 측면충돌,신호위반,건조,맑음,교차로 - 교차로안,이륜,남,25세,상해없음,승용,남,62세,경상
2022103000100403,2022년 10월 30일 19시,일요일,광주광역시 남구 월산동,경상사고,0,0,1,0,차대사람 - 기타,안전운전불이행,건조,맑음,단일로 - 기타,승용,남,64세,상해없음,보행자,남,63세,경상