사고번호,사고일시,요일,시군구,사고내용,사망자수,중상자수,경상자수,부상신고자수,사고유형,법규위반,노면상태,기상상태,도로형태,가해운전자 차종,가해운전자 성별,가해운전자 연령,가해운전자 상해정도,피해운전자 차종,피해운전자 성별,피해운전자 연령,피해운전자 상해정도
2022103000100428,2022년 10월 30일 21시,일요일,광주광역시 서구 유촌동,경상사고,0,0,2,0,차대차 - 추돌,안전운전불이행,건조,맑음,단일로 - 기타,승용,남,31세,상해없음,승용,남,61세,경상
2022103000100429,2022년 10월 30일 21시,일요일,광주광역시 광산구 신가동,경상사고,0,0,3,0,차대차 - 측면충돌,신호위반,건조,맑음,교차로 - 교차로안,이륜,남,20세,경상,승용,남,43세,경상
2022103000100445,2022년 10월 30일 23시,일요일,광주광역시 남구 봉선동,경상사고,0,0,1,1,차대차 - 기타,안전거리미확보,건조,맑음,기타 - 기타,승용,남,41세,상해없음,승용,남,33세,부상신고
2022103100100042,2022년 10월 31일 06시,월요일,광주광역시 북구 각화동,경상사고,0,0,2,0,차대차 - 기타,차로위반,건조,맑음,단일로 - 기타,승용,남,40세,경상,승용,여,31세,경상
2022103100100105,2022년 10월 31일 08시,월요일,광주광역시 서구 서창동,경상사고,0,0,2,0,차대차 - 추돌,안전거리미확보,건조,맑음,단일로 - 기타,화물,남,72세,상해없음,승용,남,42세,경상
2022103100100106,2022년 10월 31일 08시,월요일,광주광역시 북구 오치동,경상사고,0,0,1,0,차대차 - 측면충돌,교차로운행방법위반,건조,맑음,교차로 - 교차로안,승용,여,54세,기타불명,승용,남,29세,경상
2022103100100107,2022년 10월 31일 08시,월요일,광주광역시 광산구 월전동,경상사고,0,0,1,0,차대차 - 추돌,안전운전불이행,건조,맑음,단일로 - 기타,화물,남,44세,상해없음,승용,남,50세,경상
2022103100100176,2022년 10월 31일 10시,월요일,광주광역시 서구 치평동,경상사고,0,0,2,0,차대차 - 후진중충돌,안전운전불이행,건조,맑음,단일로 - 기타,승용,남,63세,상해없음,승용,여,25세,경상
2022103100100177,2022년 10월 31일 10시,월요일,광주광역시 광산구 송정동,경상사고,0,0,1,0,차대차 - 기타,중앙선침범,건조,맑음,단일로 - 기타,승용,남,57세,상해없음,이륜,남,62세,경상
2022103100100315,2022년 10월 31일 14시,월요일,광주광역시 서구 광천동,경상사고,0,0,1,0,차대차 - 측면충돌,안전운전불이행,건조,맑음,교차로 - 교차로안,승용,남,36세,상해없음,승용,여,48세,경상
2022103100100316,2022년 10월 31일 14시,월요일,광주광역시 북구 매곡동,경상사고,0,0,2,0,차대차 - 후진중충돌,안전운전불이행,건조,맑음,단일로 - 기타,화물,남,57세,상해없음,승합,여,40세,경상
2022103100100317,2022년 10월 31일 14시,월요일,광주광역시 북구 금곡동,경상사고,0,0,1,0,차대차 - 정면충돌,중앙선침범,건조,맑음,단일로 - 기타,승용,남,76세,상해없음,화물,남,41세,경상
2022103100100318,2022년 10월 31일 14시,월요일,광주광역시 광산구 산월동,중상사고,0,1,0,0,차대사람 - 횡단중,안전운전불이행,건조,맑음,단일로 - 기타,이륜,남,39세,상해없음,보행자,여,81세,중상
2022103100100361,2022년 10월 31일 15시,월요일,광주광역시 서구 마륵동,경상사고,0,0,1,0,차대차 - 추돌,안전운전불이행,건조,맑음,교차로 - 교차로부근,승용,남,26세,상해없음,승용,여,48세,경상
2022103100100362,2022년 10월 31일 15시,월요일,광주광역시 북구 용봉동,경상사고,0,0,1,0,차대차 - 기타,안전운전불이행,건조,맑음,교차로 - 교차로안,이륜,남,42세,경상,승용,여,55세,상해없음
2022103100100398,2022년 10월 31일 16시,월요일,광주광역시 광산구 우산동,중상사고,0,1,0,0,차대차 - 측면충돌,안전거리미확보,건조,맑음,교차로 - 교차로부근,승용,여,50세,기타불명,이륜,남,29세,중상
2022103100100433,2022년 10월 31일 17시,월요일,광주광역시 광산구 신창동,경상사고,0,0,2,0,차대차 - 측면충돌,교차로운행방법위반,건조,맑음,교차로 - 교차로안,이륜,남,19세,경상,이륜,남,18세,경상
2022103100100434,2022년 10월 31일 17시,월요일,광주광역시 광산구 신촌동,경상사고,0,0,2,0,차대차 - 측면충돌,안전운전불이행,건조,맑음,단일로 - 기타,승용,여,43세,기타불명,승용,남,19세,경상
2022103100100495,2022년 10월 31일 18시,월요일,광주광역시 서구 광천동,경상사고,0,0,1,0,차대차 - 측면충돌,교차로운행방법위반,건조,맑음,교차로 - 교차로안,승용,여,24세,상해없음,승용,남,23세,경상
2022103100100496,2022년 10월 31일 18시,월요일,광주광역시 남구 송하동,중상사고,0,1,2,0,차대차 - 추돌,안전운전불이행,건조,맑음,교차로 - 교차로부근,화물,남,71세,경상,승용,여,25세,경상
2022103100100497,2022년 10월 31일 18시,월요일,광주광역시 광산구 신가동,경상사고,0,0,1,0,차대사람 - 기타,기타,건조,맑음,단일로 - 기타,이륜,남,33세,기타불명,보행자,여,53세,경상
2022103100100498,2022년 10월 31일 18시,월요일,광주광역시 광산구 신촌동,경상사고,0,0,1,0,차대차 - 추돌,안전운전불이행,건조,맑음,단일로 - 기타,승용,남,71세,상해없음,승용,여,33세,상해없음
2022103100100539,2022년 10월 31일 19시,월요일,광주광역시 광산구 쌍암동,경상사고,0,0,1,0,차대차 - 추돌,안전운전불이행,건조,맑음,단일로 - 기타,승용,남,31세,상해없음,승용,남,52세,경상
2022103100100603,2022년 10월 31일 22시,월요일,광주광역시 서구 광천동,경상사고,0,0,8,0,차대차 - 기타,신호위반,건조,맑음,교차로 - 교차로부근,승용,남,41세,상해없음,승합,남,59세,경상
2022103100100604,2022년 10월 31일 22시,월요일,광주광역시 서구 쌍촌동,경상사고,0,0,1,0,차대차 - 추돌,안전거리미확보,건조,맑음,단일로 - 기타,승용,남,25세,상해없음,승용,여,22세,경상
2022103100100621,2022년 10월 31일 23시,월요일,광주광역시 서구 쌍촌동,경상사고,0,0,1,0,차대차 - 측면충돌,안전운전불이행,건조,맑음,단일로 - 기타,승용,남,47세,상해없음,승용,여,43세,경상
2022110100100010,2022년 11월 1일 00시,화요일,광주광역시 동구 학동,경상사고,0,0,3,0,차대차 - 기타,신호위반,건조,맑음,교차로 - 교차로안,이륜,남,33세,경상,승용,남,60세,경상
2022110100100052,2022년 11월 1일 06시,화요일,광주광역시 남구 주월동,경상사고,0,0,1,0,차대차 - 측면충돌,안전운전불이행,건조,맑음,교차로 - 교차로부근,승용,남,80세,상해없음,승합,남,52세,경상
2022110100100140,2022년 11월 1일 09시,화요일,광주광역시 동구 학동,경상사고,0,0,1,0,차대차 - 기타,차로위반,건조,맑음,교차로 - 교차로부근,승용,여,50세,상해없음,승합,남,61세,상해없음
2022110100100169,2022년 11월 1일 10시,화요일,광주광역시 서구 쌍촌동,경상사고,0,0,1,0,차대차 - 기타,안전운전불이행,건조,맑음,교차로 - 교차로부근,화물,남,33세,상해없음,화물,남,49세,경상
2022110100100198,2022년 11월 1일 11시,화요일,광주광역시 광산구 월곡동,사망사고,1,1,0,0,차대사람 - 기타,기타,건조,맑음,단일로 - 기타,승용,남,72세,상해없음,보행자,여,61세,사망
2022110100100268,2022년 11월 1일 13시,화요일,광주광역시 서구 치평동,경상사고,0,0,1,0,차대차 - 측면충돌,안전운전불이행,건조,맑음,교차로 - 교차로안,승용,남,48세,상해없음,승합,남,57세,경상
2022110100100269,2022년 11월 1일 13시,화요일,광주광역시 북구 신안동,경상사고,0,0,1,0,차대차 - 기타,교차로운행방법위반,건조,맑음,단일로 - 기타,승용,남,59세,상해없음,이륜,남,53세,경상
2022110100100301,2022년 11월 1일 14시,화요일,광주광역시 서구 동천동,경상사고,0,0,1,0,차대사람 - 횡단중,보행자보호의무위반,건조,맑음,단일로 - 기타,승용,남,61세,상해없음,보행자,여,27세,경상
2022110100100302,2022년 11월 1일 14시,화요일,광주광역시 광산구 도산동,중상사고,0,1,0,0,차대차 - 기타,안전운전불이행,건조,맑음,단일로 - 기타,자전거,남,12세,중상,승용,여,67세,상해없음
2022110100100388,2022년 11월 1일 16시,화요일,광주광역시 남구 주월동,경상사고,0,0,1,0,차대차 - 기타,안전거리미확보,건조,맑음,단일로 - 기타,승용,여,55세,상해없음,승용,여,49세,경상
2022110100100389,2022년 11월 1일 16시,화요일,광주광역시 광산구 우산동,경상사고,0,0,3,0,차대차 - 측면충돌,신호위반,건조,맑음,교차로 - 교차로안,승용,여,56세,상해없음,승용,여,54세,경상
2022110100100498,2022년 11월 1일 18시,화요일,광주광역시 동구 충장로3가,경상사고,0,0,1,0,차대사람 - 기타,안전운전불이행,건조,맑음,단일로 - 기타,승용,남,69세,상해없음,보행자,남,24세,경상
2022110100100499,2022년 11월 1일 18시,화요일,광주광역시 북구 장등동,경상사고,0,0,4,0,차대차 - 추돌,차로위반,건조,맑음,교차로 - 교차로부근,승용,남,28세,경상,화물,남,61세,경상
2022110100100500,2022년 11월 1일 18시,화요일,광주광역시 북구 운암동,경상사고,0,0,1,0,차대차 - 측면충돌,신호위반,건조,맑음,교차로 - 교차로안,승용,남,63세,상해없음,승용,남,59세,경상
2022110100100501,2022년 11월 1일 18시,화요일,광주광역시 북구 연제동,경상사고,0,0,1,0,차대차 - 추돌,안전운전불이행,건조,맑음,교차로 - 교차로부근,승용,남,62세,상해없음,승용,남,39세,경상
2022110200100009,2022년 11월 2일 01시,수요일,광주광역시 서구 쌍촌동,경상사고,0,0,1,0,차대차 - 추돌,중앙선침범,건조,맑음,단일로 - 기타,승용,남,31세,상해없음,승합,남,19세,경상
2022110200100010,2022년 11월 2일 01시,수요일,광주광역시 서구 화정동,경상사고,0,0,1,1,차대차 - 기타,중앙선침범,건조,맑음,단일로 - 기타,자전거,남,43세,부상신고,이륜,남,26세,경상
2022110200100130,2022년 11월 2일 08시,수요일,광주광역시 동구 광산동,경상사고,0,0,2,0,차대차 - 측면충돌,안전거리미확보,건조,맑음,교차로 - 교차로부근,승용,남,61세,상해없음,승용,여,62세,경상
2022110200100131,2022년 11월 2일 08시,수요일,광주광역시 동구 학동,경상사고,0,0,1,0,차대차 - 기타,안전운전불이행,건조,맑음,단일로 - 기타,승용,남,37세,경상,승용,여,53세,상해없음
2022110200100132,2022년 11월 2일 08시,수요일,광주광역시 서구 쌍촌동,경상사고,0,0,1,0,차대사람 - 횡단중,보행자보호의무위반,건조,맑음,교차로 - 교차로횡단보도내,승용,여,59세,상해없음,보행자,여,12세,경상
2022110200100133,2022년 11월 2일 08시,수요일,광주광역시 남구 임암동,경상사고,0,0,3,0,차대차 - 기타,교차로운행방법위반,건조,맑음,교차로 - 교차로안,승용,여,26세,경상,승용,여,33세,경상
2022110200100169,2022년 11월 2일 09시,수요일,광주광역시 광산구 우산동,경상사고,0,0,1,0,차대차 - 추돌,안전운전불이행,건조,맑음,교차로 - 교차로부근,승용,남,44세,상해없음,승용,남,27세,경상
2022110200100225,2022년 11월 2일 11시,수요일,광주광역시 서구 금호동,경상사고,0,0,2,0,차대차 - 측면충돌,직진우회전진행방해,건조,맑음,교차로 - 교차로안,승용,여,69세,경상,승용,남,45세,경상
2022110200100314,2022년 11월 2일 14시,수요일,광주광역시 북구 우산동,경상사고,0,0,1,0,차대차 - 후진중충돌,안전운전불이행,건조,맑음,단일로 - 기타,승용,남,76세,상해없음,화물,남,27세,경상
2022110200100347,2022년 11월 2일 15시,수요일,광주광역시 서구 마륵동,경상사고,0,0,1,0,차대차 - 추돌,안전운전불이행,건조,맑음,단일로 - 기타,승용,여,22세,상해없음,승용,남,45세,경상
2022110200100398,2022년 11월 2일 16시,수요일,광주광역시 남구 구동,경상사고,0,0,1,0,차대차 - 기타,신호위반,건조,맑음,교차로 - 교차로안,승용,남,70세,기타불명,이륜,남,28세,경상
2022110200100399,2022년 11월 2일 16시,수요일,광주광역시 북구 중흥동,경상사고,0,0,1,0,차대차 - 기타,불법유턴,건조,맑음,단일로 - 기타,승용,남,50세,상해없음,이륜,남,56세,경상
2022110200100492,2022년 11월 2일 18시,수요일,광주광역시 북구 오치동,경상사고,0,0,5,0,차대차 - 기타,안전운전불이행,건조,맑음,단일로 - 기타,승용,남,63세,상해없음,승용,남,64세,경상
2022110200100493,2022년 11월 2일 18시,수요일,광주광역시 북구 오치동,경상사고,0,0,1,0,차대차 - 기타,안전거리미확보,건조,맑음,단일로 - 기타,승용,남,43세,상해없음,이륜,남,46세,경상
2022110200100494,2022년 11월 2일 18시,수요일,광주광역시 북구 임동,경상사고,0,0,2,0,차대차 - 추돌,안전운전불이행,건조,맑음,단일로 - 기타,승용,여,55세,상해없음,승용,남,28세,경상
2022110200100495,2022년 11월 2일 18시,수요일,광주광역시 광산구 장덕동,경상사고,0,0,2,0,차대사람 - 횡단중,보행자보호의무위반,건조,맑음,교차로 - 교차로횡단보도내,승용,여,51세,상해없음,보행자,남,25세,경상
2022110200100496,2022년 11월 2일 18시,수요일,광주광역시 광산구 우산동,경상사고,0,0,2,0,차대차 - 측면충돌,안전거리미확보,건조,맑음,단일로 - 기타,특수,남,47세,경상,승용,여,57세,경상
2022110200100548,2022년 11월 2일 19시,수요일,광주광역시 서구 매월동,경상사고,0,0,1,0,차량단독 - 기타,안전운전불이행,건조,맑음,교차로 - 교차로부근,승용,남,61세,상해없음,,,,
2022110200100549,2022년 11월 2일 19시,수요일,광주광역시 광산구 월계동,경상사고,0,0,1,0,차대차 - 추돌,안전운전불이행,건조,맑음,교차로 - 교차로부근,승용,남,24세,상해없음,화물,남,45세,경상
2022110200100564,2022년 11월 2일 20시,수요일,광주광역시 서구 치평동,경상사고,0,0,3,0,차대차 - 측면충돌,안전운전불이행,건조,맑음,단일로 - 기타,승용,남,18세,경상,승용,남,69세,경상
2022110200100565,2022년 11월 2일 20시,수요일,광주광역시 북구 두암동,경상사고,0,0,1,0,차대차 - 기타,안전운전불이행,건조,흐림,교차로 - 교차로부근,승용,여,55세,상해없음,원동기,남,45세,경상
2022110200100589,2022년 11월 2일 21시,수요일,광주광역시 광산구 수완동,경상사고,0,0,1,0,차대차 - 기타,안전거리미확보,건조,맑음,단일로 - 기타,승용,여,53세,상해없음,승용,여,27세,경상
2022110200100609,2022년 11월 2일 22시,수요일,광주광역시 서구 동천동,경상사고,0,0,1,0,차대차 - 정면충돌,안전운전불이행,건조,맑음,단일로 - 기타,승용,남,37세,상해없음,개인형이동수단(PM),남,19세,경상
2022110200100618,2022년 11월 2일 23시,수요일,광주광역시 서구 쌍촌동,경상사고,0,0,1,0,차대차 - 추돌,안전운전불이행,건조,맑음,단일로 - 기타,승용,남,19세,상해없음,승용,남,22세,경상
2022110300100021,2022년 11월 3일 03시,목요일,광주광역시 서구 치평동,경상사고,0,0,1,0,차량단독 - 기타,안전운전불이행,건조,맑음,단일로 - 기타,원동기,남,21세,상해없음,,,,
2022110300100051,2022년 11월 3일 06시,목요일,광주광역시 서구 치평동,경상사고,0,0,1,0,차대차 - 추돌,안전운전불이행,건조,맑음,교차로 - 교차로부근,승용,남,34세,상해없음,승용,남,68세,경상
2022110300100052,2022년 11월 3일 06시,목요일,광주광역시 남구 주월동,경상사고,0,0,1,0,차대사람 - 기타,안전운전불이행,건조,맑음,교차로 - 교차로부근,승용,남,67세,상해없음,보행자,남,40세,경상
2022110300100053,2022년 11월 3일 06시,목요일,광주광역시 광산구 소촌동,경상사고,0,0,1,0,차대사람 - 기타,안전운전불이행,건조,맑음,단일로 - 기타,승용,남,60세,상해없음,보행자,남,53세,경상
2022110300100080,2022년 11월 3일 07시,목요일,광주광역시 동구 동명동,경상사고,0,0,1,0,차대차 - 기타,안전거리미확보,건조,맑음,교차로 - 교차로안,승용,남,70세,상해없음,승용,남,54세,경상
2022110300100081,2022년 11월 3일 07시,목요일,광주광역시 광산구 복룡동,경상사고,0,0,2,0,차대차 - 측면충돌,안전거리미확보,건조,맑음,교차로 - 교차로부근,승합,남,63세,경상,화물,남,25세,경상
2022110300100110,2022년 11월 3일 08시,목요일,광주광역시 서구 화정동,경상사고,0,0,3,0,차대차 - 추돌,안전거리미확보,건조,맑음,교차로 - 교차로부근,승용,여,31세,경상,승용,여,65세,경상
2022110300100111,2022년 11월 3일 08시,목요일,광주광역시 광산구 신가동,경상사고,0,0,2,0,차대차 - 측면충돌,신호위반,건조,맑음,교차로 - 교차로부근,승용,여,56세,경상,승용,여,20세,경상
2022110300100112,2022년 11월 3일 08시,목요일,광주광역시 광산구 운남동,경상사고,0,0,1,0,차대차 - 추돌,안전거리미확보,건조,맑음,교차로 - 교차로부근,승용,여,51세,상해없음,승용,여,45세,경상
2022110300100142,2022년 11월 3일 09시,목요일,광주광역시 동구 산수동,경상사고,0,0,1,0,차대차 - 기타,안전거리미확보,건조,맑음,교차로 - 교차로부근,승용,남,67세,상해없음,승용,남,27세,상해없음
2022110300100168,2022년 11월 3일 10시,목요일,광주광역시 서구 쌍촌동,경상사고,0,0,2,0,차대차 - 추돌,안전운전불이행,건조,맑음,단일로 - 기타,승용,남,63세,상해없음,승용,남,41세,경상
2022110300100207,2022년 11월 3일 11시,목요일,광주광역시 북구 동림동,경상사고,0,0,3,0,차대차 - 추돌,안전거리미확보,건조,맑음,단일로 - 기타,화물,남,28세,상해없음,승용,여,48세,경상
2022110300100208,2022년 11월 3일 11시,목요일,광주광역시 북구 양산동,경상사고,0,0,1,0,차대차 - 측면충돌,교차로운행방법위반,건조,맑음,교차로 - 교차로부근,화물,여,76세,상해없음,승용,남,40세,경상
2022110300100209,2022년 11월 3일 11시,목요일,광주광역시 북구 동림동,경상사고,0,0,1,0,차대차 - 측면충돌,신호위반,건조,맑음,단일로 - 기타,승용,남,56세,기타불명,승용,남,33세,상해없음
2022110300100210,2022년 11월 3일 11시,목요일,광주광역시 북구 중흥동,경상사고,0,0,1,0,차대차 - 기타,교차로운행방법위반,건조,맑음,교차로 - 교차로안,승용,여,48세,상해없음,승용,남,34세,경상
2022110300100302,2022년 11월 3일 14시,목요일,광주광역시 남구 임암동,경상사고,0,0,1,0,차대차 - 측면충돌,안전운전불이행,건조,맑음,단일로 - 기타,승용,남,61세,상해없음,승용,여,37세,경상
2022110300100303,2022년 11월 3일 14시,목요일,광주광역시 남구 주월동,경상사고,0,0,1,0,차대차 - 추돌,안전운전불이행,건조,맑음,단일로 - 기타,승용,여,37세,상해없음,승용,남,31세,경상
2022110300100366,2022년 11월 3일 16시,목요일,광주광역시 서구 쌍촌동,경상사고,0,0,1,0,차대차 - 측면충돌,안전운전불이행,건조,맑음,교차로 - 교차로부근,승합,남,65세,상해없음,이륜,남,34세,경상
2022110300100459,2022년 11월 3일 18시,목요일,광주광역시 남구 양과동,경상사고,0,0,1,0,차대차 - 기타,안전운전불이행,건조,맑음,단일로 - 기타,승용,남,51세,상해없음,승용,여,27세,경상
2022110300100460,2022년 11월 3일 18시,목요일,광주광역시 북구 용봉동,중상사고,0,1,2,0,차대차 - 측면충돌,중앙선침범,건조,맑음,교차로 - 교차로부근,화물,남,68세,중상,승용,남,47세,경상
2022110300100461,2022년 11월 3일 18시,목요일,광주광역시 광산구 비아동,경상사고,0,0,1,0,차대차 - 측면충돌,안전거리미확보,건조,맑음,단일로 - 기타,승용,남,69세,상해없음,승용,여,46세,경상
2022110300100500,2022년 11월 3일 19시,목요일,광주광역시 서구 유촌동,경상사고,0,0,9,1,차대차 - 측면충돌,신호위반,건조,맑음,단일로 - 교량,승용,여,42세,부상신고,화물,남,58세,경상
2022110300100523,2022년 11월 3일 20시,목요일,광주광역시 동구 서석동,경상사고,0,0,1,0,차대차 - 측면충돌,안전거리미확보,건조,맑음,단일로 - 기타,승용,남,65세,상해없음,이륜,남,24세,경상
2022110300100524,2022년 11월 3일 20시,목요일,광주광역시 광산구 신가동,경상사고,0,0,1,0,차대차 - 측면충돌,신호위반,건조,맑음,교차로 - 교차로안,자전거,남,13세,상해없음,자전거,남,12세,상해없음
2022110300100543,2022년 11월 3일 21시,목요일,광주광역시 북구 운암동,경상사고,0,0,2,0,차대차 - 정면충돌,신호위반,건조,맑음,교차로 - 교차로안,승용,여,19세,기타불명,승용,남,72세,경상
2022110400100009,2022년 11월 4일 00시,금요일,광주광역시 북구 용봉동,중상사고,0,1,0,0,차대차 - 측면충돌,신호위반,건조,맑음,교차로 - 교차로안,자전거,여,20세,중상,승용,남,66세,상해없음
2022110400100023,2022년 11월 4일 02시,금요일,광주광역시 서구 치평동,경상사고,0,0,2,0,차대차 - 추돌,안전운전불이행,건조,맑음,단일로 - 기타,승용,여,41세,상해없음,승용,남,57세,경상
2022110400100072,2022년 11월 4일 07시,금요일,광주광역시 남구 진월동,경상사고,0,0,1,0,차대차 - 기타,안전거리미확보,건조,맑음,단일로 - 기타,승용,남,31세,상해없음,승용,남,30세,경상
2022110400100125,2022년 11월 4일 08시,금요일,광주광역시 서구 금호동,경상사고,0,0,1,0,차대사람 - 차도통행중,안전운전불이행,건조,맑음,기타 - 기타,개인형이동수단(PM),남,23세,상해없음,보행자,여,63세,경상
2022110400100126,2022년 11월 4일 08시,금요일,광주광역시 서구 쌍촌동,경상사고,0,0,1,0,차대차 - 기타,안전운전불이행,건조,맑음,교차로 - 교차로부근,승용,남,26세,상해없음,승용,남,48세,경상
2022110400100175,2022년 11월 4일 09시,금요일,광주광역시 서구 화정동,경상사고,0,0,1,0,차대차 - 기타,안전운전불이행,건조,맑음,미분류 - 미분류,승용,여,37세,상해없음,이륜,남,40세,경상
2022110400100259,2022년 11월 4일 11시,금요일,광주광역시 남구 백운동,경상사고,0,0,1,0,차대사람 - 기타,안전운전불이행,건조,맑음,단일로 - 기타,승용,남,48세,상해없음,보행자,남,25세,경상
2022110400100260,2022년 11월 4일 11시,금요일,광주광역시 광산구 월곡동,중상사고,0,1,0,0,차대차 - 기타,신호위반,건조,맑음,교차로 - 교차로안,화물,남,73세,상해없음,이륜,남,24세,중상
2022110400100289,2022년 11월 4일 12시,금요일,광주광역시 북구 오치동,중상사고,0,1,0,0,차대사람 - 기타,안전운전불이행,건조,맑음,단일로 - 기타,승용,남,69세,상해없음,보행자,여,74세,중상
2022110400100374,2022년 11월 4일 14시,금요일,광주광역시 북구 풍향동,경상사고,0,0,1,0,차대차 - 측면충돌,중앙선침범,건조,맑음,단일로 - 기타,승용,여,63세,상해없음,이륜,남,38세,경상
2022110400100424,2022년 11월 4일 15시,금요일,광주광역시 북구 풍향동,경상사고,0,0,1,0,차대사람 - 기타,안전운전불이행,건조,맑음,단일로 - 기타,승용,남,43세,상해없음,보행자,여,78세,경상
2022110400100467,2022년 11월 4일 16시,금요일,광주광역시 남구 송하동,중상사고,0,1,0,0,차대차 - 측면충돌,신호위반,건조,맑음,교차로 - 교차로부근,승용,남,61세,상해없음,승합,남,36세,상해없음
2022110400100468,2022년 11월 4일 16시,금요일,광주광역시 북구 풍향동,중상사고,0,1,0,0,차대차 - 측면충돌,신호위반,건조,맑음,교차로 - 교차로안,화물,남,61세,상해없음,이륜,남,70세,중상
2022110400100469,2022년 11월 4일 16시,금요일,광주광역시 광산구 쌍암동,경상사고,0,0,1,0,차대사람 - 보도통행중,안전운전불이행,건조,맑음,기타 - 기타,자전거,남,12세,경상,보행자,기타불명,미분류,기타불명
2022110400100470,2022년 11월 4일 16시,금요일,광주광역시 광산구 월곡동,경상사고,0,0,1,0,차대차 - 측면충돌,안전운전불이행,건조,맑음,단일로 - 기타,승용,여,55세,상해없음,개인형이동수단(PM),여,21세,경상
2022110400100471,2022년 11월 4일 16시,금요일,광주광역시 광산구 우산동,경상사고,0,0,3,0,차대차 - 측면충돌,교차로운행방법위반,건조,맑음,교차로 - 교차로안,승용,남,57세,상해없음,승용,여,34세,경상
2022110400100523,2022년 11월 4일 17시,금요일,광주광역시 동구 계림동,경상사고,0,0,1,0,차대사람 - 기타,기타,건조,맑음,기타 - 기타,자전거,남,74세,상해없음,보행자,남,83세,경상
2022110400100524,2022년 11월 4일 17시,금요일,광주광역시 북구 두암동,부상신고사고,0,0,0,2,차대차 - 추돌,안전거리미확보,기타,기타,단일로 - 기타,승용,남,53세,상해없음,승용,남,28세,부상신고
2022110400100525,2022년 11월 4일 17시,금요일,광주광역시 광산구 장덕동,경상사고,0,0,1,0,차대차 - 측면충돌,안전거리미확보,건조,맑음,교차로 - 교차로부근,승용,남,42세,상해없음,승용,남,73세,경상
2022110400100610,2022년 11월 4일 18시,금요일,광주광역시 동구 학동,경상사고,0,0,1,0,차량단독 - 공작물충돌,안전운전불이행,건조,맑음,기타 - 기타,승용,남,70세,경상,,,,
2022110400100656,2022년 11월 4일 19시,금요일,광주광역시 남구 송하동,경상사고,0,0,1,0,차대차 - 측면충돌,안전운전불이행,건조,맑음,단일로 - 기타,승용,여,44세,상해없음,승용,남,50세,경상
2022110400100657,2022년 11월 4일 19시,금요일,광주광역시 광산구 송정동,경상사고,0,0,1,2,차대차 - 추돌,안전운전불이행,건조,맑음,단일로 - 기타,승용,남,22세,상해없음,승용,남,71세,부상신고
2022110400100758,2022년 11월 4일 23시,금요일,광주광역시 동구 장동,경상사고,0,0,1,0,차대차 - 기타,안전거리미확보,건조,맑음,단일로 - 기타,승용,남,21세,상해없음,승용,남,55세,상해없음
2022110500100014,2022년 11월 5일 00시,토요일,광주광역시 광산구 송정동,부상신고사고,0,0,0,1,차대사람 - 기타,안전운전불이행,건조,맑음,단일로 - 기타,화물,남,48세,상해없음,보행자,남,44세,부상신고
2022110500100066,2022년 11월 5일 07시,토요일,광주광역시 광산구 안청동,경상사고,0,0,1,0,차대차 - 측면충돌,차로위반,건조,맑음,단일로 - 기타,화물,남,59세,상해없음,화물,남,63세,경상
2022110500100121,2022년 11월 5일 09시,토요일,광주광역시 서구 양동,부상신고사고,0,0,0,1,차대사람 - 차도통행중,보행자보호의무위반,건조,맑음,단일로 - 기타,화물,남,62세,상해없음,보행자,남,61세,부상신고
2022110500100198,2022년 11월 5일 11시,토요일,광주광역시 북구 중흥동,중상사고,0,1,0,0,차대사람 - 횡단중,보행자보호의무위반,건조,맑음,교차로 - 교차로부근,승용,남,30세,상해없음,보행자,남,91세,중상
2022110500100199,2022년 11월 5일 11시,토요일,광주광역시 북구 북동,경상사고,0,0,1,0,차대차 - 측면충돌,안전운전불이행,건조,맑음,단일로 - 기타,승용,남,49세,상해없음,이륜,남,42세,경상
2022110500100200,2022년 11월 5일 11시,토요일,광주광역시 북구 운암동,경상사고,0,0,2,0,차대차 - 측면충돌,교차로운행방법위반,건조,맑음,교차로 - 교차로부근,승용,남,65세,경상,승용,남,29세,경상
2022110500100235,2022년 11월 5일 12시,토요일,광주광역시 서구 치평동,중상사고,0,1,0,0,차대차 - 기타,안전운전불이행,건조,맑음,단일로 - 기타,승용,남,53세,상해없음,이륜,남,60세,중상
2022110500100289,2022년 11월 5일 13시,토요일,광주광역시 북구 오룡동,경상사고,0,0,6,0,차대차 - 추돌,안전운전불이행,건조,맑음,단일로 - 기타,승용,남,50세,상해없음,승용,남,36세,경상
2022110500100342,2022년 11월 5일 14시,토요일,광주광역시 북구 운암동,경상사고,0,0,1,0,차대차 - 기타,안전운전불이행,건조,맑음,단일로 - 기타,승용,남,34세,상해없음,승용,남,39세,경상
2022110500100385,2022년 11월 5일 15시,토요일,광주광역시 남구 송하동,경상사고,0,0,1,0,차대차 - 기타,안전운전불이행,건조,맑음,교차로 - 교차로안,승용,남,64세,상해없음,승용,여,31세,경상