사고번호,사고일시,요일,시군구,사고내용,사망자수,중상자수,경상자수,부상신고자수,사고유형,법규위반,노면상태,기상상태,도로형태,가해운전자 차종,가해운전자 성별,가해운전자 연령,가해운전자 상해정도,피해운전자 차종,피해운전자 성별,피해운전자 연령,피해운전자 상해정도
2022111600100503,2022년 11월 16일 17시,수요일,광주광역시 남구 주월동,경상사고,0,0,1,0,차대차 - 측면충돌,안전거리미확보,건조,맑음,단일로 - 기타,건설기계,남,53세,상해없음,승용,여,50세,경상
2022111600100504,2022년 11월 16일 17시,수요일,광주광역시 북구 문흥동,경상사고,0,0,2,0,차대사람 - 횡단중,신호위반,건조,맑음,교차로 - 교차로횡단보도내,화물,남,51세,기타불명,보행자,남,9세,경상
2022111600100505,2022년 11월 16일 17시,수요일,광주광역시 북구 신용동,경상사고,0,0,1,0,차대차 - 추돌,안전운전불이행,건조,맑음,교차로 - 교차로부근,승용,남,69세,상해없음,승용,남,43세,경상
2022111600100581,2022년 11월 16일 18시,수요일,광주광역시 광산구 선암동,경상사고,0,0,2,0,차대차 - 기타,안전운전불이행,건조,맑음,교차로 - 교차로부근,승용,여,29세,상해없음,승용,여,22세,경상
2022111600100646,2022년 11월 16일 20시,수요일,광주광역시 북구 양산동,경상사고,0,0,1,0,차대차 - 추돌,교차로운행방법위반,건조,맑음,교차로 - 교차로안,이륜,여,57세,경상,승용,여,42세,상해없음
2022111700100035,2022년 11월 17일 04시,목요일,광주광역시 서구 쌍촌동,경상사고,0,0,1,0,차대차 - 기타,안전운전불이행,건조,맑음,기타 - 기타,승용,남,29세,경상,승용,남,38세,상해없음
2022111700100077,2022년 11월 17일 07시,목요일,광주광역시 광산구 신창동,경상사고,0,0,1,0,차대차 - 기타,안전운전불이행,건조,맑음,단일로 - 기타,승용,여,54세,상해없음,승용,남,27세,경상
2022111700100141,2022년 11월 17일 09시,목요일,광주광역시 동구 산수동,경상사고,0,0,2,0,차대차 - 측면충돌,중앙선침범,건조,맑음,단일로 - 기타,화물,남,68세,상해없음,승용,여,58세,경상
2022111700100209,2022년 11월 17일 11시,목요일,광주광역시 북구 두암동,경상사고,0,0,1,0,차대차 - 측면충돌,교차로운행방법위반,건조,맑음,교차로 - 교차로안,화물,남,62세,상해없음,승용,여,59세,경상
2022111700100238,2022년 11월 17일 12시,목요일,광주광역시 서구 농성동,경상사고,0,0,1,0,차대차 - 기타,안전운전불이행,건조,맑음,단일로 - 기타,승용,남,62세,상해없음,승용,여,30세,경상
2022111700100239,2022년 11월 17일 12시,목요일,광주광역시 서구 금호동,경상사고,0,0,1,0,차대차 - 측면충돌,교차로운행방법위반,건조,맑음,교차로 - 교차로안,이륜,남,17세,상해없음,승용,여,52세,경상
2022111700100241,2022년 11월 17일 12시,목요일,광주광역시 남구 주월동,경상사고,0,0,2,0,차대차 - 기타,안전운전불이행,건조,맑음,교차로 - 교차로부근,승용,여,35세,상해없음,승합,남,51세,상해없음
2022111700100242,2022년 11월 17일 12시,목요일,광주광역시 광산구 신창동,경상사고,0,0,1,0,차대차 - 추돌,안전운전불이행,건조,맑음,단일로 - 기타,이륜,남,44세,경상,승합,남,56세,기타불명
2022111700100271,2022년 11월 17일 13시,목요일,광주광역시 북구 운암동,경상사고,0,0,1,0,차대차 - 정면충돌,중앙선침범,건조,맑음,단일로 - 기타,승용,남,58세,경상,승용,남,19세,기타불명
2022111700100273,2022년 11월 17일 13시,목요일,광주광역시 광산구 신창동,경상사고,0,0,2,0,차대차 - 측면충돌,안전거리미확보,건조,맑음,단일로 - 기타,화물,남,34세,경상,승용,여,48세,경상
2022111700100309,2022년 11월 17일 14시,목요일,광주광역시 광산구 신창동,경상사고,0,0,1,0,차대차 - 추돌,안전거리미확보,건조,맑음,단일로 - 기타,승합,남,66세,상해없음,승용,여,65세,경상
2022111700100337,2022년 11월 17일 15시,목요일,광주광역시 북구 용봉동,경상사고,0,0,1,0,차대차 - 측면충돌,신호위반,건조,맑음,교차로 - 교차로안,승용,남,72세,상해없음,승용,남,77세,경상
2022111700100426,2022년 11월 17일 17시,목요일,광주광역시 북구 두암동,경상사고,0,0,1,0,차대차 - 정면충돌,안전운전불이행,건조,맑음,단일로 - 기타,승용,남,72세,상해없음,승용,남,31세,기타불명
2022111700100485,2022년 11월 17일 18시,목요일,광주광역시 서구 금호동,경상사고,0,0,1,0,차대차 - 기타,안전운전불이행,건조,맑음,단일로 - 기타,이륜,남,23세,상해없음,승용,여,35세,경상
2022111700100486,2022년 11월 17일 18시,목요일,광주광역시 서구 광천동,경상사고,0,0,2,0,차대차 - 기타,안전운전불이행,건조,맑음,단일로 - 기타,화물,남,40세,상해없음,승용,여,53세,경상
2022111700100539,2022년 11월 17일 19시,목요일,광주광역시 광산구 쌍암동,부상신고사고,0,0,0,2,차대차 - 측면충돌,교차로운행방법위반,건조,맑음,교차로 - 교차로안,승용,남,22세,상해없음,승용,여,30세,부상신고
2022111700100568,2022년 11월 17일 20시,목요일,광주광역시 북구 양산동,경상사고,0,0,1,0,차대차 - 측면충돌,안전운전불이행,건조,맑음,교차로 - 교차로안,승용,남,61세,상해없음,이륜,남,42세,경상
2022111700100584,2022년 11월 17일 21시,목요일,광주광역시 광산구 신창동,중상사고,0,1,0,0,차대차 - 기타,안전운전불이행,건조,맑음,교차로 - 교차로안,승용,여,62세,상해없음,승용,남,59세,상해없음
2022111700100628,2022년 11월 17일 23시,목요일,광주광역시 광산구 월계동,경상사고,0,0,1,0,차대차 - 측면충돌,안전거리미확보,건조,맑음,교차로 - 교차로부근,승용,여,49세,경상,화물,남,43세,상해없음
2022111800100024,2022년 11월 18일 02시,금요일,광주광역시 광산구 월계동,사망사고,1,0,0,0,차대사람 - 기타,안전운전불이행,건조,맑음,단일로 - 기타,승용,남,43세,상해없음,보행자,여,39세,사망
2022111800100144,2022년 11월 18일 09시,금요일,광주광역시 서구 치평동,중상사고,0,1,0,0,차대사람 - 보도통행중,기타,건조,맑음,기타 - 기타,원동기,여,59세,상해없음,보행자,여,75세,중상
2022111800100174,2022년 11월 18일 10시,금요일,광주광역시 서구 쌍촌동,경상사고,0,0,1,0,차대차 - 측면충돌,신호위반,건조,맑음,교차로 - 교차로부근,승합,여,34세,상해없음,자전거,여,29세,경상
2022111800100175,2022년 11월 18일 10시,금요일,광주광역시 남구 봉선동,경상사고,0,0,1,0,차대사람 - 기타,안전운전불이행,건조,맑음,단일로 - 기타,승용,남,15세,상해없음,보행자,여,78세,경상
2022111800100176,2022년 11월 18일 10시,금요일,광주광역시 광산구 운수동,경상사고,0,0,1,0,차대차 - 기타,안전거리미확보,건조,맑음,단일로 - 기타,승용,여,50세,상해없음,승용,여,56세,경상
2022111800100207,2022년 11월 18일 11시,금요일,광주광역시 동구 계림동,경상사고,0,0,1,0,차대차 - 기타,안전거리미확보,건조,맑음,교차로 - 교차로부근,승용,여,31세,상해없음,이륜,남,30세,경상
2022111800100208,2022년 11월 18일 11시,금요일,광주광역시 서구 농성동,경상사고,0,0,1,0,차대차 - 측면충돌,안전운전불이행,건조,맑음,교차로 - 교차로안,승용,남,66세,상해없음,승용,남,29세,경상
2022111800100209,2022년 11월 18일 11시,금요일,광주광역시 북구 동림동,경상사고,0,0,2,0,차대차 - 기타,안전운전불이행,건조,맑음,교차로 - 교차로부근,승용,남,66세,상해없음,이륜,남,59세,경상
2022111800100267,2022년 11월 18일 13시,금요일,광주광역시 북구 망월동,경상사고,0,0,2,0,차대차 - 기타,안전운전불이행,건조,맑음,기타 - 기타,화물,남,54세,기타불명,승용,여,25세,경상
2022111800100317,2022년 11월 18일 14시,금요일,광주광역시 광산구 장덕동,경상사고,0,0,2,0,차대차 - 측면충돌,직진우회전진행방해,건조,맑음,교차로 - 교차로안,승용,여,26세,경상,화물,남,34세,경상
2022111800100318,2022년 11월 18일 14시,금요일,광주광역시 광산구 우산동,경상사고,0,0,4,0,차대차 - 측면충돌,안전운전불이행,건조,맑음,단일로 - 기타,승용,여,52세,경상,승용,여,38세,경상
2022111800100357,2022년 11월 18일 15시,금요일,광주광역시 동구 산수동,중상사고,0,1,0,0,차대사람 - 기타,안전운전불이행,건조,맑음,교차로 - 교차로안,승용,남,80세,상해없음,보행자,남,81세,중상
2022111800100358,2022년 11월 18일 15시,금요일,광주광역시 북구 용봉동,경상사고,0,0,1,0,차대차 - 측면충돌,안전운전불이행,건조,맑음,단일로 - 기타,이륜,남,35세,기타불명,승용,남,73세,경상
2022111800100399,2022년 11월 18일 16시,금요일,광주광역시 광산구 소촌동,경상사고,0,0,2,0,차대차 - 추돌,안전운전불이행,건조,맑음,교차로 - 교차로안,승합,남,65세,상해없음,승용,남,43세,경상
2022111800100462,2022년 11월 18일 17시,금요일,광주광역시 서구 매월동,경상사고,0,0,1,0,차대차 - 측면충돌,신호위반,건조,맑음,교차로 - 교차로안,승용,여,46세,상해없음,이륜,남,28세,경상
2022111800100463,2022년 11월 18일 17시,금요일,광주광역시 북구 용전동,경상사고,0,0,1,0,차대차 - 측면충돌,안전운전불이행,건조,맑음,단일로 - 기타,승용,여,58세,상해없음,승용,남,44세,경상
2022111800100464,2022년 11월 18일 17시,금요일,광주광역시 광산구 하남동,경상사고,0,0,1,0,차대차 - 기타,안전운전불이행,건조,맑음,단일로 - 기타,승합,남,67세,상해없음,승용,여,29세,경상
2022111800100465,2022년 11월 18일 17시,금요일,광주광역시 광산구 도천동,경상사고,0,0,1,0,차대차 - 추돌,안전운전불이행,건조,맑음,단일로 - 기타,승용,남,59세,상해없음,승용,여,52세,경상
2022111800100541,2022년 11월 18일 18시,금요일,광주광역시 광산구 하남동,경상사고,0,0,1,0,차대차 - 측면충돌,안전운전불이행,건조,맑음,교차로 - 교차로부근,승용,남,19세,상해없음,승용,여,65세,경상
2022111800100542,2022년 11월 18일 18시,금요일,광주광역시 광산구 우산동,경상사고,0,0,1,0,차대차 - 측면충돌,안전거리미확보,건조,맑음,단일로 - 기타,승용,여,57세,상해없음,승용,남,36세,경상
2022111800100543,2022년 11월 18일 18시,금요일,광주광역시 광산구 도천동,경상사고,0,0,2,0,차대차 - 측면충돌,교차로운행방법위반,건조,맑음,교차로 - 교차로안,승용,남,74세,경상,승용,남,35세,경상
2022111800100609,2022년 11월 18일 19시,금요일,광주광역시 서구 쌍촌동,경상사고,0,0,1,0,차량단독 - 기타,안전운전불이행,건조,맑음,기타 - 기타,승용,남,63세,상해없음,,,,
2022111800100658,2022년 11월 18일 21시,금요일,광주광역시 북구 중흥동,경상사고,0,0,1,0,차대차 - 추돌,안전운전불이행,건조,맑음,단일로 - 기타,승용,남,48세,상해없음,승용,남,31세,경상
2022111800100673,2022년 11월 18일 22시,금요일,광주광역시 서구 벽진동,경상사고,0,0,1,1,차대차 - 정면충돌,안전운전불이행,건조,맑음,교차로 - 교차로안,승용,여,39세,부상신고,승용,여,49세,경상
2022111900100045,2022년 11월 19일 03시,토요일,광주광역시 남구 주월동,경상사고,0,0,2,0,차대차 - 측면충돌,교차로운행방법위반,건조,맑음,교차로 - 교차로부근,승용,여,59세,상해없음,승용,남,30세,경상
2022111900100053,2022년 11월 19일 04시,토요일,광주광역시 북구 매곡동,경상사고,0,0,1,0,차대사람 - 기타,안전운전불이행,건조,맑음,교차로 - 교차로부근,승용,남,40세,상해없음,보행자,남,30세,경상
2022111900100082,2022년 11월 19일 07시,토요일,광주광역시 남구 송하동,경상사고,0,0,4,0,차대차 - 측면충돌,신호위반,건조,맑음,교차로 - 교차로안,화물,남,68세,상해없음,화물,남,75세,경상
2022111900100122,2022년 11월 19일 09시,토요일,광주광역시 광산구 소촌동,경상사고,0,0,3,0,차대차 - 기타,중앙선침범,건조,맑음,단일로 - 기타,이륜,남,16세,경상,승용,남,47세,경상
2022111900100151,2022년 11월 19일 10시,토요일,광주광역시 서구 양동,경상사고,0,0,1,0,차대차 - 기타,안전운전불이행,건조,맑음,교차로 - 교차로안,승용,여,33세,상해없음,자전거,남,72세,경상
2022111900100152,2022년 11월 19일 10시,토요일,광주광역시 광산구 우산동,경상사고,0,0,1,0,차대차 - 추돌,안전거리미확보,건조,맑음,단일로 - 기타,승용,여,28세,상해없음,승합,남,62세,경상
2022111900100187,2022년 11월 19일 11시,토요일,광주광역시 북구 중흥동,경상사고,0,0,1,0,차대차 - 기타,안전운전불이행,건조,맑음,기타 - 기타,이륜,남,48세,상해없음,자전거,남,78세,경상
2022111900100224,2022년 11월 19일 12시,토요일,광주광역시 북구 삼각동,부상신고사고,0,0,0,2,차대차 - 추돌,안전거리미확보,건조,맑음,기타 - 기타,승합,남,52세,부상신고,승용,여,49세,기타불명
2022111900100255,2022년 11월 19일 13시,토요일,광주광역시 서구 매월동,경상사고,0,0,3,0,차대차 - 추돌,안전거리미확보,건조,맑음,단일로 - 기타,승용,남,49세,상해없음,승용,여,26세,경상
2022111900100256,2022년 11월 19일 13시,토요일,광주광역시 북구 두암동,경상사고,0,0,1,0,차대사람 - 횡단중,보행자보호의무위반,건조,맑음,교차로 - 교차로횡단보도내,이륜,남,44세,상해없음,보행자,여,54세,경상
2022111900100294,2022년 11월 19일 14시,토요일,광주광역시 북구 운암동,중상사고,0,1,0,0,차대차 - 기타,안전운전불이행,건조,맑음,단일로 - 기타,승용,여,39세,상해없음,자전거,남,76세,중상
2022111900100295,2022년 11월 19일 14시,토요일,광주광역시 광산구 운수동,경상사고,0,0,1,0,차대차 - 측면충돌,교차로운행방법위반,건조,맑음,교차로 - 교차로안,승용,여,59세,상해없음,승용,남,29세,경상
2022111900100361,2022년 11월 19일 16시,토요일,광주광역시 북구 신안동,부상신고사고,0,0,0,1,차대차 - 추돌,안전운전불이행,건조,맑음,단일로 - 기타,승용,여,61세,상해없음,승용,남,21세,부상신고
2022111900100362,2022년 11월 19일 16시,토요일,광주광역시 광산구 월곡동,경상사고,0,0,1,1,차대차 - 측면충돌,직진우회전진행방해,건조,맑음,교차로 - 교차로안,승합,남,42세,경상,이륜,남,26세,부상신고
2022111900100415,2022년 11월 19일 17시,토요일,광주광역시 동구 용산동,경상사고,0,0,1,0,차대차 - 측면충돌,안전운전불이행,기타,맑음,교차로 - 교차로부근,화물,남,63세,상해없음,승용,남,27세,경상
2022111900100416,2022년 11월 19일 17시,토요일,광주광역시 서구 매월동,경상사고,0,0,3,0,차대차 - 기타,교차로운행방법위반,건조,맑음,교차로 - 교차로안,승용,남,35세,상해없음,승용,여,36세,경상
2022111900100506,2022년 11월 19일 19시,토요일,광주광역시 서구 금호동,경상사고,0,0,1,0,차대차 - 측면충돌,안전거리미확보,건조,맑음,교차로 - 교차로부근,승용,여,52세,상해없음,승용,남,30세,경상
2022111900100508,2022년 11월 19일 19시,토요일,광주광역시 광산구 소촌동,경상사고,0,0,1,0,차대차 - 측면충돌,안전거리미확보,건조,맑음,교차로 - 교차로부근,승용,여,64세,상해없음,승용,남,40세,경상
2022111900100533,2022년 11월 19일 20시,토요일,광주광역시 광산구 송정동,경상사고,0,0,2,0,차대차 - 측면충돌,안전운전불이행,건조,맑음,교차로 - 교차로부근,승용,남,61세,상해없음,승용,남,29세,경상
2022111900100553,2022년 11월 19일 21시,토요일,광주광역시 동구 불로동,중상사고,0,1,0,0,차대사람 - 기타,안전운전불이행,건조,맑음,교차로 - 교차로부근,승용,남,61세,상해없음,보행자,남,58세,중상
2022111900100554,2022년 11월 19일 21시,토요일,광주광역시 남구 주월동,경상사고,0,0,1,0,차대차 - 측면충돌,교차로운행방법위반,건조,맑음,교차로 - 교차로안,승용,남,62세,상해없음,승용,남,40세,경상
2022111900100555,2022년 11월 19일 21시,토요일,광주광역시 북구 임동,경상사고,0,0,1,0,차대차 - 기타,차로위반,건조,맑음,교차로 - 교차로부근,승용,남,71세,상해없음,승용,남,27세,경상
2022111900100580,2022년 11월 19일 22시,토요일,광주광역시 북구 운암동,경상사고,0,0,1,0,차량단독 - 기타,안전운전불이행,건조,맑음,단일로 - 기타,승용,남,42세,상해없음,,,,
2022112000100023,2022년 11월 20일 01시,일요일,광주광역시 북구 중흥동,경상사고,0,0,3,0,차대차 - 기타,신호위반,건조,맑음,교차로 - 교차로안,승용,남,38세,상해없음,승용,남,61세,경상
2022112000100049,2022년 11월 20일 05시,일요일,광주광역시 동구 학동,경상사고,0,0,1,0,차대차 - 기타,안전운전불이행,건조,맑음,교차로 - 교차로부근,승합,남,54세,상해없음,승용,남,74세,경상
2022112000100053,2022년 11월 20일 06시,일요일,광주광역시 서구 화정동,경상사고,0,0,1,0,차대사람 - 차도통행중,안전운전불이행,건조,맑음,교차로 - 교차로횡단보도내,승용,여,68세,상해없음,보행자,남,66세,경상
2022112000100063,2022년 11월 20일 08시,일요일,광주광역시 북구 대촌동,경상사고,0,0,1,0,차대차 - 추돌,안전운전불이행,젖음/습기,흐림,교차로 - 교차로부근,화물,남,46세,상해없음,승용,여,73세,경상
2022112000100081,2022년 11월 20일 09시,일요일,광주광역시 북구 각화동,경상사고,0,0,2,0,차대차 - 측면충돌,신호위반,건조,맑음,교차로 - 교차로안,승용,여,45세,상해없음,승용,남,63세,경상
2022112000100155,2022년 11월 20일 12시,일요일,광주광역시 서구 치평동,경상사고,0,0,1,0,차대차 - 기타,안전운전불이행,건조,맑음,단일로 - 기타,승용,남,61세,상해없음,승용,남,74세,경상
2022112000100156,2022년 11월 20일 12시,일요일,광주광역시 북구 두암동,중상사고,0,1,0,0,차대차 - 기타,기타,건조,맑음,단일로 - 기타,승합,남,64세,상해없음,화물,남,77세,상해없음
2022112000100188,2022년 11월 20일 13시,일요일,광주광역시 북구 운암동,경상사고,0,0,1,0,차대차 - 후진중충돌,안전운전불이행,건조,맑음,교차로 - 교차로부근,화물,남,53세,상해없음,승용,남,33세,경상
2022112000100271,2022년 11월 20일 16시,일요일,광주광역시 북구 두암동,중상사고,0,1,1,0,차대차 - 추돌,안전운전불이행,건조,맑음,단일로 - 기타,승용,여,28세,상해없음,승용,남,47세,경상
2022112000100307,2022년 11월 20일 17시,일요일,광주광역시 북구 두암동,경상사고,0,0,1,0,차대차 - 측면충돌,교차로운행방법위반,건조,맑음,교차로 - 교차로안,승용,남,27세,상해없음,이륜,남,23세,경상
2022112000100351,2022년 11월 20일 18시,일요일,광주광역시 광산구 신가동,중상사고,0,1,1,0,차대차 - 측면충돌,교차로운행방법위반,건조,맑음,단일로 - 기타,이륜,여,26세,경상,이륜,남,34세,중상
2022112000100380,2022년 11월 20일 19시,일요일,광주광역시 광산구 우산동,경상사고,0,0,2,0,차대차 - 기타,차로위반,건조,흐림,단일로 - 기타,승용,남,46세,상해없음,승용,남,39세,경상
2022112000100381,2022년 11월 20일 19시,일요일,광주광역시 광산구 신촌동,중상사고,0,1,0,0,차대사람 - 차도통행중,안전운전불이행,젖음/습기,흐림,단일로 - 기타,승용,남,55세,상해없음,보행자,남,73세,중상
2022112000100382,2022년 11월 20일 19시,일요일,광주광역시 광산구 쌍암동,경상사고,0,0,1,0,차대차 - 측면충돌,교차로운행방법위반,건조,맑음,교차로 - 교차로안,이륜,남,41세,상해없음,이륜,남,33세,경상
2022112000100448,2022년 11월 20일 23시,일요일,광주광역시 서구 광천동,경상사고,0,0,1,0,차대차 - 추돌,안전운전불이행,건조,맑음,단일로 - 기타,승용,여,61세,상해없음,승용,남,36세,경상
2022112000100449,2022년 11월 20일 23시,일요일,광주광역시 북구 동림동,경상사고,0,0,1,0,차대차 - 측면충돌,안전운전불이행,건조,맑음,교차로 - 교차로부근,승용,여,27세,기타불명,승용,남,30세,경상
2022112000100450,2022년 11월 20일 23시,일요일,광주광역시 북구 오치동,경상사고,0,0,1,0,차대차 - 측면충돌,신호위반,건조,맑음,교차로 - 교차로안,승용,남,61세,상해없음,승용,여,27세,경상
2022112100100012,2022년 11월 21일 01시,월요일,광주광역시 북구 일곡동,경상사고,0,0,2,0,차대차 - 기타,안전운전불이행,건조,맑음,교차로 - 교차로부근,승용,남,54세,상해없음,이륜,남,17세,경상
2022112100100114,2022년 11월 21일 08시,월요일,광주광역시 서구 금호동,경상사고,0,0,1,0,차대차 - 측면충돌,안전거리미확보,건조,맑음,단일로 - 기타,승용,남,24세,상해없음,승용,남,27세,경상
2022112100100115,2022년 11월 21일 08시,월요일,광주광역시 남구 봉선동,경상사고,0,0,1,0,차대차 - 추돌,안전운전불이행,건조,맑음,교차로 - 교차로부근,승용,여,60세,상해없음,승용,남,32세,경상
2022112100100116,2022년 11월 21일 08시,월요일,광주광역시 북구 운암동,경상사고,0,0,2,0,차대차 - 추돌,안전운전불이행,건조,맑음,교차로 - 교차로부근,승용,남,55세,상해없음,승용,남,32세,경상
2022112100100213,2022년 11월 21일 11시,월요일,광주광역시 서구 치평동,중상사고,0,1,0,0,차대사람 - 기타,안전운전불이행,건조,맑음,교차로 - 교차로안,승용,남,64세,상해없음,보행자,남,80세,중상
2022112100100214,2022년 11월 21일 11시,월요일,광주광역시 북구 우산동,경상사고,0,0,1,0,차대차 - 측면충돌,신호위반,건조,맑음,교차로 - 교차로안,승용,남,41세,상해없음,승용,남,69세,경상
2022112100100265,2022년 11월 21일 13시,월요일,광주광역시 서구 동천동,경상사고,0,0,1,0,차대차 - 측면충돌,안전운전불이행,건조,맑음,교차로 - 교차로안,이륜,남,54세,경상,승용,남,38세,상해없음
2022112100100413,2022년 11월 21일 17시,월요일,광주광역시 북구 오치동,경상사고,0,0,1,0,차대차 - 기타,차로위반,건조,맑음,교차로 - 교차로부근,승용,여,81세,상해없음,승용,여,67세,상해없음
2022112100100414,2022년 11월 21일 17시,월요일,광주광역시 북구 우산동,경상사고,0,0,1,0,차대사람 - 기타,안전운전불이행,건조,맑음,단일로 - 기타,승용,여,49세,상해없음,보행자,남,59세,경상
2022112100100416,2022년 11월 21일 17시,월요일,광주광역시 광산구 선동,경상사고,0,0,2,0,차대차 - 기타,중앙선침범,건조,맑음,단일로 - 기타,화물,남,49세,상해없음,화물,남,37세,경상
2022112100100516,2022년 11월 21일 19시,월요일,광주광역시 남구 주월동,경상사고,0,0,1,0,차대차 - 측면충돌,교차로운행방법위반,건조,맑음,교차로 - 교차로안,승용,여,32세,상해없음,이륜,남,22세,경상
2022112100100535,2022년 11월 21일 20시,월요일,광주광역시 동구 동명동,경상사고,0,0,1,0,차대사람 - 길가장자리구역통행중,안전운전불이행,건조,맑음,단일로 - 기타,승용,남,31세,상해없음,보행자,여,31세,경상
2022112100100568,2022년 11월 21일 22시,월요일,광주광역시 서구 동천동,중상사고,0,1,1,0,차대차 - 추돌,안전운전불이행,건조,맑음,교차로 - 교차로안,이륜,남,19세,중상,승용,여,51세,경상
2022112200100014,2022년 11월 22일 01시,화요일,광주광역시 서구 금호동,경상사고,0,0,1,0,차대차 - 측면충돌,안전운전불이행,건조,맑음,교차로 - 교차로안,승용,남,45세,상해없음,승용,남,32세,경상
2022112200100027,2022년 11월 22일 04시,화요일,광주광역시 서구 치평동,경상사고,0,0,2,0,차대차 - 측면충돌,신호위반,건조,맑음,교차로 - 교차로안,승용,남,15세,상해없음,승용,남,59세,경상
2022112200100033,2022년 11월 22일 05시,화요일,광주광역시 서구 금호동,경상사고,0,0,1,0,차대사람 - 횡단중,신호위반,건조,맑음,교차로 - 교차로횡단보도내,승용,남,23세,상해없음,보행자,남,56세,경상
2022112200100135,2022년 11월 22일 09시,화요일,광주광역시 남구 봉선동,경상사고,0,0,3,0,차대차 - 기타,교차로운행방법위반,건조,맑음,기타 - 기타,승용,남,71세,상해없음,승용,남,43세,경상
2022112200100215,2022년 11월 22일 12시,화요일,광주광역시 서구 광천동,경상사고,0,0,2,0,차대차 - 후진중충돌,안전운전불이행,건조,맑음,주차장 - 주차장,승용,여,52세,상해없음,승용,남,48세,경상
2022112200100216,2022년 11월 22일 12시,화요일,광주광역시 남구 양림동,중상사고,0,1,0,0,차대사람 - 기타,안전운전불이행,건조,맑음,단일로 - 기타,승용,남,45세,상해없음,보행자,여,72세,중상
2022112200100217,2022년 11월 22일 12시,화요일,광주광역시 북구 두암동,경상사고,0,0,1,0,차대차 - 기타,안전운전불이행,건조,맑음,교차로 - 교차로안,화물,남,73세,상해없음,이륜,남,29세,경상
2022112200100242,2022년 11월 22일 13시,화요일,광주광역시 북구 양산동,경상사고,0,0,1,0,차대차 - 측면충돌,안전운전불이행,건조,맑음,교차로 - 교차로안,승용,남,53세,상해없음,승용,여,54세,경상
2022112200100302,2022년 11월 22일 15시,화요일,광주광역시 서구 쌍촌동,경상사고,0,0,2,0,차대차 - 측면충돌,안전운전불이행,건조,맑음,단일로 - 기타,승용,남,61세,상해없음,승용,여,62세,경상
2022112200100303,2022년 11월 22일 15시,화요일,광주광역시 북구 연제동,경상사고,0,0,1,0,차대차 - 기타,안전운전불이행,건조,맑음,교차로 - 교차로안,승용,여,50세,기타불명,승용,여,41세,경상
2022112200100334,2022년 11월 22일 16시,화요일,광주광역시 남구 방림동,경상사고,0,0,1,0,차대차 - 측면충돌,안전운전불이행,젖음/습기,비,교차로 - 교차로부근,승용,여,56세,상해없음,승용,남,80세,경상
2022112200100335,2022년 11월 22일 16시,화요일,광주광역시 남구 방림동,경상사고,0,0,1,0,차대차 - 측면충돌,안전운전불이행,젖음/습기,비,교차로 - 교차로부근,승용,여,56세,상해없음,승용,남,80세,경상
2022112200100336,2022년 11월 22일 16시,화요일,광주광역시 북구 용봉동,경상사고,0,0,1,0,차대차 - 기타,중앙선침범,건조,맑음,단일로 - 기타,승용,여,32세,상해없음,승용,남,24세,경상
2022112200100337,2022년 11월 22일 16시,화요일,광주광역시 북구 연제동,경상사고,0,0,3,0,차대차 - 기타,안전운전불이행,건조,맑음,단일로 - 기타,승용,여,62세,경상,승용,여,39세,경상
2022112200100338,2022년 11월 22일 16시,화요일,광주광역시 광산구 비아동,경상사고,0,0,1,0,차대차 - 기타,안전운전불이행,건조,맑음,교차로 - 교차로안,승용,남,56세,상해없음,승용,여,43세,경상
2022112200100400,2022년 11월 22일 17시,화요일,광주광역시 동구 학동,경상사고,0,0,1,1,차대차 - 추돌,안전거리미확보,젖음/습기,비,단일로 - 고가도로위,승용,여,21세,부상신고,승용,여,20세,경상
2022112200100401,2022년 11월 22일 17시,화요일,광주광역시 광산구 장덕동,경상사고,0,0,1,0,차대사람 - 기타,기타,건조,맑음,기타 - 기타,개인형이동수단(PM),남,16세,상해없음,보행자,남,32세,경상
2022112200100402,2022년 11월 22일 17시,화요일,광주광역시 광산구 신촌동,경상사고,0,0,1,0,차대차 - 기타,안전운전불이행,젖음/습기,비,교차로 - 교차로안,승용,여,47세,기타불명,이륜,남,48세,경상
2022112200100520,2022년 11월 22일 19시,화요일,광주광역시 서구 쌍촌동,경상사고,0,0,2,0,차대차 - 측면충돌,중앙선침범,젖음/습기,비,단일로 - 기타,승용,남,67세,상해없음,승용,남,55세,경상
2022112200100554,2022년 11월 22일 20시,화요일,광주광역시 북구 용봉동,경상사고,0,0,1,0,차대차 - 추돌,안전운전불이행,건조,맑음,교차로 - 교차로부근,승용,남,48세,상해없음,승용,남,41세,경상
2022112200100583,2022년 11월 22일 21시,화요일,광주광역시 남구 진월동,경상사고,0,0,1,0,차대차 - 측면충돌,안전거리미확보,젖음/습기,비,단일로 - 기타,승합,남,71세,상해없음,승용,남,40세,경상