사고번호,사고일시,요일,시군구,사고내용,사망자수,중상자수,경상자수,부상신고자수,사고유형,법규위반,노면상태,기상상태,도로형태,가해운전자 차종,가해운전자 성별,가해운전자 연령,가해운전자 상해정도,피해운전자 차종,피해운전자 성별,피해운전자 연령,피해운전자 상해정도
2022112900100473,2022년 11월 29일 18시,화요일,광주광역시 북구 임동,중상사고,0,1,0,0,차대사람 - 횡단중,보행자보호의무위반,건조,맑음,교차로 - 교차로안,승용,남,60세,상해없음,보행자,남,42세,중상
2022112900100474,2022년 11월 29일 18시,화요일,광주광역시 북구 우산동,부상신고사고,0,0,0,1,차대차 - 추돌,안전운전불이행,건조,맑음,단일로 - 기타,승용,남,61세,기타불명,승용,남,65세,부상신고
2022112900100506,2022년 11월 29일 19시,화요일,광주광역시 남구 봉선동,경상사고,0,0,1,0,차대차 - 추돌,안전거리미확보,건조,맑음,교차로 - 교차로부근,승용,남,67세,상해없음,승용,남,47세,경상
2022112900100507,2022년 11월 29일 19시,화요일,광주광역시 북구 운암동,경상사고,0,0,2,0,차대차 - 측면충돌,안전운전불이행,건조,맑음,단일로 - 기타,화물,여,73세,상해없음,이륜,남,48세,경상
2022112900100508,2022년 11월 29일 19시,화요일,광주광역시 북구 오치동,중상사고,0,1,0,0,차대차 - 측면충돌,안전운전불이행,건조,맑음,교차로 - 교차로안,개인형이동수단(PM),여,13세,중상,승용,여,48세,상해없음
2022112900100522,2022년 11월 29일 20시,화요일,광주광역시 서구 화정동,경상사고,0,0,1,0,차대차 - 측면충돌,안전운전불이행,건조,맑음,교차로 - 교차로안,이륜,남,38세,경상,이륜,남,18세,상해없음
2022113000100012,2022년 11월 30일 00시,수요일,광주광역시 북구 용봉동,경상사고,0,0,1,0,차대차 - 추돌,안전운전불이행,건조,맑음,교차로 - 교차로부근,승용,남,38세,상해없음,승용,남,64세,경상
2022113000100018,2022년 11월 30일 01시,수요일,광주광역시 광산구 월계동,경상사고,0,0,1,0,차대차 - 기타,신호위반,건조,맑음,교차로 - 교차로안,승용,남,36세,상해없음,승용,남,51세,상해없음
2022113000100023,2022년 11월 30일 02시,수요일,광주광역시 서구 화정동,중상사고,0,1,4,0,차대차 - 기타,신호위반,건조,맑음,교차로 - 교차로안,승용,남,61세,경상,승용,남,63세,중상
2022113000100062,2022년 11월 30일 07시,수요일,광주광역시 광산구 신가동,경상사고,0,0,3,0,차대차 - 측면충돌,안전거리미확보,건조,맑음,교차로 - 교차로안,승용,여,51세,상해없음,승용,남,27세,경상
2022113000100091,2022년 11월 30일 08시,수요일,광주광역시 북구 각화동,경상사고,0,0,2,1,차대차 - 추돌,안전운전불이행,건조,맑음,교차로 - 교차로안,승용,남,36세,부상신고,승용,여,54세,경상
2022113000100103,2022년 11월 30일 08시,수요일,광주광역시 남구 월산동,중상사고,0,1,0,0,차대차 - 측면충돌,직진우회전진행방해,건조,맑음,교차로 - 교차로안,승용,남,30세,상해없음,승용,여,63세,중상
2022113000100130,2022년 11월 30일 09시,수요일,광주광역시 서구 광천동,부상신고사고,0,0,0,1,차대차 - 측면충돌,안전운전불이행,건조,맑음,단일로 - 기타,승용,남,60세,상해없음,승용,남,36세,부상신고
2022113000100155,2022년 11월 30일 10시,수요일,광주광역시 북구 신용동,경상사고,0,0,1,0,차대차 - 기타,안전운전불이행,건조,맑음,단일로 - 기타,화물,남,32세,경상,승용,남,62세,상해없음
2022113000100181,2022년 11월 30일 11시,수요일,광주광역시 서구 화정동,경상사고,0,0,3,1,차대차 - 기타,중앙선침범,건조,맑음,단일로 - 기타,이륜,남,28세,부상신고,승용,여,57세,경상
2022113000100209,2022년 11월 30일 12시,수요일,광주광역시 서구 농성동,경상사고,0,0,1,0,차대차 - 기타,안전운전불이행,건조,맑음,교차로 - 교차로부근,승용,남,64세,상해없음,승용,여,59세,경상
2022113000100243,2022년 11월 30일 13시,수요일,광주광역시 북구 용봉동,경상사고,0,0,1,0,차대차 - 기타,안전운전불이행,건조,맑음,교차로 - 교차로부근,승용,남,72세,상해없음,승용,여,33세,경상
2022113000100268,2022년 11월 30일 14시,수요일,광주광역시 서구 광천동,경상사고,0,0,1,0,차대사람 - 기타,안전운전불이행,건조,맑음,단일로 - 기타,승용,남,65세,상해없음,보행자,여,70세,경상
2022113000100332,2022년 11월 30일 16시,수요일,광주광역시 서구 농성동,경상사고,0,0,1,0,차대차 - 측면충돌,교차로운행방법위반,건조,맑음,교차로 - 교차로안,승용,여,40세,기타불명,승용,남,56세,경상
2022113000100334,2022년 11월 30일 16시,수요일,광주광역시 광산구 신가동,중상사고,0,1,0,0,차량단독 - 기타,기타,건조,맑음,단일로 - 기타,승합,남,63세,상해없음,,,,
2022113000100379,2022년 11월 30일 17시,수요일,광주광역시 서구 치평동,경상사고,0,0,2,0,차대차 - 측면충돌,차로위반,건조,맑음,교차로 - 교차로안,승합,남,59세,상해없음,승용,남,27세,경상
2022113000100429,2022년 11월 30일 18시,수요일,광주광역시 북구 연제동,경상사고,0,0,1,0,차대차 - 정면충돌,신호위반,건조,흐림,교차로 - 교차로안,승용,여,63세,상해없음,이륜,남,23세,경상
2022113000100460,2022년 11월 30일 19시,수요일,광주광역시 서구 치평동,경상사고,0,0,1,0,차대사람 - 기타,안전운전불이행,건조,맑음,기타 - 기타,개인형이동수단(PM),남,29세,상해없음,보행자,여,19세,경상
2022113000100533,2022년 11월 30일 22시,수요일,광주광역시 동구 산수동,경상사고,0,0,1,0,차대사람 - 기타,안전운전불이행,건조,맑음,단일로 - 기타,승용,남,62세,상해없음,보행자,남,56세,경상
2022113000100552,2022년 11월 30일 23시,수요일,광주광역시 서구 쌍촌동,경상사고,0,0,1,0,차대차 - 기타,안전운전불이행,건조,맑음,교차로 - 교차로부근,이륜,남,25세,기타불명,승용,남,51세,경상
2022113000100553,2022년 11월 30일 23시,수요일,광주광역시 광산구 월곡동,경상사고,0,0,1,0,차대차 - 추돌,안전운전불이행,건조,맑음,단일로 - 기타,승용,남,34세,상해없음,승용,남,62세,상해없음
2022120100100062,2022년 12월 1일 06시,목요일,광주광역시 서구 광천동,경상사고,0,0,1,0,차대차 - 측면충돌,안전운전불이행,건조,맑음,단일로 - 기타,화물,남,61세,상해없음,승합,남,50세,상해없음
2022120100100113,2022년 12월 1일 08시,목요일,광주광역시 서구 치평동,경상사고,0,0,2,0,차대차 - 측면충돌,안전거리미확보,건조,맑음,교차로 - 교차로부근,승용,여,37세,상해없음,승용,남,26세,경상
2022120100100114,2022년 12월 1일 08시,목요일,광주광역시 북구 중흥동,경상사고,0,0,1,0,차대차 - 추돌,안전운전불이행,건조,맑음,단일로 - 기타,이륜,남,81세,상해없음,승용,여,24세,경상
2022120100100173,2022년 12월 1일 10시,목요일,광주광역시 남구 주월동,경상사고,0,0,1,0,차대차 - 측면충돌,안전운전불이행,건조,맑음,단일로 - 기타,승용,여,69세,상해없음,이륜,남,48세,경상
2022120100100174,2022년 12월 1일 10시,목요일,광주광역시 광산구 월곡동,경상사고,0,0,1,0,차대사람 - 기타,안전운전불이행,건조,맑음,단일로 - 기타,승용,여,59세,상해없음,보행자,여,79세,경상
2022120100100202,2022년 12월 1일 11시,목요일,광주광역시 북구 두암동,경상사고,0,0,1,0,차대차 - 측면충돌,차로위반,건조,맑음,단일로 - 기타,화물,남,69세,상해없음,승용,남,62세,경상
2022120100100203,2022년 12월 1일 11시,목요일,광주광역시 북구 신안동,경상사고,0,0,3,0,차대차 - 측면충돌,안전운전불이행,건조,맑음,교차로 - 교차로부근,승용,여,31세,상해없음,승용,남,37세,경상
2022120100100259,2022년 12월 1일 13시,목요일,광주광역시 서구 금호동,경상사고,0,0,1,0,차대차 - 기타,안전운전불이행,건조,맑음,단일로 - 기타,승용,남,72세,기타불명,승용,여,72세,경상
2022120100100260,2022년 12월 1일 13시,목요일,광주광역시 광산구 쌍암동,중상사고,0,1,0,0,차대차 - 측면충돌,안전운전불이행,건조,맑음,교차로 - 교차로안,승용,여,59세,상해없음,이륜,남,26세,중상
2022120100100324,2022년 12월 1일 15시,목요일,광주광역시 남구 방림동,경상사고,0,0,1,0,차대차 - 추돌,안전운전불이행,건조,맑음,교차로 - 교차로부근,화물,남,60세,상해없음,이륜,남,48세,경상
2022120100100325,2022년 12월 1일 15시,목요일,광주광역시 북구 매곡동,경상사고,0,0,1,0,차대차 - 기타,신호위반,건조,맑음,교차로 - 교차로안,이륜,남,26세,기타불명,승용,남,27세,경상
2022120100100326,2022년 12월 1일 15시,목요일,광주광역시 북구 양산동,경상사고,0,0,1,0,차대사람 - 기타,신호위반,건조,맑음,교차로 - 교차로횡단보도내,화물,남,42세,상해없음,보행자,남,12세,경상
2022120100100404,2022년 12월 1일 17시,목요일,광주광역시 남구 월산동,경상사고,0,0,1,0,차대차 - 기타,안전운전불이행,건조,맑음,단일로 - 기타,승용,남,71세,상해없음,승용,여,44세,경상
2022120100100450,2022년 12월 1일 18시,목요일,광주광역시 서구 내방동,경상사고,0,0,2,0,차대차 - 기타,안전운전불이행,건조,맑음,교차로 - 교차로안,승용,남,63세,경상,이륜,남,42세,경상
2022120100100481,2022년 12월 1일 19시,목요일,광주광역시 남구 월산동,사망사고,1,0,0,0,차대차 - 기타,기타,건조,맑음,기타 - 기타,승용,남,66세,상해없음,자전거,남,70세,사망
2022120100100505,2022년 12월 1일 20시,목요일,광주광역시 광산구 월계동,경상사고,0,0,1,0,차대차 - 추돌,안전운전불이행,건조,맑음,교차로 - 교차로부근,기타불명,기타불명,미분류,기타불명,승용,남,51세,경상
2022120100100526,2022년 12월 1일 21시,목요일,광주광역시 서구 금호동,경상사고,0,0,1,0,차대사람 - 기타,안전운전불이행,건조,맑음,단일로 - 기타,승용,여,28세,상해없음,보행자,남,53세,경상
2022120100100527,2022년 12월 1일 21시,목요일,광주광역시 광산구 장덕동,경상사고,0,0,1,0,차대차 - 측면충돌,안전운전불이행,건조,맑음,단일로 - 기타,승용,남,43세,상해없음,이륜,남,49세,경상
2022120100100549,2022년 12월 1일 22시,목요일,광주광역시 동구 산수동,경상사고,0,0,1,0,차대차 - 기타,안전운전불이행,건조,맑음,교차로 - 교차로안,승용,남,59세,상해없음,개인형이동수단(PM),남,66세,경상
2022120100100550,2022년 12월 1일 22시,목요일,광주광역시 서구 치평동,중상사고,0,1,0,0,차대사람 - 기타,안전운전불이행,건조,맑음,단일로 - 기타,승용,남,75세,상해없음,보행자,남,53세,중상
2022120100100551,2022년 12월 1일 22시,목요일,광주광역시 서구 금호동,경상사고,0,0,1,0,차대차 - 기타,안전운전불이행,건조,맑음,단일로 - 기타,승용,남,70세,상해없음,승용,남,46세,경상
2022120100100552,2022년 12월 1일 22시,목요일,광주광역시 광산구 신촌동,중상사고,0,1,2,0,차대차 - 기타,안전거리미확보,건조,맑음,단일로 - 기타,승용,남,56세,경상,이륜,남,32세,중상
2022120100100553,2022년 12월 1일 22시,목요일,광주광역시 광산구 신창동,경상사고,0,0,2,0,차대차 - 측면충돌,안전운전불이행,건조,맑음,단일로 - 기타,승용,남,33세,상해없음,승용,여,49세,경상
2022120100100567,2022년 12월 1일 23시,목요일,광주광역시 서구 치평동,경상사고,0,0,2,0,차대차 - 기타,안전운전불이행,건조,맑음,교차로 - 교차로부근,이륜,남,29세,상해없음,승용,남,50세,경상
2022120200100020,2022년 12월 2일 01시,금요일,광주광역시 북구 문흥동,경상사고,0,0,3,0,차대차 - 기타,교차로운행방법위반,건조,맑음,교차로 - 교차로안,승용,남,24세,상해없음,승용,남,58세,경상
2022120200100024,2022년 12월 2일 02시,금요일,광주광역시 북구 문흥동,중상사고,0,1,2,0,차량단독 - 기타,안전운전불이행,건조,맑음,단일로 - 기타,승용,남,23세,중상,,,,
2022120200100219,2022년 12월 2일 11시,금요일,광주광역시 서구 유촌동,경상사고,0,0,1,0,차대사람 - 횡단중,보행자보호의무위반,건조,맑음,교차로 - 교차로횡단보도내,승용,남,47세,상해없음,보행자,남,86세,경상
2022120200100220,2022년 12월 2일 11시,금요일,광주광역시 서구 세하동,경상사고,0,0,1,0,차대차 - 측면충돌,안전운전불이행,건조,맑음,교차로 - 교차로안,승용,여,53세,상해없음,승용,남,48세,경상
2022120200100221,2022년 12월 2일 11시,금요일,광주광역시 광산구 비아동,경상사고,0,0,1,0,차대차 - 측면충돌,신호위반,건조,맑음,단일로 - 터널,승용,남,29세,상해없음,승용,여,33세,경상
2022120200100287,2022년 12월 2일 13시,금요일,광주광역시 광산구 신가동,경상사고,0,0,3,0,차대차 - 측면충돌,안전운전불이행,건조,맑음,단일로 - 기타,이륜,남,24세,상해없음,승용,남,45세,경상
2022120200100319,2022년 12월 2일 14시,금요일,광주광역시 동구 산수동,경상사고,0,0,1,0,차대차 - 기타,안전운전불이행,건조,맑음,단일로 - 기타,승용,남,58세,상해없음,승용,남,45세,경상
2022120200100320,2022년 12월 2일 14시,금요일,광주광역시 서구 내방동,부상신고사고,0,0,0,1,차대차 - 추돌,안전운전불이행,건조,맑음,단일로 - 기타,승용,남,60세,상해없음,승용,여,46세,부상신고
2022120200100321,2022년 12월 2일 14시,금요일,광주광역시 북구 각화동,경상사고,0,0,1,0,차대차 - 기타,신호위반,건조,맑음,교차로 - 교차로안,이륜,남,37세,상해없음,승합,남,64세,상해없음
2022120200100322,2022년 12월 2일 14시,금요일,광주광역시 광산구 신창동,경상사고,0,0,1,0,차대차 - 측면충돌,신호위반,건조,맑음,교차로 - 교차로횡단보도내,승용,남,61세,상해없음,개인형이동수단(PM),남,22세,경상
2022120200100352,2022년 12월 2일 15시,금요일,광주광역시 북구 각화동,부상신고사고,0,0,0,1,차대차 - 측면충돌,안전운전불이행,건조,맑음,교차로 - 교차로부근,승용,여,41세,상해없음,승용,여,41세,부상신고
2022120200100396,2022년 12월 2일 16시,금요일,광주광역시 북구 각화동,경상사고,0,0,1,0,차대차 - 정면충돌,신호위반,건조,맑음,교차로 - 교차로횡단보도내,승용,남,69세,상해없음,자전거,남,13세,경상
2022120200100397,2022년 12월 2일 16시,금요일,광주광역시 북구 대촌동,중상사고,0,1,0,0,차대사람 - 기타,안전운전불이행,건조,맑음,단일로 - 기타,승용,남,69세,상해없음,보행자,남,38세,중상
2022120200100398,2022년 12월 2일 16시,금요일,광주광역시 북구 두암동,경상사고,0,0,1,0,차대차 - 측면충돌,안전운전불이행,기타,기타,단일로 - 기타,화물,남,64세,상해없음,승용,여,64세,경상
2022120200100448,2022년 12월 2일 17시,금요일,광주광역시 서구 화정동,경상사고,0,0,1,0,차대차 - 추돌,안전거리미확보,건조,맑음,교차로 - 교차로안,화물,남,54세,상해없음,승용,여,35세,경상
2022120200100449,2022년 12월 2일 17시,금요일,광주광역시 남구 주월동,경상사고,0,0,2,0,차대차 - 기타,안전운전불이행,건조,맑음,교차로 - 교차로안,승용,여,70세,상해없음,승용,남,22세,경상
2022120200100450,2022년 12월 2일 17시,금요일,광주광역시 북구 문흥동,경상사고,0,0,1,0,차대차 - 측면충돌,안전운전불이행,건조,맑음,교차로 - 교차로부근,승용,여,18세,경상,승용,여,54세,기타불명
2022120200100451,2022년 12월 2일 17시,금요일,광주광역시 광산구 안청동,중상사고,0,1,1,0,차대차 - 측면충돌,직진우회전진행방해,건조,맑음,교차로 - 교차로안,승용,여,31세,중상,승용,여,27세,경상
2022120200100452,2022년 12월 2일 17시,금요일,광주광역시 광산구 수완동,경상사고,0,0,1,0,차대차 - 측면충돌,안전운전불이행,건조,맑음,단일로 - 기타,승용,여,40세,상해없음,승용,남,48세,경상
2022120200100516,2022년 12월 2일 18시,금요일,광주광역시 광산구 쌍암동,경상사고,0,0,1,0,차대사람 - 횡단중,중앙선침범,건조,맑음,단일로 - 기타,승용,남,43세,상해없음,보행자,남,52세,경상
2022120200100517,2022년 12월 2일 18시,금요일,광주광역시 광산구 산월동,경상사고,0,0,1,0,차대차 - 기타,안전운전불이행,건조,맑음,단일로 - 기타,승용,여,59세,상해없음,자전거,남,12세,경상
2022120200100518,2022년 12월 2일 18시,금요일,광주광역시 광산구 쌍암동,경상사고,0,0,4,0,차대차 - 기타,안전운전불이행,건조,맑음,단일로 - 기타,승용,여,44세,상해없음,승용,남,40세,경상
2022120200100594,2022년 12월 2일 20시,금요일,광주광역시 광산구 장덕동,경상사고,0,0,1,0,차대차 - 측면충돌,안전운전불이행,건조,맑음,교차로 - 교차로부근,승용,남,31세,기타불명,승용,여,26세,경상
2022120200100611,2022년 12월 2일 21시,금요일,광주광역시 광산구 월계동,경상사고,0,0,1,0,차대차 - 추돌,안전운전불이행,건조,맑음,교차로 - 교차로부근,이륜,남,25세,상해없음,승용,남,38세,상해없음
2022120200100628,2022년 12월 2일 22시,금요일,광주광역시 광산구 수완동,경상사고,0,0,1,0,차대차 - 측면충돌,차로위반,건조,맑음,단일로 - 기타,승용,남,51세,상해없음,이륜,남,25세,경상
2022120300100008,2022년 12월 3일 00시,토요일,광주광역시 동구 불로동,경상사고,0,0,1,0,차대차 - 기타,안전거리미확보,건조,맑음,단일로 - 기타,승용,남,41세,상해없음,이륜,남,19세,경상
2022120300100009,2022년 12월 3일 00시,토요일,광주광역시 광산구 신촌동,경상사고,0,0,4,0,차대차 - 기타,안전운전불이행,건조,맑음,단일로 - 기타,승합,남,59세,기타불명,승용,여,39세,경상
2022120300100017,2022년 12월 3일 01시,토요일,광주광역시 남구 월산동,경상사고,0,0,2,0,차대차 - 측면충돌,중앙선침범,건조,맑음,단일로 - 기타,승용,남,18세,상해없음,승용,남,24세,경상
2022120300100052,2022년 12월 3일 05시,토요일,광주광역시 광산구 신촌동,경상사고,0,0,2,0,차대차 - 추돌,안전운전불이행,건조,맑음,단일로 - 기타,화물,남,52세,상해없음,승용,남,38세,경상
2022120300100053,2022년 12월 3일 05시,토요일,광주광역시 광산구 산정동,경상사고,0,0,1,0,차대사람 - 횡단중,보행자보호의무위반,건조,맑음,교차로 - 교차로부근,승용,남,67세,상해없음,보행자,남,28세,경상
2022120300100089,2022년 12월 3일 07시,토요일,광주광역시 남구 봉선동,경상사고,0,0,2,0,차대차 - 기타,안전거리미확보,건조,흐림,단일로 - 기타,승용,남,50세,상해없음,승용,남,71세,경상
2022120300100090,2022년 12월 3일 07시,토요일,광주광역시 광산구 쌍암동,경상사고,0,0,1,0,차대차 - 추돌,안전운전불이행,건조,맑음,단일로 - 기타,승용,남,23세,상해없음,화물,남,39세,경상
2022120300100091,2022년 12월 3일 07시,토요일,광주광역시 광산구 하남동,경상사고,0,0,1,0,차대차 - 측면충돌,안전운전불이행,건조,맑음,교차로 - 교차로부근,승용,남,28세,상해없음,승용,남,49세,경상
2022120300100120,2022년 12월 3일 08시,토요일,광주광역시 광산구 복룡동,경상사고,0,0,2,0,차대차 - 측면충돌,안전거리미확보,건조,맑음,단일로 - 기타,화물,여,61세,상해없음,승용,남,38세,경상
2022120300100163,2022년 12월 3일 10시,토요일,광주광역시 서구 화정동,중상사고,0,1,0,0,차대사람 - 기타,안전운전불이행,건조,맑음,단일로 - 기타,승합,남,67세,상해없음,보행자,여,11세,중상
2022120300100250,2022년 12월 3일 13시,토요일,광주광역시 북구 임동,중상사고,0,1,1,0,차대차 - 기타,신호위반,건조,맑음,교차로 - 교차로안,승용,여,51세,상해없음,승용,남,77세,경상
2022120300100279,2022년 12월 3일 14시,토요일,광주광역시 남구 봉선동,경상사고,0,0,1,0,차대차 - 추돌,안전운전불이행,건조,맑음,교차로 - 교차로부근,승용,여,43세,상해없음,승용,남,31세,경상
2022120300100314,2022년 12월 3일 15시,토요일,광주광역시 광산구 우산동,경상사고,0,0,1,0,차대차 - 추돌,안전거리미확보,건조,맑음,단일로 - 기타,승용,여,46세,기타불명,승용,여,54세,경상
2022120300100392,2022년 12월 3일 17시,토요일,광주광역시 광산구 송정동,경상사고,0,0,2,0,차대차 - 측면충돌,안전운전불이행,건조,맑음,교차로 - 교차로부근,승용,남,55세,상해없음,승용,남,30세,경상
2022120300100464,2022년 12월 3일 19시,토요일,광주광역시 북구 운암동,경상사고,0,0,1,0,차대차 - 추돌,안전운전불이행,건조,맑음,교차로 - 교차로부근,승합,남,30세,상해없음,승용,남,70세,경상
2022120300100525,2022년 12월 3일 21시,토요일,광주광역시 북구 양산동,경상사고,0,0,5,0,차대차 - 측면충돌,안전운전불이행,건조,맑음,교차로 - 교차로안,승용,여,51세,경상,이륜,남,21세,경상
2022120300100569,2022년 12월 3일 23시,토요일,광주광역시 광산구 월계동,경상사고,0,0,1,0,차대차 - 추돌,안전운전불이행,건조,기타,교차로 - 교차로부근,승용,남,25세,기타불명,승용,남,20세,경상
2022120400100125,2022년 12월 4일 11시,일요일,광주광역시 동구 학동,경상사고,0,0,1,0,차대차 - 기타,안전운전불이행,건조,맑음,단일로 - 기타,승용,남,40세,상해없음,자전거,남,72세,경상
2022120400100126,2022년 12월 4일 11시,일요일,광주광역시 남구 백운동,경상사고,0,0,1,0,차대차 - 측면충돌,안전거리미확보,건조,맑음,단일로 - 기타,화물,남,27세,상해없음,승용,여,64세,경상
2022120400100150,2022년 12월 4일 12시,일요일,광주광역시 동구 선교동,경상사고,0,0,4,0,차대차 - 측면충돌,안전운전불이행,건조,맑음,단일로 - 기타,화물,남,57세,상해없음,승용,남,40세,경상
2022120400100151,2022년 12월 4일 12시,일요일,광주광역시 동구 충장로2가,경상사고,0,0,1,0,차대사람 - 기타,안전운전불이행,건조,맑음,단일로 - 기타,승용,여,28세,상해없음,보행자,여,17세,경상
2022120400100193,2022년 12월 4일 14시,일요일,광주광역시 북구 매곡동,부상신고사고,0,0,0,1,차대사람 - 보도통행중,기타,건조,맑음,기타 - 기타,개인형이동수단(PM),남,13세,상해없음,보행자,남,19세,부상신고
2022120400100226,2022년 12월 4일 15시,일요일,광주광역시 북구 문흥동,경상사고,0,0,1,0,차대차 - 기타,안전운전불이행,건조,맑음,교차로 - 교차로안,승용,남,65세,상해없음,이륜,남,41세,경상
2022120400100227,2022년 12월 4일 15시,일요일,광주광역시 북구 용봉동,경상사고,0,0,6,0,차대차 - 측면충돌,안전거리미확보,건조,맑음,단일로 - 기타,승용,여,45세,경상,승용,남,32세,경상
2022120400100287,2022년 12월 4일 17시,일요일,광주광역시 북구 임동,중상사고,0,1,0,0,차대차 - 기타,안전운전불이행,건조,맑음,단일로 - 기타,이륜,남,53세,중상,승용,남,38세,상해없음
2022120400100318,2022년 12월 4일 18시,일요일,광주광역시 남구 봉선동,경상사고,0,0,2,0,차대차 - 기타,안전운전불이행,건조,맑음,단일로 - 기타,승용,남,54세,상해없음,승용,여,46세,경상
2022120400100346,2022년 12월 4일 19시,일요일,광주광역시 북구 연제동,경상사고,0,0,4,0,차대차 - 추돌,안전운전불이행,건조,맑음,단일로 - 기타,승용,여,55세,상해없음,승용,남,38세,경상
2022120400100369,2022년 12월 4일 20시,일요일,광주광역시 서구 치평동,경상사고,0,0,3,0,차대차 - 기타,안전운전불이행,건조,맑음,단일로 - 기타,승용,남,64세,상해없음,승용,남,35세,상해없음
2022120400100370,2022년 12월 4일 20시,일요일,광주광역시 서구 화정동,중상사고,0,1,3,0,차대차 - 측면충돌,직진우회전진행방해,건조,맑음,교차로 - 교차로안,승용,남,44세,중상,승용,남,70세,경상
2022120500100013,2022년 12월 5일 02시,월요일,광주광역시 서구 치평동,경상사고,0,0,1,0,차대차 - 측면충돌,교차로운행방법위반,건조,맑음,교차로 - 교차로안,승용,남,60세,상해없음,이륜,남,26세,경상
2022120500100020,2022년 12월 5일 05시,월요일,광주광역시 광산구 소촌동,경상사고,0,0,1,0,차대차 - 기타,안전거리미확보,건조,맑음,단일로 - 기타,승용,남,40세,상해없음,승용,남,68세,경상
2022120500100031,2022년 12월 5일 06시,월요일,광주광역시 서구 화정동,경상사고,0,0,1,0,차대차 - 추돌,안전운전불이행,건조,맑음,교차로 - 교차로안,승용,남,22세,기타불명,이륜,남,35세,경상
2022120500100032,2022년 12월 5일 06시,월요일,광주광역시 광산구 쌍암동,경상사고,0,0,1,0,차대차 - 기타,안전운전불이행,건조,맑음,단일로 - 기타,승용,남,57세,상해없음,자전거,남,52세,경상
2022120500100077,2022년 12월 5일 08시,월요일,광주광역시 동구 학동,중상사고,0,1,0,0,차대사람 - 횡단중,신호위반,건조,맑음,단일로 - 기타,승용,여,40세,상해없음,보행자,남,68세,중상
2022120500100103,2022년 12월 5일 09시,월요일,광주광역시 북구 용봉동,경상사고,0,0,1,0,차대차 - 측면충돌,안전운전불이행,건조,맑음,기타 - 기타,승용,남,66세,상해없음,승용,남,45세,경상
2022120500100104,2022년 12월 5일 09시,월요일,광주광역시 동구 산수동,경상사고,0,0,1,0,차대차 - 측면충돌,안전운전불이행,건조,맑음,단일로 - 교량,건설기계,남,59세,상해없음,승용,남,47세,경상
2022120500100136,2022년 12월 5일 10시,월요일,광주광역시 동구 계림동,경상사고,0,0,1,0,차대차 - 측면충돌,안전운전불이행,건조,맑음,교차로 - 교차로안,승용,여,34세,상해없음,승용,남,27세,경상
2022120500100161,2022년 12월 5일 11시,월요일,광주광역시 광산구 산정동,경상사고,0,0,1,0,차대차 - 측면충돌,안전운전불이행,건조,기타,단일로 - 기타,승용,남,52세,기타불명,승용,남,19세,경상
2022120500100248,2022년 12월 5일 14시,월요일,광주광역시 북구 중흥동,경상사고,0,0,1,0,차대차 - 측면충돌,안전운전불이행,건조,맑음,단일로 - 기타,승용,여,59세,기타불명,승용,남,61세,경상
2022120500100282,2022년 12월 5일 15시,월요일,광주광역시 북구 동림동,경상사고,0,0,2,0,차대차 - 기타,안전운전불이행,건조,맑음,단일로 - 기타,승용,남,61세,상해없음,승용,남,19세,경상
2022120500100309,2022년 12월 5일 16시,월요일,광주광역시 서구 치평동,경상사고,0,0,1,0,차대차 - 기타,안전거리미확보,건조,맑음,교차로 - 교차로안,승용,여,26세,상해없음,승용,남,54세,경상
2022120500100310,2022년 12월 5일 16시,월요일,광주광역시 북구 운암동,경상사고,0,0,2,0,차대차 - 기타,안전운전불이행,건조,맑음,단일로 - 기타,건설기계,남,64세,상해없음,승용,여,64세,경상
2022120500100311,2022년 12월 5일 16시,월요일,광주광역시 광산구 황룡동,중상사고,0,1,0,0,차대차 - 정면충돌,중앙선침범,건조,맑음,단일로 - 기타,화물,남,67세,상해없음,이륜,남,72세,중상
2022120500100396,2022년 12월 5일 18시,월요일,광주광역시 서구 매월동,경상사고,0,0,2,0,차대차 - 기타,안전운전불이행,건조,맑음,단일로 - 기타,승용,여,47세,상해없음,승용,남,26세,경상
2022120500100397,2022년 12월 5일 18시,월요일,광주광역시 광산구 장덕동,경상사고,0,0,1,0,차대차 - 기타,차로위반,건조,흐림,단일로 - 기타,기타불명,기타불명,미분류,기타불명,승용,남,61세,경상
2022120500100441,2022년 12월 5일 19시,월요일,광주광역시 서구 치평동,경상사고,0,0,1,0,차대차 - 측면충돌,안전거리미확보,건조,맑음,단일로 - 기타,승용,여,51세,상해없음,이륜,남,29세,경상
2022120500100466,2022년 12월 5일 20시,월요일,광주광역시 북구 오치동,중상사고,0,1,0,0,차대차 - 측면충돌,교차로운행방법위반,건조,맑음,교차로 - 교차로안,승용,남,29세,상해없음,개인형이동수단(PM),남,48세,중상