사고번호,사고일시,요일,시군구,사고내용,사망자수,중상자수,경상자수,부상신고자수,사고유형,법규위반,노면상태,기상상태,도로형태,가해운전자 차종,가해운전자 성별,가해운전자 연령,가해운전자 상해정도,피해운전자 차종,피해운전자 성별,피해운전자 연령,피해운전자 상해정도
2022121100100421,2022년 12월 11일 21시,일요일,광주광역시 서구 화정동,경상사고,0,0,1,0,차대차 - 측면충돌,차로위반,건조,맑음,단일로 - 기타,승합,남,45세,상해없음,승용,남,65세,경상
2022121100100443,2022년 12월 11일 23시,일요일,광주광역시 서구 쌍촌동,경상사고,0,0,1,0,차대사람 - 기타,안전운전불이행,건조,맑음,단일로 - 기타,승용,여,24세,상해없음,보행자,남,20세,경상
2022121100100444,2022년 12월 11일 23시,일요일,광주광역시 남구 진월동,경상사고,0,0,1,0,차대차 - 추돌,안전거리미확보,건조,맑음,교차로 - 교차로부근,승용,여,18세,상해없음,승합,남,62세,경상
2022121200100060,2022년 12월 12일 07시,월요일,광주광역시 동구 운림동,중상사고,0,1,0,0,차대사람 - 기타,안전운전불이행,건조,맑음,단일로 - 기타,승용,여,49세,상해없음,보행자,여,78세,중상
2022121200100061,2022년 12월 12일 07시,월요일,광주광역시 서구 광천동,경상사고,0,0,1,0,차대차 - 측면충돌,안전운전불이행,건조,맑음,교차로 - 교차로안,승용,여,22세,상해없음,승용,여,58세,경상
2022121200100062,2022년 12월 12일 07시,월요일,광주광역시 서구 덕흥동,경상사고,0,0,1,0,차대차 - 추돌,안전운전불이행,건조,맑음,단일로 - 교량,승용,남,53세,상해없음,승용,여,53세,경상
2022121200100089,2022년 12월 12일 08시,월요일,광주광역시 남구 주월동,경상사고,0,0,2,0,차대차 - 측면충돌,안전거리미확보,건조,맑음,교차로 - 교차로부근,승용,남,39세,상해없음,승용,남,73세,경상
2022121200100113,2022년 12월 12일 09시,월요일,광주광역시 광산구 선암동,경상사고,0,0,2,0,차대차 - 기타,안전운전불이행,건조,맑음,기타 - 기타,승용,여,60세,상해없음,화물,남,38세,경상
2022121200100114,2022년 12월 12일 09시,월요일,광주광역시 광산구 우산동,경상사고,0,0,1,0,차대차 - 기타,안전운전불이행,건조,맑음,교차로 - 교차로부근,승용,여,26세,상해없음,승용,남,31세,경상
2022121200100139,2022년 12월 12일 10시,월요일,광주광역시 서구 광천동,경상사고,0,0,1,0,차대차 - 측면충돌,안전운전불이행,건조,맑음,단일로 - 기타,자전거,남,56세,경상,승용,남,52세,상해없음
2022121200100169,2022년 12월 12일 11시,월요일,광주광역시 북구 매곡동,경상사고,0,0,1,0,차대사람 - 횡단중,보행자보호의무위반,건조,맑음,교차로 - 교차로횡단보도내,승용,남,49세,상해없음,보행자,남,77세,경상
2022121200100200,2022년 12월 12일 12시,월요일,광주광역시 동구 산수동,중상사고,0,1,0,0,차대차 - 측면충돌,불법유턴,건조,맑음,교차로 - 교차로부근,자전거,여,74세,중상,승용,남,47세,상해없음
2022121200100201,2022년 12월 12일 12시,월요일,광주광역시 서구 금호동,경상사고,0,0,1,0,차대차 - 추돌,안전운전불이행,건조,맑음,단일로 - 기타,승용,여,54세,상해없음,승용,여,62세,경상
2022121200100226,2022년 12월 12일 13시,월요일,광주광역시 서구 치평동,경상사고,0,0,1,0,차대차 - 측면충돌,교차로운행방법위반,건조,맑음,단일로 - 기타,승용,남,65세,상해없음,승용,여,52세,경상
2022121200100289,2022년 12월 12일 15시,월요일,광주광역시 북구 우산동,경상사고,0,0,1,0,차대차 - 기타,안전거리미확보,건조,맑음,단일로 - 기타,승용,여,51세,상해없음,승용,남,60세,경상
2022121200100380,2022년 12월 12일 17시,월요일,광주광역시 북구 임동,경상사고,0,0,1,0,차대차 - 기타,안전거리미확보,건조,맑음,교차로 - 교차로안,화물,남,57세,상해없음,승용,여,55세,경상
2022121200100454,2022년 12월 12일 18시,월요일,광주광역시 북구 대촌동,경상사고,0,0,1,0,차대차 - 추돌,안전운전불이행,건조,맑음,단일로 - 기타,승용,남,71세,상해없음,화물,남,37세,경상
2022121200100455,2022년 12월 12일 18시,월요일,광주광역시 광산구 월계동,중상사고,0,1,0,0,차대사람 - 차도통행중,안전운전불이행,건조,맑음,단일로 - 기타,승용,여,65세,상해없음,보행자,여,46세,중상
2022121200100498,2022년 12월 12일 19시,월요일,광주광역시 서구 광천동,경상사고,0,0,1,0,차량단독 - 기타,안전운전불이행,건조,맑음,단일로 - 기타,승용,남,58세,상해없음,,,,
2022121200100500,2022년 12월 12일 19시,월요일,광주광역시 광산구 신창동,경상사고,0,0,1,0,차대차 - 기타,안전운전불이행,건조,맑음,단일로 - 기타,승용,남,55세,상해없음,승용,남,25세,경상
2022121200100556,2022년 12월 12일 21시,월요일,광주광역시 서구 쌍촌동,경상사고,0,0,1,0,차대차 - 추돌,중앙선침범,건조,맑음,단일로 - 기타,승용,여,22세,상해없음,이륜,남,19세,경상
2022121200100557,2022년 12월 12일 21시,월요일,광주광역시 서구 치평동,경상사고,0,0,2,1,차대차 - 측면충돌,교차로운행방법위반,건조,맑음,교차로 - 교차로안,승용,남,47세,경상,승용,남,27세,부상신고
2022121200100587,2022년 12월 12일 23시,월요일,광주광역시 북구 양산동,경상사고,0,0,1,0,차대차 - 기타,안전운전불이행,건조,맑음,교차로 - 교차로안,이륜,남,24세,경상,승용,남,50세,상해없음
2022121300100008,2022년 12월 13일 00시,화요일,광주광역시 서구 치평동,경상사고,0,0,2,0,차대차 - 측면충돌,교차로운행방법위반,건조,맑음,교차로 - 교차로안,승용,남,30세,경상,승용,남,54세,경상
2022121300100035,2022년 12월 13일 05시,화요일,광주광역시 동구 학동,경상사고,0,0,1,0,차대사람 - 기타,안전운전불이행,건조,맑음,단일로 - 기타,승용,남,70세,상해없음,보행자,남,41세,경상
2022121300100080,2022년 12월 13일 07시,화요일,광주광역시 광산구 장덕동,경상사고,0,0,1,0,차대차 - 추돌,안전운전불이행,건조,흐림,단일로 - 기타,승용,남,23세,상해없음,승용,남,50세,경상
2022121300100108,2022년 12월 13일 08시,화요일,광주광역시 동구 계림동,경상사고,0,0,1,0,차대차 - 기타,안전운전불이행,건조,흐림,단일로 - 기타,이륜,여,65세,상해없음,자전거,남,31세,경상
2022121300100109,2022년 12월 13일 08시,화요일,광주광역시 서구 서창동,경상사고,0,0,1,0,차대차 - 측면충돌,안전운전불이행,건조,맑음,교차로 - 교차로부근,승용,남,34세,상해없음,승용,여,64세,경상
2022121300100193,2022년 12월 13일 11시,화요일,광주광역시 서구 치평동,경상사고,0,0,1,0,차대차 - 추돌,안전운전불이행,건조,맑음,교차로 - 교차로안,승용,남,55세,상해없음,승용,여,51세,경상
2022121300100194,2022년 12월 13일 11시,화요일,광주광역시 광산구 송정동,중상사고,0,1,0,0,차대사람 - 횡단중,안전운전불이행,건조,맑음,단일로 - 기타,화물,남,64세,상해없음,보행자,여,60세,중상
2022121300100217,2022년 12월 13일 12시,화요일,광주광역시 북구 운암동,경상사고,0,0,1,0,차대차 - 기타,안전운전불이행,건조,맑음,단일로 - 기타,승용,남,44세,상해없음,이륜,남,28세,경상
2022121300100218,2022년 12월 13일 12시,화요일,광주광역시 북구 두암동,경상사고,0,0,3,0,차대차 - 후진중충돌,불법유턴,건조,맑음,단일로 - 기타,승용,남,32세,기타불명,승용,남,42세,경상
2022121300100328,2022년 12월 13일 16시,화요일,광주광역시 서구 금호동,중상사고,0,1,0,0,차대사람 - 횡단중,보행자보호의무위반,건조,맑음,교차로 - 교차로횡단보도내,승합,남,51세,상해없음,보행자,남,66세,중상
2022121300100329,2022년 12월 13일 16시,화요일,광주광역시 북구 오치동,경상사고,0,0,1,0,차대차 - 기타,교차로운행방법위반,건조,맑음,교차로 - 교차로안,승용,남,68세,상해없음,승용,여,59세,경상
2022121300100330,2022년 12월 13일 16시,화요일,광주광역시 광산구 송정동,경상사고,0,0,4,0,차대차 - 기타,안전거리미확보,건조,맑음,교차로 - 교차로부근,승용,여,58세,상해없음,승용,여,50세,경상
2022121300100331,2022년 12월 13일 16시,화요일,광주광역시 광산구 수완동,경상사고,0,0,2,0,차대차 - 측면충돌,안전거리미확보,건조,맑음,교차로 - 교차로부근,승용,남,48세,상해없음,승용,여,30세,경상
2022121300100428,2022년 12월 13일 18시,화요일,광주광역시 서구 풍암동,경상사고,0,0,1,0,차대차 - 추돌,안전거리미확보,건조,맑음,교차로 - 교차로안,승용,남,53세,상해없음,승용,남,64세,경상
2022121300100429,2022년 12월 13일 18시,화요일,광주광역시 북구 양산동,경상사고,0,0,1,0,차대차 - 기타,안전운전불이행,건조,맑음,교차로 - 교차로안,기타불명,기타불명,미분류,기타불명,승용,여,26세,경상
2022121300100454,2022년 12월 13일 19시,화요일,광주광역시 광산구 쌍암동,중상사고,0,1,0,0,차대차 - 측면충돌,직진우회전진행방해,건조,맑음,단일로 - 기타,승용,남,37세,상해없음,이륜,남,44세,중상
2022121300100483,2022년 12월 13일 20시,화요일,광주광역시 남구 진월동,부상신고사고,0,0,0,1,차대차 - 기타,안전운전불이행,건조,맑음,단일로 - 기타,승용,여,43세,상해없음,승용,여,31세,부상신고
2022121300100509,2022년 12월 13일 21시,화요일,광주광역시 서구 농성동,경상사고,0,0,1,0,차대차 - 기타,안전운전불이행,젖음/습기,맑음,단일로 - 기타,승용,남,31세,상해없음,승합,남,64세,상해없음
2022121300100510,2022년 12월 13일 21시,화요일,광주광역시 광산구 월계동,경상사고,0,0,1,0,차대차 - 기타,안전운전불이행,젖음/습기,기타,교차로 - 교차로부근,이륜,남,37세,경상,승용,남,56세,상해없음
2022121300100526,2022년 12월 13일 22시,화요일,광주광역시 광산구 신가동,경상사고,0,0,1,0,차량단독 - 기타,안전운전불이행,젖음/습기,비,단일로 - 기타,이륜,남,20세,경상,,,,
2022121300100527,2022년 12월 13일 22시,화요일,광주광역시 광산구 장덕동,경상사고,0,0,1,0,차대차 - 측면충돌,신호위반,젖음/습기,기타,단일로 - 기타,승용,남,43세,기타불명,개인형이동수단(PM),여,16세,경상
2022121300100547,2022년 12월 13일 23시,화요일,광주광역시 남구 노대동,경상사고,0,0,1,0,차대차 - 기타,안전운전불이행,건조,맑음,단일로 - 기타,승용,여,25세,상해없음,승용,남,53세,경상
2022121300100548,2022년 12월 13일 23시,화요일,광주광역시 광산구 우산동,경상사고,0,0,1,0,차대차 - 측면충돌,차로위반,젖음/습기,비,교차로 - 교차로안,승용,남,39세,경상,승용,여,52세,상해없음
2022121400100011,2022년 12월 14일 00시,수요일,광주광역시 동구 산수동,경상사고,0,0,2,0,차대차 - 측면충돌,직진우회전진행방해,건조,맑음,교차로 - 교차로안,승용,여,21세,경상,승용,남,23세,경상
2022121400100012,2022년 12월 14일 00시,수요일,광주광역시 북구 삼각동,경상사고,0,0,2,0,차대차 - 정면충돌,중앙선침범,젖음/습기,비,단일로 - 기타,승용,남,38세,상해없음,승용,남,66세,경상
2022121400100071,2022년 12월 14일 07시,수요일,광주광역시 광산구 신창동,경상사고,0,0,1,0,차대사람 - 횡단중,기타,젖음/습기,맑음,기타 - 기타,승용,남,47세,상해없음,보행자,여,48세,경상
2022121400100122,2022년 12월 14일 08시,수요일,광주광역시 서구 동천동,경상사고,0,0,1,0,차대차 - 추돌,안전운전불이행,건조,맑음,단일로 - 기타,승용,남,23세,상해없음,화물,남,48세,경상
2022121400100123,2022년 12월 14일 08시,수요일,광주광역시 남구 행암동,경상사고,0,0,2,0,차대차 - 측면충돌,안전운전불이행,서리/결빙,맑음,교차로 - 교차로부근,승용,남,26세,상해없음,승용,여,44세,경상
2022121400100124,2022년 12월 14일 08시,수요일,광주광역시 광산구 월전동,경상사고,0,0,1,0,차대차 - 추돌,안전운전불이행,젖음/습기,흐림,단일로 - 기타,승용,기타불명,미분류,기타불명,승용,남,49세,경상
2022121400100169,2022년 12월 14일 09시,수요일,광주광역시 서구 마륵동,경상사고,0,0,1,0,차대차 - 기타,안전운전불이행,서리/결빙,눈,기타 - 기타,화물,남,51세,상해없음,화물,남,51세,경상
2022121400100170,2022년 12월 14일 09시,수요일,광주광역시 북구 임동,경상사고,0,0,1,0,차대차 - 기타,신호위반,서리/결빙,맑음,단일로 - 기타,승용,남,62세,기타불명,승용,여,55세,경상
2022121400100171,2022년 12월 14일 09시,수요일,광주광역시 광산구 우산동,경상사고,0,0,1,0,차대차 - 정면충돌,안전운전불이행,서리/결빙,눈,단일로 - 기타,승용,남,38세,상해없음,화물,남,43세,경상
2022121400100236,2022년 12월 14일 11시,수요일,광주광역시 광산구 소촌동,경상사고,0,0,1,0,차대차 - 추돌,안전운전불이행,서리/결빙,눈,단일로 - 기타,승용,여,58세,상해없음,화물,남,67세,경상
2022121400100274,2022년 12월 14일 12시,수요일,광주광역시 서구 매월동,경상사고,0,0,1,0,차대차 - 기타,안전운전불이행,서리/결빙,눈,교차로 - 교차로부근,승용,남,39세,상해없음,승용,남,49세,경상
2022121400100275,2022년 12월 14일 12시,수요일,광주광역시 서구 동천동,경상사고,0,0,1,0,차대차 - 추돌,안전운전불이행,젖음/습기,눈,단일로 - 기타,승용,남,43세,상해없음,승용,여,35세,경상
2022121400100306,2022년 12월 14일 13시,수요일,광주광역시 북구 용봉동,경상사고,0,0,1,0,차대차 - 기타,안전거리미확보,건조,맑음,교차로 - 교차로안,승용,남,73세,상해없음,승용,남,34세,경상
2022121400100349,2022년 12월 14일 14시,수요일,광주광역시 서구 치평동,중상사고,0,1,0,0,차대차 - 기타,안전운전불이행,건조,맑음,미분류 - 미분류,승용,남,49세,상해없음,이륜,남,51세,중상
2022121400100350,2022년 12월 14일 14시,수요일,광주광역시 광산구 산월동,경상사고,0,0,2,0,차대차 - 측면충돌,안전운전불이행,서리/결빙,눈,단일로 - 기타,승용,남,25세,경상,승용,남,50세,경상
2022121400100387,2022년 12월 14일 15시,수요일,광주광역시 광산구 산월동,중상사고,0,1,2,1,차대차 - 추돌,안전운전불이행,건조,맑음,교차로 - 교차로부근,승용,남,63세,부상신고,원동기,남,42세,중상
2022121400100542,2022년 12월 14일 18시,수요일,광주광역시 동구 학동,경상사고,0,0,1,0,차대사람 - 횡단중,안전운전불이행,건조,흐림,단일로 - 기타,승용,남,51세,상해없음,보행자,남,79세,경상
2022121400100543,2022년 12월 14일 18시,수요일,광주광역시 광산구 운수동,경상사고,0,0,2,0,차대차 - 측면충돌,안전거리미확보,건조,맑음,교차로 - 교차로부근,승용,여,24세,경상,승용,남,29세,경상
2022121400100591,2022년 12월 14일 19시,수요일,광주광역시 남구 월산동,중상사고,0,1,0,0,차대사람 - 보도통행중,안전운전불이행,건조,맑음,기타 - 기타,승합,남,26세,상해없음,보행자,여,55세,중상
2022121400100653,2022년 12월 14일 21시,수요일,광주광역시 북구 삼각동,경상사고,0,0,1,0,차대차 - 기타,안전운전불이행,건조,맑음,단일로 - 기타,승용,여,36세,상해없음,이륜,남,42세,경상
2022121400100654,2022년 12월 14일 21시,수요일,광주광역시 북구 임동,경상사고,0,0,1,0,차대차 - 추돌,안전거리미확보,건조,맑음,교차로 - 교차로부근,승용,남,68세,상해없음,승용,남,38세,경상
2022121500100131,2022년 12월 15일 08시,목요일,광주광역시 서구 농성동,경상사고,0,0,1,1,차대차 - 측면충돌,교차로운행방법위반,건조,맑음,교차로 - 교차로안,승용,남,42세,경상,승용,여,43세,부상신고
2022121500100155,2022년 12월 15일 09시,목요일,광주광역시 북구 우산동,경상사고,0,0,1,0,차대차 - 측면충돌,직진우회전진행방해,건조,맑음,교차로 - 교차로안,승용,남,38세,상해없음,승용,남,70세,상해없음
2022121500100207,2022년 12월 15일 11시,목요일,광주광역시 서구 농성동,경상사고,0,0,1,0,차대사람 - 기타,안전운전불이행,건조,맑음,기타 - 기타,승용,여,70세,상해없음,보행자,남,59세,경상
2022121500100313,2022년 12월 15일 14시,목요일,광주광역시 서구 풍암동,경상사고,0,0,1,0,차대차 - 기타,안전운전불이행,건조,맑음,교차로 - 교차로부근,승용,남,36세,상해없음,승용,남,55세,경상
2022121500100314,2022년 12월 15일 14시,목요일,광주광역시 북구 운암동,경상사고,0,0,2,0,차대차 - 추돌,안전운전불이행,건조,맑음,교차로 - 교차로부근,승용,여,57세,상해없음,승용,남,62세,상해없음
2022121500100357,2022년 12월 15일 15시,목요일,광주광역시 광산구 운남동,경상사고,0,0,2,0,차대차 - 추돌,안전운전불이행,건조,맑음,단일로 - 기타,승용,남,18세,상해없음,승용,남,73세,경상
2022121500100427,2022년 12월 15일 17시,목요일,광주광역시 광산구 우산동,경상사고,0,0,6,0,차대차 - 측면충돌,신호위반,건조,맑음,교차로 - 교차로안,승용,여,54세,상해없음,승합,여,52세,경상
2022121500100428,2022년 12월 15일 17시,목요일,광주광역시 광산구 산정동,경상사고,0,0,1,0,차대차 - 추돌,안전운전불이행,건조,맑음,기타 - 기타,승합,남,62세,상해없음,승용,여,50세,경상
2022121500100471,2022년 12월 15일 18시,목요일,광주광역시 서구 마륵동,중상사고,0,1,1,0,차대차 - 추돌,안전운전불이행,건조,맑음,단일로 - 기타,화물,남,21세,상해없음,승용,남,44세,경상
2022121500100472,2022년 12월 15일 18시,목요일,광주광역시 서구 벽진동,경상사고,0,0,1,2,차대차 - 추돌,안전거리미확보,건조,맑음,단일로 - 기타,승용,남,45세,부상신고,승용,남,56세,경상
2022121500100497,2022년 12월 15일 19시,목요일,광주광역시 서구 광천동,경상사고,0,0,1,0,차대차 - 추돌,안전운전불이행,건조,맑음,단일로 - 기타,승용,남,66세,상해없음,승용,남,55세,경상
2022121500100498,2022년 12월 15일 19시,목요일,광주광역시 북구 용봉동,경상사고,0,0,1,0,차대차 - 추돌,안전운전불이행,건조,맑음,교차로 - 교차로안,승용,남,63세,상해없음,승용,여,53세,상해없음
2022121500100515,2022년 12월 15일 20시,목요일,광주광역시 광산구 장덕동,경상사고,0,0,1,0,차대차 - 측면충돌,안전운전불이행,건조,맑음,단일로 - 기타,승용,남,18세,기타불명,승용,남,22세,경상
2022121500100562,2022년 12월 15일 22시,목요일,광주광역시 서구 치평동,경상사고,0,0,1,0,차대차 - 기타,중앙선침범,건조,맑음,단일로 - 기타,승용,여,24세,상해없음,승용,여,51세,경상
2022121500100563,2022년 12월 15일 22시,목요일,광주광역시 남구 주월동,경상사고,0,0,1,0,차대차 - 측면충돌,교차로운행방법위반,건조,맑음,교차로 - 교차로안,승용,남,44세,상해없음,승용,남,28세,경상
2022121500100584,2022년 12월 15일 23시,목요일,광주광역시 북구 신용동,중상사고,0,1,0,0,차대사람 - 횡단중,안전운전불이행,젖음/습기,비,교차로 - 교차로횡단보도내,승용,남,31세,상해없음,보행자,남,41세,중상
2022121600100039,2022년 12월 16일 04시,금요일,광주광역시 동구 월남동,경상사고,0,0,1,0,차대차 - 기타,차로위반,건조,맑음,기타 - 기타,승용,남,40세,상해없음,화물,남,48세,경상
2022121600100056,2022년 12월 16일 06시,금요일,광주광역시 광산구 신창동,경상사고,0,0,1,0,차대차 - 측면충돌,안전거리미확보,건조,맑음,단일로 - 기타,승용,남,52세,상해없음,승용,남,48세,경상
2022121600100114,2022년 12월 16일 08시,금요일,광주광역시 북구 운암동,경상사고,0,0,3,0,차대차 - 후진중충돌,불법유턴,건조,맑음,단일로 - 기타,승용,여,45세,기타불명,승용,여,36세,경상
2022121600100179,2022년 12월 16일 10시,금요일,광주광역시 동구 산수동,부상신고사고,0,0,0,1,차대차 - 기타,신호위반,건조,맑음,교차로 - 교차로안,자전거,남,68세,부상신고,승용,여,32세,상해없음
2022121600100204,2022년 12월 16일 11시,금요일,광주광역시 남구 봉선동,경상사고,0,0,3,0,차대차 - 기타,안전운전불이행,건조,맑음,교차로 - 교차로안,승용,여,58세,경상,이륜,남,48세,경상
2022121600100205,2022년 12월 16일 11시,금요일,광주광역시 북구 운암동,경상사고,0,0,1,0,차대차 - 기타,교차로운행방법위반,건조,맑음,교차로 - 교차로안,화물,남,34세,기타불명,승용,여,58세,경상
2022121600100233,2022년 12월 16일 12시,금요일,광주광역시 북구 운암동,경상사고,0,0,3,0,차대차 - 측면충돌,안전운전불이행,건조,맑음,단일로 - 기타,승용,여,48세,경상,승용,남,66세,경상
2022121600100234,2022년 12월 16일 12시,금요일,광주광역시 광산구 연산동,경상사고,0,0,2,0,차대차 - 측면충돌,신호위반,건조,맑음,교차로 - 교차로안,승용,여,33세,경상,화물,남,79세,경상
2022121600100235,2022년 12월 16일 12시,금요일,광주광역시 광산구 도천동,중상사고,0,1,0,0,차대차 - 기타,신호위반,건조,맑음,교차로 - 교차로안,화물,남,73세,상해없음,화물,남,46세,중상
2022121600100293,2022년 12월 16일 14시,금요일,광주광역시 서구 쌍촌동,경상사고,0,0,2,0,차대차 - 측면충돌,안전운전불이행,건조,맑음,교차로 - 교차로안,승용,여,63세,상해없음,승용,여,48세,경상
2022121600100406,2022년 12월 16일 17시,금요일,광주광역시 서구 벽진동,경상사고,0,0,3,0,차대차 - 기타,안전거리미확보,건조,맑음,단일로 - 기타,화물,남,53세,상해없음,승용,여,40세,경상
2022121600100407,2022년 12월 16일 17시,금요일,광주광역시 서구 농성동,경상사고,0,0,1,0,차대차 - 추돌,안전운전불이행,건조,맑음,단일로 - 기타,승용,남,31세,상해없음,화물,남,47세,경상
2022121600100408,2022년 12월 16일 17시,금요일,광주광역시 북구 본촌동,경상사고,0,0,1,0,차대차 - 추돌,안전운전불이행,건조,맑음,교차로 - 교차로부근,승용,남,67세,상해없음,승용,남,42세,경상
2022121600100461,2022년 12월 16일 18시,금요일,광주광역시 북구 각화동,경상사고,0,0,2,0,차대차 - 기타,안전운전불이행,젖음/습기,흐림,단일로 - 기타,승용,여,44세,상해없음,승용,여,34세,경상
2022121600100462,2022년 12월 16일 18시,금요일,광주광역시 광산구 운남동,경상사고,0,0,2,1,차대차 - 추돌,안전운전불이행,건조,맑음,단일로 - 기타,승용,남,29세,경상,승용,남,47세,경상
2022121600100491,2022년 12월 16일 19시,금요일,광주광역시 북구 일곡동,중상사고,0,1,0,0,차대차 - 기타,안전운전불이행,건조,맑음,단일로 - 기타,승용,남,64세,상해없음,이륜,남,25세,중상
2022121600100492,2022년 12월 16일 19시,금요일,광주광역시 광산구 수완동,중상사고,0,1,0,0,차대차 - 기타,신호위반,건조,맑음,교차로 - 교차로안,이륜,남,37세,중상,화물,남,21세,상해없음
2022121600100565,2022년 12월 16일 22시,금요일,광주광역시 남구 주월동,경상사고,0,0,1,0,차대차 - 추돌,안전운전불이행,건조,맑음,교차로 - 교차로부근,이륜,남,24세,상해없음,승용,여,49세,경상
2022121600100566,2022년 12월 16일 22시,금요일,광주광역시 남구 월산동,경상사고,0,0,1,0,차대사람 - 횡단중,안전운전불이행,건조,맑음,단일로 - 기타,화물,남,47세,상해없음,보행자,여,54세,경상
2022121600100567,2022년 12월 16일 22시,금요일,광주광역시 북구 신안동,중상사고,0,2,1,1,차대차 - 정면충돌,중앙선침범,서리/결빙,눈,단일로 - 기타,승용,남,31세,부상신고,승용,남,66세,경상
2022121600100597,2022년 12월 16일 23시,금요일,광주광역시 남구 주월동,경상사고,0,0,1,0,차대사람 - 기타,안전운전불이행,건조,맑음,단일로 - 기타,승용,남,55세,상해없음,보행자,남,55세,경상
2022121700100014,2022년 12월 17일 00시,토요일,광주광역시 북구 용봉동,경상사고,0,0,3,0,차대차 - 측면충돌,교차로운행방법위반,건조,맑음,교차로 - 교차로안,승용,남,23세,상해없음,승용,남,72세,경상
2022121700100033,2022년 12월 17일 01시,토요일,광주광역시 광산구 소촌동,경상사고,0,0,1,0,차대차 - 측면충돌,안전운전불이행,건조,맑음,교차로 - 교차로부근,승용,남,41세,상해없음,승용,남,31세,경상
2022121700100062,2022년 12월 17일 05시,토요일,광주광역시 광산구 운남동,경상사고,0,0,1,0,차대차 - 추돌,안전운전불이행,건조,맑음,단일로 - 기타,승용,남,60세,상해없음,승용,남,73세,경상
2022121700100126,2022년 12월 17일 09시,토요일,광주광역시 서구 금호동,중상사고,0,1,0,0,차대차 - 기타,안전운전불이행,젖음/습기,맑음,단일로 - 기타,승용,여,41세,상해없음,자전거,남,55세,중상
2022121700100127,2022년 12월 17일 09시,토요일,광주광역시 광산구 본덕동,경상사고,0,0,1,0,차량단독 - 공작물충돌,안전운전불이행,서리/결빙,눈,단일로 - 교량,화물,남,66세,상해없음,,,,
2022121700100188,2022년 12월 17일 11시,토요일,광주광역시 북구 우산동,경상사고,0,0,2,0,차대차 - 추돌,안전운전불이행,적설,흐림,단일로 - 기타,승용,남,28세,상해없음,승용,남,65세,경상
2022121700100189,2022년 12월 17일 11시,토요일,광주광역시 북구 풍향동,경상사고,0,0,1,0,차대차 - 기타,안전운전불이행,젖음/습기,눈,단일로 - 기타,승용,남,28세,상해없음,승용,남,25세,경상
2022121700100190,2022년 12월 17일 11시,토요일,광주광역시 서구 동천동,경상사고,0,0,1,0,차대차 - 추돌,안전거리미확보,적설,눈,단일로 - 기타,화물,남,61세,상해없음,승용,여,30세,경상
2022121700100229,2022년 12월 17일 12시,토요일,광주광역시 서구 풍암동,경상사고,0,0,1,0,차대차 - 기타,안전운전불이행,적설,눈,단일로 - 기타,승용,남,54세,상해없음,승용,남,31세,경상
2022121700100306,2022년 12월 17일 14시,토요일,광주광역시 광산구 신창동,경상사고,0,0,1,0,차대차 - 기타,교차로운행방법위반,건조,맑음,교차로 - 교차로안,승용,남,25세,기타불명,이륜,남,30세,경상
2022121700100336,2022년 12월 17일 15시,토요일,광주광역시 서구 매월동,경상사고,0,0,1,0,차대차 - 기타,안전운전불이행,건조,맑음,교차로 - 교차로부근,승용,남,59세,상해없음,승용,여,50세,경상
2022121700100362,2022년 12월 17일 16시,토요일,광주광역시 북구 우산동,경상사고,0,0,1,0,차대차 - 기타,안전운전불이행,젖음/습기,흐림,단일로 - 기타,승용,남,52세,상해없음,이륜,남,27세,경상
2022121700100560,2022년 12월 17일 23시,토요일,광주광역시 북구 용봉동,경상사고,0,0,1,0,차대사람 - 기타,보행자보호의무위반,젖음/습기,눈,교차로 - 교차로횡단보도내,승용,남,44세,상해없음,보행자,남,28세,경상
2022121700100561,2022년 12월 17일 23시,토요일,광주광역시 광산구 쌍암동,경상사고,0,0,1,0,차대사람 - 횡단중,안전운전불이행,서리/결빙,눈,기타 - 기타,승용,남,49세,상해없음,보행자,남,30세,경상
2022121800100015,2022년 12월 18일 00시,일요일,광주광역시 동구 금남로4가,경상사고,0,0,1,1,차대차 - 추돌,안전운전불이행,적설,눈,교차로 - 교차로부근,승용,여,24세,상해없음,승용,남,66세,부상신고
2022121800100031,2022년 12월 18일 01시,일요일,광주광역시 북구 임동,경상사고,0,0,4,0,차대차 - 기타,신호위반,적설,눈,교차로 - 교차로안,승용,남,43세,상해없음,승용,남,57세,경상
2022121800100032,2022년 12월 18일 01시,일요일,광주광역시 북구 신안동,경상사고,0,0,1,0,차대차 - 추돌,안전운전불이행,서리/결빙,눈,단일로 - 기타,승용,남,25세,상해없음,승용,남,32세,경상
2022121800100062,2022년 12월 18일 06시,일요일,광주광역시 북구 양산동,경상사고,0,0,1,0,차대차 - 기타,안전운전불이행,서리/결빙,눈,교차로 - 교차로안,승용,여,38세,기타불명,승합,남,49세,경상