사고번호,사고일시,요일,시군구,사고내용,사망자수,중상자수,경상자수,부상신고자수,사고유형,법규위반,노면상태,기상상태,도로형태,가해운전자 차종,가해운전자 성별,가해운전자 연령,가해운전자 상해정도,피해운전자 차종,피해운전자 성별,피해운전자 연령,피해운전자 상해정도
2022121800100104,2022년 12월 18일 10시,일요일,광주광역시 서구 치평동,경상사고,0,0,1,0,차량단독 - 기타,안전운전불이행,서리/결빙,맑음,단일로 - 기타,승용,남,53세,상해없음,,,,
2022121800100126,2022년 12월 18일 11시,일요일,광주광역시 서구 농성동,경상사고,0,0,1,0,차대차 - 추돌,안전운전불이행,서리/결빙,맑음,교차로 - 교차로부근,승용,남,57세,상해없음,승용,남,80세,상해없음
2022121800100148,2022년 12월 18일 12시,일요일,광주광역시 광산구 장덕동,중상사고,0,1,0,0,차대사람 - 횡단중,안전운전불이행,젖음/습기,눈,교차로 - 교차로횡단보도내,승용,남,64세,상해없음,보행자,여,16세,중상
2022121800100149,2022년 12월 18일 12시,일요일,광주광역시 광산구 월계동,경상사고,0,0,1,0,차대사람 - 기타,안전운전불이행,서리/결빙,흐림,단일로 - 기타,승용,남,51세,상해없음,보행자,여,35세,경상
2022121800100216,2022년 12월 18일 14시,일요일,광주광역시 북구 운암동,경상사고,0,0,2,0,차대차 - 추돌,안전운전불이행,적설,눈,단일로 - 기타,승합,남,66세,기타불명,승용,남,53세,경상
2022121800100288,2022년 12월 18일 17시,일요일,광주광역시 광산구 장록동,경상사고,0,0,1,0,차량단독 - 기타,안전운전불이행,서리/결빙,눈,단일로 - 기타,승용,남,67세,경상,,,,
2022121800100316,2022년 12월 18일 18시,일요일,광주광역시 북구 문흥동,경상사고,0,0,1,0,차대차 - 기타,교차로운행방법위반,건조,맑음,교차로 - 교차로안,승용,남,43세,상해없음,승용,남,56세,경상
2022121900100055,2022년 12월 19일 06시,월요일,광주광역시 광산구 선암동,경상사고,0,0,1,0,차대차 - 추돌,안전운전불이행,적설,눈,교차로 - 교차로부근,승용,남,25세,상해없음,승용,남,62세,경상
2022121900100178,2022년 12월 19일 10시,월요일,광주광역시 북구 동림동,경상사고,0,0,1,0,차대차 - 측면충돌,안전운전불이행,서리/결빙,맑음,교차로 - 교차로부근,승용,남,24세,상해없음,승용,남,44세,경상
2022121900100248,2022년 12월 19일 12시,월요일,광주광역시 광산구 본덕동,경상사고,0,0,3,0,차대차 - 측면충돌,차로위반,젖음/습기,눈,단일로 - 기타,화물,남,29세,상해없음,승용,남,63세,경상
2022121900100283,2022년 12월 19일 13시,월요일,광주광역시 남구 봉선동,경상사고,0,0,1,0,차대차 - 후진중충돌,안전운전불이행,적설,흐림,단일로 - 기타,화물,남,37세,상해없음,승용,여,42세,경상
2022121900100314,2022년 12월 19일 14시,월요일,광주광역시 북구 동림동,경상사고,0,0,3,0,차대차 - 측면충돌,안전운전불이행,젖음/습기,맑음,단일로 - 고가도로위,승용,여,69세,상해없음,승용,남,31세,경상
2022121900100344,2022년 12월 19일 15시,월요일,광주광역시 북구 신안동,경상사고,0,0,1,0,차대차 - 측면충돌,안전거리미확보,젖음/습기,흐림,교차로 - 교차로부근,화물,남,59세,상해없음,승용,남,79세,경상
2022121900100411,2022년 12월 19일 17시,월요일,광주광역시 북구 두암동,경상사고,0,0,1,0,차대차 - 정면충돌,안전운전불이행,서리/결빙,맑음,단일로 - 기타,승용,남,58세,경상,승용,남,21세,기타불명
2022121900100412,2022년 12월 19일 17시,월요일,광주광역시 광산구 쌍암동,경상사고,0,0,4,0,차대차 - 측면충돌,교차로운행방법위반,건조,맑음,교차로 - 교차로안,승용,남,40세,경상,승용,남,28세,경상
2022121900100454,2022년 12월 19일 18시,월요일,광주광역시 북구 운암동,경상사고,0,0,3,0,차대차 - 기타,안전거리미확보,젖음/습기,맑음,단일로 - 고가도로위,승용,남,34세,상해없음,승용,남,27세,경상
2022121900100513,2022년 12월 19일 20시,월요일,광주광역시 서구 농성동,경상사고,0,0,2,0,차대차 - 기타,안전운전불이행,젖음/습기,기타,단일로 - 기타,승용,남,51세,상해없음,승용,남,21세,경상
2022121900100514,2022년 12월 19일 20시,월요일,광주광역시 남구 임암동,경상사고,0,0,1,0,차대차 - 측면충돌,안전운전불이행,건조,맑음,단일로 - 기타,승용,남,48세,상해없음,승용,여,26세,경상
2022122000100006,2022년 12월 20일 00시,화요일,광주광역시 남구 방림동,경상사고,0,0,2,0,차대차 - 추돌,안전거리미확보,건조,맑음,단일로 - 기타,승용,남,72세,상해없음,승용,남,49세,상해없음
2022122000100024,2022년 12월 20일 02시,화요일,광주광역시 북구 매곡동,경상사고,0,0,2,0,차대차 - 기타,신호위반,적설,맑음,교차로 - 교차로안,승용,남,60세,상해없음,승용,남,66세,경상
2022122000100072,2022년 12월 20일 07시,화요일,광주광역시 서구 덕흥동,경상사고,0,0,1,0,차량단독 - 공작물충돌,안전운전불이행,기타,흐림,단일로 - 기타,승용,여,44세,경상,,,,
2022122000100112,2022년 12월 20일 08시,화요일,광주광역시 북구 매곡동,경상사고,0,0,1,1,차대차 - 기타,안전운전불이행,서리/결빙,흐림,단일로 - 기타,승용,여,49세,부상신고,승용,남,51세,경상
2022122000100113,2022년 12월 20일 08시,화요일,광주광역시 북구 용봉동,경상사고,0,0,1,0,차대사람 - 차도통행중,안전운전불이행,건조,맑음,단일로 - 기타,승용,남,55세,상해없음,보행자,남,18세,경상
2022122000100148,2022년 12월 20일 09시,화요일,광주광역시 북구 매곡동,경상사고,0,0,1,0,차대차 - 측면충돌,차로위반,건조,맑음,단일로 - 기타,화물,남,82세,상해없음,승용,남,52세,경상
2022122000100192,2022년 12월 20일 10시,화요일,광주광역시 북구 임동,경상사고,0,0,1,0,차대차 - 기타,안전거리미확보,젖음/습기,비,단일로 - 기타,승용,여,30세,상해없음,승용,남,30세,경상
2022122000100235,2022년 12월 20일 11시,화요일,광주광역시 동구 금남로4가,경상사고,0,0,2,0,차대차 - 기타,안전운전불이행,건조,맑음,단일로 - 기타,승용,남,44세,상해없음,승용,남,34세,경상
2022122000100304,2022년 12월 20일 13시,화요일,광주광역시 북구 삼각동,경상사고,0,0,1,0,차대사람 - 기타,기타,젖음/습기,맑음,단일로 - 기타,승용,여,58세,상해없음,보행자,여,48세,경상
2022122000100305,2022년 12월 20일 13시,화요일,광주광역시 광산구 하남동,중상사고,0,1,0,0,차대사람 - 횡단중,신호위반,건조,맑음,교차로 - 교차로횡단보도내,승합,남,66세,상해없음,보행자,여,72세,중상
2022122000100337,2022년 12월 20일 14시,화요일,광주광역시 북구 월출동,경상사고,0,0,1,0,차대차 - 기타,안전거리미확보,건조,맑음,단일로 - 기타,화물,남,52세,상해없음,승용,남,27세,경상
2022122000100338,2022년 12월 20일 14시,화요일,광주광역시 광산구 우산동,부상신고사고,0,0,0,1,차대차 - 측면충돌,안전운전불이행,건조,맑음,교차로 - 교차로부근,화물,남,68세,상해없음,승용,남,24세,부상신고
2022122000100384,2022년 12월 20일 15시,화요일,광주광역시 북구 임동,경상사고,0,0,1,0,차대차 - 측면충돌,안전거리미확보,젖음/습기,흐림,교차로 - 교차로부근,승용,남,53세,상해없음,승용,남,33세,경상
2022122000100421,2022년 12월 20일 16시,화요일,광주광역시 동구 대인동,경상사고,0,0,2,0,차대차 - 추돌,안전운전불이행,건조,맑음,단일로 - 기타,승용,여,28세,상해없음,승용,여,23세,경상
2022122000100422,2022년 12월 20일 16시,화요일,광주광역시 광산구 장덕동,경상사고,0,0,1,0,차대차 - 측면충돌,안전운전불이행,건조,맑음,교차로 - 교차로안,화물,남,54세,상해없음,이륜,남,32세,경상
2022122000100525,2022년 12월 20일 18시,화요일,광주광역시 남구 방림동,중상사고,0,1,0,0,차대사람 - 기타,보행자보호의무위반,젖음/습기,흐림,단일로 - 기타,이륜,남,18세,상해없음,보행자,여,35세,중상
2022122000100526,2022년 12월 20일 18시,화요일,광주광역시 북구 양산동,중상사고,0,1,0,0,차대사람 - 보도통행중,보행자보호의무위반,기타,맑음,교차로 - 교차로부근,승용,남,70세,상해없음,보행자,여,39세,중상
2022122000100600,2022년 12월 20일 20시,화요일,광주광역시 서구 내방동,중상사고,0,1,3,1,차대차 - 측면충돌,교차로운행방법위반,건조,맑음,교차로 - 교차로안,승용,남,47세,경상,승용,남,64세,중상
2022122000100649,2022년 12월 20일 22시,화요일,광주광역시 남구 월산동,경상사고,0,0,3,0,차대차 - 추돌,안전운전불이행,건조,맑음,단일로 - 기타,승용,남,37세,상해없음,승용,남,58세,경상
2022122000100650,2022년 12월 20일 22시,화요일,광주광역시 북구 두암동,경상사고,0,0,1,0,차대사람 - 기타,안전운전불이행,건조,기타,기타 - 기타,화물,남,57세,상해없음,보행자,남,60세,경상
2022122100100031,2022년 12월 21일 03시,수요일,광주광역시 서구 치평동,경상사고,0,0,1,0,차대차 - 추돌,불법유턴,건조,맑음,교차로 - 교차로부근,승용,남,41세,상해없음,승용,남,26세,경상
2022122100100060,2022년 12월 21일 06시,수요일,광주광역시 북구 용봉동,경상사고,0,0,1,0,차대사람 - 차도통행중,중앙선침범,젖음/습기,흐림,교차로 - 교차로안,승용,남,59세,상해없음,보행자,여,18세,경상
2022122100100132,2022년 12월 21일 08시,수요일,광주광역시 북구 매곡동,경상사고,0,0,1,0,차대차 - 측면충돌,안전거리미확보,젖음/습기,맑음,단일로 - 기타,승용,남,34세,상해없음,화물,남,35세,경상
2022122100100149,2022년 12월 21일 08시,수요일,광주광역시 북구 양산동,중상사고,0,1,0,0,차대사람 - 차도통행중,안전운전불이행,젖음/습기,맑음,단일로 - 기타,승용,여,63세,상해없음,보행자,여,13세,중상
2022122100100150,2022년 12월 21일 08시,수요일,광주광역시 북구 용두동,경상사고,0,0,2,0,차대차 - 측면충돌,차로위반,젖음/습기,흐림,단일로 - 기타,승용,여,30세,상해없음,승용,남,48세,경상
2022122100100151,2022년 12월 21일 08시,수요일,광주광역시 광산구 하남동,경상사고,0,0,1,0,차대차 - 측면충돌,안전거리미확보,건조,맑음,단일로 - 기타,승용,여,56세,상해없음,화물,남,22세,경상
2022122100100198,2022년 12월 21일 09시,수요일,광주광역시 서구 화정동,경상사고,0,0,1,0,차대차 - 측면충돌,안전운전불이행,건조,맑음,교차로 - 교차로안,승용,남,65세,상해없음,승용,여,34세,경상
2022122100100199,2022년 12월 21일 09시,수요일,광주광역시 북구 신안동,경상사고,0,0,1,0,차대차 - 기타,안전거리미확보,건조,맑음,단일로 - 기타,승용,남,58세,상해없음,승용,남,32세,경상
2022122100100212,2022년 12월 21일 10시,수요일,광주광역시 광산구 신창동,경상사고,0,0,1,0,차대차 - 측면충돌,중앙선침범,젖음/습기,비,단일로 - 지하차도(도로)내,승용,남,60세,상해없음,승용,남,56세,경상
2022122100100250,2022년 12월 21일 12시,수요일,광주광역시 서구 유촌동,경상사고,0,0,1,0,차대차 - 측면충돌,신호위반,건조,맑음,교차로 - 교차로안,승용,여,46세,상해없음,승용,남,37세,경상
2022122100100251,2022년 12월 21일 12시,수요일,광주광역시 서구 풍암동,경상사고,0,0,2,0,차대차 - 측면충돌,교차로운행방법위반,건조,맑음,교차로 - 교차로안,승용,여,62세,상해없음,승합,남,58세,경상
2022122100100252,2022년 12월 21일 12시,수요일,광주광역시 북구 용두동,경상사고,0,0,3,0,차대차 - 기타,기타,젖음/습기,비,교차로 - 교차로부근,승용,여,62세,경상,승용,남,64세,경상
2022122100100280,2022년 12월 21일 14시,수요일,광주광역시 광산구 운남동,경상사고,0,0,1,0,차대차 - 기타,신호위반,건조,맑음,교차로 - 교차로횡단보도내,승용,남,61세,상해없음,자전거,남,62세,경상
2022122100100303,2022년 12월 21일 15시,수요일,광주광역시 남구 행암동,경상사고,0,0,2,0,차대차 - 기타,안전운전불이행,건조,맑음,단일로 - 기타,승용,남,57세,상해없음,승용,여,42세,경상
2022122100100328,2022년 12월 21일 16시,수요일,광주광역시 북구 우산동,중상사고,0,1,0,0,차대사람 - 횡단중,신호위반,젖음/습기,비,교차로 - 교차로횡단보도내,승합,남,74세,상해없음,보행자,남,50세,중상
2022122100100329,2022년 12월 21일 16시,수요일,광주광역시 광산구 장덕동,경상사고,0,0,1,1,차대차 - 측면충돌,차로위반,젖음/습기,비,교차로 - 교차로안,승용,남,52세,부상신고,승용,남,26세,경상
2022122100100403,2022년 12월 21일 18시,수요일,광주광역시 서구 농성동,경상사고,0,0,3,0,차대차 - 측면충돌,안전운전불이행,건조,맑음,단일로 - 기타,승용,남,32세,상해없음,승용,남,51세,경상
2022122100100404,2022년 12월 21일 18시,수요일,광주광역시 북구 두암동,경상사고,0,0,1,0,차대차 - 기타,교차로운행방법위반,건조,맑음,교차로 - 교차로안,이륜,남,20세,경상,승용,여,21세,상해없음
2022122100100405,2022년 12월 21일 18시,수요일,광주광역시 광산구 장덕동,경상사고,0,0,1,0,차대사람 - 기타,안전운전불이행,젖음/습기,흐림,단일로 - 기타,승용,남,64세,상해없음,보행자,남,58세,경상
2022122100100435,2022년 12월 21일 19시,수요일,광주광역시 광산구 송정동,부상신고사고,0,0,0,1,차대차 - 측면충돌,안전운전불이행,젖음/습기,맑음,교차로 - 교차로부근,화물,남,22세,상해없음,승용,남,43세,부상신고
2022122100100459,2022년 12월 21일 20시,수요일,광주광역시 광산구 장덕동,경상사고,0,0,2,0,차대차 - 추돌,안전운전불이행,젖음/습기,흐림,교차로 - 교차로부근,승용,남,35세,상해없음,승용,남,71세,경상
2022122100100482,2022년 12월 21일 21시,수요일,광주광역시 서구 화정동,경상사고,0,0,1,0,차대사람 - 기타,안전운전불이행,건조,맑음,단일로 - 기타,이륜,남,43세,상해없음,보행자,여,26세,경상
2022122100100483,2022년 12월 21일 21시,수요일,광주광역시 서구 농성동,경상사고,0,0,1,0,차대차 - 후진중충돌,안전운전불이행,건조,맑음,교차로 - 교차로부근,승용,남,66세,상해없음,승용,여,24세,경상
2022122200100008,2022년 12월 22일 00시,목요일,광주광역시 광산구 신창동,경상사고,0,0,2,0,차대차 - 추돌,안전운전불이행,건조,맑음,단일로 - 교량,승용,여,28세,상해없음,승용,여,33세,경상
2022122200100053,2022년 12월 22일 06시,목요일,광주광역시 남구 주월동,경상사고,0,0,1,0,차대차 - 기타,안전운전불이행,서리/결빙,눈,기타 - 기타,승합,남,65세,상해없음,화물,남,38세,경상
2022122200100054,2022년 12월 22일 06시,목요일,광주광역시 광산구 신촌동,경상사고,0,0,2,0,차대차 - 추돌,안전운전불이행,서리/결빙,눈,교차로 - 교차로부근,승합,남,41세,상해없음,승용,남,70세,경상
2022122200100055,2022년 12월 22일 06시,목요일,광주광역시 광산구 우산동,경상사고,0,0,1,0,차대차 - 추돌,안전운전불이행,서리/결빙,기타,단일로 - 기타,화물,남,37세,상해없음,화물,남,60세,경상
2022122200100082,2022년 12월 22일 07시,목요일,광주광역시 서구 금호동,경상사고,0,0,1,0,차대차 - 측면충돌,안전운전불이행,서리/결빙,흐림,교차로 - 교차로안,승용,남,35세,상해없음,승합,남,51세,경상
2022122200100083,2022년 12월 22일 07시,목요일,광주광역시 북구 문흥동,경상사고,0,0,1,0,차대사람 - 기타,안전운전불이행,적설,눈,단일로 - 기타,승용,남,67세,상해없음,보행자,남,39세,경상
2022122200100126,2022년 12월 22일 08시,목요일,광주광역시 북구 매곡동,경상사고,0,0,2,0,차대차 - 추돌,안전운전불이행,서리/결빙,눈,단일로 - 기타,승용,남,48세,상해없음,승용,남,67세,경상
2022122200100127,2022년 12월 22일 08시,목요일,광주광역시 광산구 장덕동,경상사고,0,0,2,0,차대차 - 측면충돌,중앙선침범,서리/결빙,흐림,단일로 - 기타,승용,남,31세,기타불명,승용,여,44세,경상
2022122200100141,2022년 12월 22일 09시,목요일,광주광역시 북구 월출동,경상사고,0,0,2,0,차대차 - 정면충돌,안전운전불이행,적설,눈,단일로 - 기타,승용,남,24세,경상,승용,여,36세,경상
2022122200100147,2022년 12월 22일 09시,목요일,광주광역시 북구 지야동,경상사고,0,0,3,0,차대차 - 정면충돌,안전운전불이행,서리/결빙,맑음,교차로 - 교차로안,승용,여,37세,기타불명,승용,여,44세,경상
2022122200100165,2022년 12월 22일 10시,목요일,광주광역시 서구 쌍촌동,경상사고,0,0,1,0,차대차 - 추돌,안전거리미확보,건조,맑음,단일로 - 기타,승용,남,54세,상해없음,승용,여,40세,경상
2022122200100166,2022년 12월 22일 10시,목요일,광주광역시 남구 임암동,경상사고,0,0,1,0,차대사람 - 기타,안전운전불이행,적설,눈,단일로 - 기타,기타불명,기타불명,미분류,기타불명,보행자,여,19세,경상
2022122200100168,2022년 12월 22일 10시,목요일,광주광역시 광산구 하남동,경상사고,0,0,2,0,차대차 - 추돌,안전운전불이행,서리/결빙,맑음,단일로 - 기타,승용,남,51세,상해없음,승용,남,31세,경상
2022122200100190,2022년 12월 22일 11시,목요일,광주광역시 북구 운암동,경상사고,0,0,1,0,차대차 - 측면충돌,안전운전불이행,젖음/습기,눈,교차로 - 교차로안,화물,남,62세,상해없음,화물,남,48세,경상
2022122200100246,2022년 12월 22일 13시,목요일,광주광역시 서구 쌍촌동,경상사고,0,0,2,0,차대차 - 기타,안전거리미확보,건조,맑음,교차로 - 교차로부근,승용,남,55세,상해없음,이륜,남,24세,경상
2022122200100265,2022년 12월 22일 14시,목요일,광주광역시 광산구 월계동,경상사고,0,0,2,0,차대차 - 정면충돌,안전거리미확보,젖음/습기,눈,단일로 - 기타,화물,남,23세,상해없음,승용,남,30세,경상
2022122200100270,2022년 12월 22일 14시,목요일,광주광역시 광산구 소촌동,경상사고,0,0,1,0,차대차 - 기타,중앙선침범,서리/결빙,맑음,단일로 - 기타,승합,남,69세,기타불명,승용,남,43세,경상
2022122200100362,2022년 12월 22일 17시,목요일,광주광역시 북구 신용동,경상사고,0,0,2,0,차대차 - 측면충돌,안전운전불이행,건조,맑음,교차로 - 교차로안,승용,여,54세,경상,승용,여,52세,경상
2022122200100363,2022년 12월 22일 17시,목요일,광주광역시 북구 우산동,경상사고,0,0,1,0,차대차 - 추돌,안전운전불이행,서리/결빙,맑음,단일로 - 기타,승용,남,27세,기타불명,승용,여,35세,경상
2022122200100364,2022년 12월 22일 17시,목요일,광주광역시 광산구 송정동,경상사고,0,0,1,1,차대차 - 측면충돌,안전운전불이행,젖음/습기,눈,단일로 - 지하차도(도로)내,화물,남,61세,부상신고,승용,남,41세,경상
2022122200100415,2022년 12월 22일 18시,목요일,광주광역시 북구 두암동,부상신고사고,0,0,0,1,차대차 - 기타,안전운전불이행,적설,눈,단일로 - 기타,승용,남,64세,상해없음,승용,남,43세,부상신고
2022122200100416,2022년 12월 22일 18시,목요일,광주광역시 북구 중흥동,경상사고,0,0,2,0,차대차 - 기타,안전거리미확보,적설,맑음,단일로 - 기타,승용,남,41세,상해없음,승용,여,60세,경상
2022122200100460,2022년 12월 22일 19시,목요일,광주광역시 광산구 월계동,경상사고,0,0,3,0,차대차 - 추돌,안전운전불이행,서리/결빙,눈,단일로 - 기타,승합,남,50세,상해없음,승용,남,36세,경상
2022122200100487,2022년 12월 22일 20시,목요일,광주광역시 광산구 하남동,경상사고,0,0,2,0,차대차 - 측면충돌,신호위반,적설,눈,교차로 - 교차로안,승용,여,52세,상해없음,승용,남,22세,경상
2022122200100522,2022년 12월 22일 21시,목요일,광주광역시 서구 화정동,중상사고,0,1,0,0,차대사람 - 길가장자리구역통행중,안전운전불이행,적설,눈,교차로 - 교차로안,승용,남,52세,상해없음,보행자,여,88세,중상
2022122200100546,2022년 12월 22일 22시,목요일,광주광역시 서구 마륵동,경상사고,0,0,2,0,차대차 - 추돌,안전운전불이행,서리/결빙,눈,교차로 - 교차로부근,승용,여,38세,상해없음,승용,남,63세,경상
2022122200100570,2022년 12월 22일 23시,목요일,광주광역시 광산구 신가동,경상사고,0,0,1,0,차대차 - 측면충돌,신호위반,적설,눈,교차로 - 교차로안,승용,남,32세,상해없음,승용,남,60세,경상
2022122300100074,2022년 12월 23일 07시,금요일,광주광역시 광산구 월계동,경상사고,0,0,1,0,차대차 - 측면충돌,안전운전불이행,적설,눈,교차로 - 교차로안,승용,여,49세,상해없음,승용,남,24세,경상
2022122300100100,2022년 12월 23일 08시,금요일,광주광역시 광산구 도천동,경상사고,0,0,1,0,차대차 - 측면충돌,안전거리미확보,적설,눈,교차로 - 교차로부근,화물,남,49세,상해없음,승용,남,35세,경상
2022122300100101,2022년 12월 23일 08시,금요일,광주광역시 광산구 비아동,경상사고,0,0,1,0,차대차 - 추돌,안전운전불이행,젖음/습기,눈,교차로 - 교차로부근,승용,남,39세,상해없음,승용,여,34세,경상
2022122300100123,2022년 12월 23일 09시,금요일,광주광역시 동구 금남로5가,중상사고,0,1,7,1,차대차 - 추돌,안전운전불이행,서리/결빙,눈,단일로 - 기타,승합,남,63세,상해없음,승합,남,47세,중상
2022122300100124,2022년 12월 23일 09시,금요일,광주광역시 동구 소태동,경상사고,0,0,2,0,차대차 - 기타,안전운전불이행,적설,눈,단일로 - 교량,승용,남,42세,경상,화물,남,47세,경상
2022122300100125,2022년 12월 23일 09시,금요일,광주광역시 북구 용전동,경상사고,0,0,1,0,차대차 - 기타,안전운전불이행,적설,눈,단일로 - 기타,승용,남,43세,상해없음,승용,여,54세,경상
2022122300100149,2022년 12월 23일 10시,금요일,광주광역시 광산구 신창동,경상사고,0,0,1,0,차대차 - 측면충돌,안전운전불이행,적설,눈,단일로 - 기타,승용,남,29세,상해없음,화물,남,43세,경상
2022122300100230,2022년 12월 23일 13시,금요일,광주광역시 광산구 하남동,경상사고,0,0,1,0,차대사람 - 기타,안전운전불이행,적설,눈,단일로 - 기타,승합,남,52세,상해없음,보행자,여,26세,경상
2022122300100293,2022년 12월 23일 15시,금요일,광주광역시 남구 방림동,경상사고,0,0,2,0,차대차 - 추돌,안전거리미확보,적설,눈,단일로 - 기타,승용,남,40세,상해없음,승용,여,34세,경상
2022122300100326,2022년 12월 23일 16시,금요일,광주광역시 광산구 신촌동,경상사고,0,0,2,0,차대차 - 추돌,안전거리미확보,서리/결빙,눈,교차로 - 교차로안,승합,남,38세,상해없음,승용,여,56세,경상
2022122300100327,2022년 12월 23일 16시,금요일,광주광역시 광산구 장덕동,경상사고,0,0,1,0,차대차 - 추돌,안전운전불이행,서리/결빙,눈,교차로 - 교차로부근,화물,남,46세,상해없음,승용,남,48세,경상
2022122300100421,2022년 12월 23일 18시,금요일,광주광역시 광산구 비아동,경상사고,0,0,1,0,차대차 - 추돌,안전운전불이행,건조,맑음,교차로 - 교차로부근,승용,남,55세,상해없음,승용,남,58세,경상
2022122400100014,2022년 12월 24일 00시,토요일,광주광역시 서구 매월동,경상사고,0,0,1,0,차량단독 - 공작물충돌,안전운전불이행,적설,맑음,단일로 - 기타,승용,남,53세,상해없음,,,,
2022122400100045,2022년 12월 24일 04시,토요일,광주광역시 서구 쌍촌동,경상사고,0,0,1,0,차대차 - 기타,안전운전불이행,서리/결빙,눈,교차로 - 교차로안,승용,남,25세,상해없음,승용,남,26세,기타불명
2022122400100069,2022년 12월 24일 07시,토요일,광주광역시 광산구 신창동,경상사고,0,0,2,0,차대차 - 정면충돌,안전운전불이행,적설,눈,교차로 - 교차로부근,승용,남,27세,상해없음,승용,남,58세,경상
2022122400100100,2022년 12월 24일 09시,토요일,광주광역시 광산구 우산동,경상사고,0,0,1,0,차량단독 - 공작물충돌,안전운전불이행,적설,눈,단일로 - 기타,승용,남,39세,경상,,,,
2022122400100273,2022년 12월 24일 14시,토요일,광주광역시 광산구 임곡동,부상신고사고,0,0,0,1,차대사람 - 기타,안전운전불이행,건조,맑음,단일로 - 기타,승용,남,81세,상해없음,보행자,남,62세,부상신고
2022122400100497,2022년 12월 24일 20시,토요일,광주광역시 서구 광천동,경상사고,0,0,1,0,차대사람 - 기타,안전운전불이행,서리/결빙,흐림,단일로 - 기타,승용,남,65세,상해없음,보행자,남,37세,경상
2022122500100011,2022년 12월 25일 00시,일요일,광주광역시 서구 쌍촌동,경상사고,0,0,1,0,차대차 - 추돌,안전거리미확보,서리/결빙,눈,교차로 - 교차로부근,승용,남,27세,상해없음,승용,남,29세,경상
2022122500100029,2022년 12월 25일 03시,일요일,광주광역시 동구 금남로5가,경상사고,0,0,2,0,차대사람 - 횡단중,기타,서리/결빙,흐림,단일로 - 기타,승용,남,69세,상해없음,보행자,남,17세,경상
2022122500100036,2022년 12월 25일 04시,일요일,광주광역시 남구 구동,중상사고,0,1,2,0,차대차 - 기타,신호위반,적설,눈,교차로 - 교차로안,승용,남,20세,상해없음,승용,남,51세,경상
2022122500100112,2022년 12월 25일 11시,일요일,광주광역시 북구 중흥동,경상사고,0,0,2,0,차대차 - 추돌,안전운전불이행,서리/결빙,눈,단일로 - 기타,승용,남,54세,상해없음,승용,남,24세,경상
2022122500100132,2022년 12월 25일 12시,일요일,광주광역시 동구 금남로3가,경상사고,0,0,1,0,차대차 - 추돌,안전거리미확보,건조,맑음,교차로 - 교차로안,승용,남,61세,상해없음,승용,남,45세,경상
2022122500100150,2022년 12월 25일 13시,일요일,광주광역시 서구 광천동,경상사고,0,0,3,0,차대차 - 측면충돌,안전운전불이행,건조,맑음,단일로 - 기타,승합,남,60세,상해없음,승용,여,34세,경상
2022122500100176,2022년 12월 25일 14시,일요일,광주광역시 동구 학동,경상사고,0,0,2,0,차대차 - 추돌,안전운전불이행,적설,눈,교차로 - 교차로부근,승용,여,48세,상해없음,승용,여,52세,경상
2022122500100177,2022년 12월 25일 14시,일요일,광주광역시 동구 금남로3가,경상사고,0,0,1,0,차대차 - 후진중충돌,중앙선침범,적설,맑음,단일로 - 기타,승용,남,37세,상해없음,승용,남,39세,경상
2022122500100324,2022년 12월 25일 19시,일요일,광주광역시 남구 백운동,경상사고,0,0,2,0,차대차 - 측면충돌,교차로운행방법위반,서리/결빙,눈,교차로 - 교차로부근,승용,남,37세,상해없음,화물,남,36세,경상
2022122500100344,2022년 12월 25일 20시,일요일,광주광역시 광산구 우산동,경상사고,0,0,2,0,차대사람 - 횡단중,보행자보호의무위반,젖음/습기,맑음,교차로 - 교차로횡단보도내,승용,남,56세,상해없음,보행자,남,37세,경상
2022122600100027,2022년 12월 26일 05시,월요일,광주광역시 북구 유동,경상사고,0,0,2,0,차대차 - 기타,안전거리미확보,젖음/습기,흐림,단일로 - 기타,승용,남,57세,상해없음,승용,남,65세,경상
2022122600100028,2022년 12월 26일 05시,월요일,광주광역시 광산구 장덕동,경상사고,0,0,3,0,차대차 - 측면충돌,안전운전불이행,서리/결빙,눈,교차로 - 교차로부근,화물,남,61세,상해없음,승용,남,19세,경상
2022122600100102,2022년 12월 26일 08시,월요일,광주광역시 서구 동천동,경상사고,0,0,4,0,차대차 - 추돌,안전운전불이행,건조,흐림,단일로 - 기타,승용,여,62세,경상,승용,여,31세,상해없음
2022122600100103,2022년 12월 26일 08시,월요일,광주광역시 북구 신용동,경상사고,0,0,1,0,차대사람 - 횡단중,보행자보호의무위반,기타,맑음,교차로 - 교차로횡단보도내,승용,남,54세,상해없음,보행자,여,50세,경상
2022122600100104,2022년 12월 26일 08시,월요일,광주광역시 광산구 우산동,경상사고,0,0,2,0,차대차 - 추돌,안전운전불이행,서리/결빙,맑음,교차로 - 교차로부근,승용,남,24세,상해없음,승용,여,42세,경상