사고번호,사고일시,요일,시군구,사고내용,사망자수,중상자수,경상자수,부상신고자수,사고유형,법규위반,노면상태,기상상태,도로형태,가해운전자 차종,가해운전자 성별,가해운전자 연령,가해운전자 상해정도,피해운전자 차종,피해운전자 성별,피해운전자 연령,피해운전자 상해정도
2022122600100105,2022년 12월 26일 08시,월요일,광주광역시 광산구 산월동,경상사고,0,0,1,0,차대차 - 기타,안전운전불이행,서리/결빙,눈,교차로 - 교차로부근,승용,남,48세,상해없음,승용,남,28세,경상
2022122600100139,2022년 12월 26일 09시,월요일,광주광역시 북구 두암동,경상사고,0,0,1,0,차대차 - 기타,직진우회전진행방해,건조,흐림,교차로 - 교차로안,승용,여,47세,상해없음,승용,남,43세,경상
2022122600100140,2022년 12월 26일 09시,월요일,광주광역시 광산구 신가동,경상사고,0,0,1,0,차대차 - 추돌,안전거리미확보,건조,맑음,단일로 - 기타,승합,남,35세,상해없음,승용,여,39세,경상
2022122600100204,2022년 12월 26일 11시,월요일,광주광역시 서구 쌍촌동,경상사고,0,0,1,0,차대차 - 추돌,안전운전불이행,적설,맑음,단일로 - 기타,승용,남,29세,상해없음,승용,남,47세,경상
2022122600100255,2022년 12월 26일 13시,월요일,광주광역시 북구 용봉동,중상사고,0,1,1,0,차대차 - 기타,안전운전불이행,젖음/습기,맑음,기타 - 기타,승용,남,58세,경상,이륜,남,48세,중상
2022122600100256,2022년 12월 26일 13시,월요일,광주광역시 광산구 선암동,경상사고,0,0,6,0,차대차 - 추돌,안전운전불이행,서리/결빙,맑음,단일로 - 기타,건설기계,남,59세,상해없음,승용,여,61세,경상
2022122600100312,2022년 12월 26일 15시,월요일,광주광역시 서구 마륵동,경상사고,0,0,1,0,차대차 - 후진중충돌,안전운전불이행,건조,맑음,단일로 - 기타,승합,남,27세,상해없음,승용,남,40세,경상
2022122600100379,2022년 12월 26일 17시,월요일,광주광역시 서구 화정동,경상사고,0,0,1,0,차대차 - 기타,신호위반,건조,맑음,교차로 - 교차로안,승용,남,59세,상해없음,이륜,남,20세,경상
2022122600100415,2022년 12월 26일 18시,월요일,광주광역시 북구 신안동,경상사고,0,0,3,0,차대차 - 추돌,안전운전불이행,서리/결빙,눈,교차로 - 교차로부근,화물,남,66세,상해없음,승용,남,62세,경상
2022122600100458,2022년 12월 26일 19시,월요일,광주광역시 서구 풍암동,경상사고,0,0,1,0,차대차 - 추돌,안전운전불이행,서리/결빙,흐림,교차로 - 교차로부근,승용,남,48세,상해없음,승용,남,42세,경상
2022122600100481,2022년 12월 26일 20시,월요일,광주광역시 북구 두암동,경상사고,0,0,1,0,차대차 - 기타,안전운전불이행,젖음/습기,맑음,교차로 - 교차로안,승용,남,55세,상해없음,승합,남,48세,상해없음
2022122600100509,2022년 12월 26일 21시,월요일,광주광역시 북구 일곡동,중상사고,0,1,1,0,차대차 - 추돌,안전운전불이행,적설,눈,단일로 - 기타,승용,남,21세,기타불명,승용,남,39세,중상
2022122600100536,2022년 12월 26일 22시,월요일,광주광역시 북구 운암동,부상신고사고,0,0,0,1,차량단독 - 공작물충돌,안전운전불이행,서리/결빙,맑음,단일로 - 고가도로위,승용,남,36세,부상신고,,,,
2022122700100031,2022년 12월 27일 03시,화요일,광주광역시 서구 세하동,중상사고,0,1,0,0,차량단독 - 기타,안전운전불이행,서리/결빙,맑음,단일로 - 기타,승용,여,43세,중상,,,,
2022122700100032,2022년 12월 27일 03시,화요일,광주광역시 서구 금호동,경상사고,0,0,2,0,차대차 - 추돌,안전운전불이행,건조,맑음,단일로 - 기타,승용,남,47세,상해없음,승합,남,49세,경상
2022122700100079,2022년 12월 27일 07시,화요일,광주광역시 서구 화정동,경상사고,0,0,1,0,차대차 - 추돌,안전운전불이행,건조,맑음,단일로 - 기타,승용,남,66세,상해없음,승용,남,46세,경상
2022122700100080,2022년 12월 27일 07시,화요일,광주광역시 북구 일곡동,경상사고,0,0,2,0,차대차 - 측면충돌,안전운전불이행,서리/결빙,맑음,단일로 - 기타,화물,남,62세,상해없음,승용,남,53세,경상
2022122700100081,2022년 12월 27일 07시,화요일,광주광역시 광산구 수완동,경상사고,0,0,1,0,차대차 - 추돌,안전운전불이행,서리/결빙,맑음,단일로 - 기타,승용,남,40세,상해없음,승용,여,56세,경상
2022122700100122,2022년 12월 27일 08시,화요일,광주광역시 서구 쌍촌동,중상사고,0,1,0,0,차대차 - 기타,안전거리미확보,건조,맑음,교차로 - 교차로부근,화물,남,57세,상해없음,승용,여,65세,중상
2022122700100123,2022년 12월 27일 08시,화요일,광주광역시 서구 화정동,경상사고,0,0,1,0,차대차 - 기타,안전운전불이행,젖음/습기,맑음,단일로 - 기타,승용,남,62세,상해없음,승용,남,31세,상해없음
2022122700100124,2022년 12월 27일 08시,화요일,광주광역시 서구 쌍촌동,경상사고,0,0,1,0,차대차 - 추돌,안전운전불이행,건조,맑음,단일로 - 기타,승용,여,60세,상해없음,승용,여,31세,경상
2022122700100125,2022년 12월 27일 08시,화요일,광주광역시 서구 화정동,경상사고,0,0,2,0,차대차 - 측면충돌,안전거리미확보,건조,맑음,단일로 - 기타,승용,여,43세,경상,승용,여,39세,경상
2022122700100126,2022년 12월 27일 08시,화요일,광주광역시 북구 동림동,경상사고,0,0,1,0,차대차 - 정면충돌,안전운전불이행,적설,맑음,교차로 - 교차로부근,건설기계,남,39세,상해없음,승용,남,29세,경상
2022122700100127,2022년 12월 27일 08시,화요일,광주광역시 북구 일곡동,경상사고,0,0,1,0,차대차 - 추돌,안전운전불이행,서리/결빙,눈,교차로 - 교차로부근,승용,남,58세,기타불명,승용,남,50세,경상
2022122700100159,2022년 12월 27일 09시,화요일,광주광역시 동구 학동,경상사고,0,0,1,0,차대차 - 추돌,안전운전불이행,적설,흐림,단일로 - 고가도로위,이륜,남,68세,경상,승용,남,55세,상해없음
2022122700100160,2022년 12월 27일 09시,화요일,광주광역시 동구 동명동,경상사고,0,0,1,0,차대차 - 추돌,안전운전불이행,건조,맑음,단일로 - 기타,승용,남,42세,기타불명,승용,여,54세,경상
2022122700100161,2022년 12월 27일 09시,화요일,광주광역시 서구 화정동,경상사고,0,0,1,0,차대차 - 추돌,안전운전불이행,서리/결빙,맑음,교차로 - 교차로부근,승용,남,61세,상해없음,승합,남,58세,상해없음
2022122700100162,2022년 12월 27일 09시,화요일,광주광역시 북구 임동,경상사고,0,0,2,0,차대차 - 추돌,안전운전불이행,적설,맑음,단일로 - 기타,승용,남,26세,상해없음,승용,남,56세,경상
2022122700100163,2022년 12월 27일 09시,화요일,광주광역시 북구 양산동,경상사고,0,0,1,0,차대차 - 측면충돌,안전운전불이행,서리/결빙,맑음,교차로 - 교차로부근,승용,남,62세,상해없음,승용,남,40세,경상
2022122700100164,2022년 12월 27일 09시,화요일,광주광역시 북구 두암동,경상사고,0,0,2,0,차대차 - 추돌,안전운전불이행,젖음/습기,맑음,교차로 - 교차로안,승용,남,47세,상해없음,승용,남,32세,경상
2022122700100165,2022년 12월 27일 09시,화요일,광주광역시 북구 중흥동,경상사고,0,0,2,0,차대차 - 측면충돌,안전거리미확보,젖음/습기,맑음,단일로 - 기타,승용,여,39세,상해없음,승용,여,52세,경상
2022122700100166,2022년 12월 27일 09시,화요일,광주광역시 북구 두암동,경상사고,0,0,3,0,차대차 - 추돌,안전운전불이행,건조,맑음,교차로 - 교차로부근,승용,여,24세,상해없음,승용,여,40세,경상
2022122700100167,2022년 12월 27일 09시,화요일,광주광역시 광산구 수완동,경상사고,0,0,4,0,차대차 - 추돌,안전거리미확보,젖음/습기,맑음,단일로 - 기타,승용,남,34세,경상,승용,여,44세,경상
2022122700100195,2022년 12월 27일 10시,화요일,광주광역시 북구 매곡동,경상사고,0,0,1,0,차대사람 - 기타,안전운전불이행,기타,기타,단일로 - 기타,승용,여,34세,상해없음,보행자,여,65세,경상
2022122700100221,2022년 12월 27일 11시,화요일,광주광역시 서구 금호동,부상신고사고,0,0,0,1,차대차 - 측면충돌,안전거리미확보,건조,맑음,단일로 - 기타,승용,여,50세,상해없음,승용,남,48세,부상신고
2022122700100222,2022년 12월 27일 11시,화요일,광주광역시 북구 중흥동,경상사고,0,0,1,0,차대차 - 추돌,안전운전불이행,서리/결빙,맑음,단일로 - 기타,승용,남,23세,상해없음,승용,남,51세,경상
2022122700100248,2022년 12월 27일 12시,화요일,광주광역시 서구 매월동,중상사고,0,1,0,0,차대차 - 측면충돌,교차로운행방법위반,건조,맑음,교차로 - 교차로안,승용,남,53세,상해없음,승용,남,61세,중상
2022122700100330,2022년 12월 27일 15시,화요일,광주광역시 동구 지산동,경상사고,0,0,1,0,차대사람 - 횡단중,보행자보호의무위반,건조,맑음,교차로 - 교차로부근,승용,남,53세,상해없음,보행자,남,89세,경상
2022122700100331,2022년 12월 27일 15시,화요일,광주광역시 동구 장동,경상사고,0,0,1,0,차대차 - 기타,안전거리미확보,젖음/습기,맑음,단일로 - 기타,승용,남,43세,기타불명,승용,남,40세,경상
2022122700100332,2022년 12월 27일 15시,화요일,광주광역시 서구 양동,경상사고,0,0,1,0,차대차 - 측면충돌,안전운전불이행,건조,맑음,교차로 - 교차로안,승용,남,76세,상해없음,화물,남,39세,경상
2022122700100334,2022년 12월 27일 15시,화요일,광주광역시 광산구 수완동,경상사고,0,0,1,0,차대차 - 후진중충돌,불법유턴,젖음/습기,맑음,교차로 - 교차로부근,승용,여,22세,기타불명,승용,남,39세,경상
2022122700100335,2022년 12월 27일 15시,화요일,광주광역시 광산구 쌍암동,경상사고,0,0,1,0,차대사람 - 횡단중,보행자보호의무위반,젖음/습기,맑음,교차로 - 교차로횡단보도내,승용,남,52세,상해없음,보행자,여,28세,경상
2022122700100364,2022년 12월 27일 16시,화요일,광주광역시 남구 송하동,경상사고,0,0,1,0,차대차 - 기타,안전운전불이행,서리/결빙,맑음,단일로 - 기타,승합,남,26세,상해없음,승용,남,33세,경상
2022122700100366,2022년 12월 27일 16시,화요일,광주광역시 광산구 우산동,경상사고,0,0,1,0,차대차 - 측면충돌,안전운전불이행,건조,맑음,단일로 - 기타,화물,남,31세,상해없음,이륜,남,29세,경상
2022122700100527,2022년 12월 27일 20시,화요일,광주광역시 북구 문흥동,중상사고,0,1,0,0,차대사람 - 기타,안전운전불이행,서리/결빙,흐림,단일로 - 기타,승용,남,33세,상해없음,보행자,여,20세,중상
2022122700100574,2022년 12월 27일 22시,화요일,광주광역시 북구 삼각동,경상사고,0,0,1,0,차대차 - 측면충돌,중앙선침범,젖음/습기,흐림,단일로 - 기타,승용,남,33세,상해없음,승용,여,40세,경상
2022122700100601,2022년 12월 27일 23시,화요일,광주광역시 북구 운암동,경상사고,0,0,2,0,차대차 - 추돌,안전운전불이행,건조,흐림,단일로 - 기타,승용,남,25세,상해없음,승용,남,60세,경상
2022122700100602,2022년 12월 27일 23시,화요일,광주광역시 광산구 월곡동,경상사고,0,0,1,0,차대차 - 기타,안전거리미확보,서리/결빙,눈,단일로 - 기타,원동기,남,36세,경상,승용,남,21세,상해없음
2022122800100017,2022년 12월 28일 01시,수요일,광주광역시 서구 쌍촌동,경상사고,0,0,1,0,차대사람 - 기타,안전운전불이행,서리/결빙,맑음,단일로 - 기타,승용,남,21세,상해없음,보행자,남,31세,경상
2022122800100018,2022년 12월 28일 01시,수요일,광주광역시 광산구 비아동,경상사고,0,0,1,0,차대차 - 추돌,안전운전불이행,서리/결빙,맑음,교차로 - 교차로부근,승용,남,62세,상해없음,승용,남,27세,경상
2022122800100042,2022년 12월 28일 05시,수요일,광주광역시 서구 덕흥동,중상사고,0,1,0,0,차대사람 - 기타,안전운전불이행,건조,맑음,단일로 - 기타,화물,남,61세,상해없음,보행자,남,80세,중상
2022122800100053,2022년 12월 28일 06시,수요일,광주광역시 광산구 옥동,경상사고,0,0,1,0,차대사람 - 횡단중,보행자보호의무위반,서리/결빙,맑음,교차로 - 교차로횡단보도내,승합,남,49세,상해없음,보행자,여,39세,경상
2022122800100076,2022년 12월 28일 07시,수요일,광주광역시 서구 치평동,경상사고,0,0,1,0,차대차 - 측면충돌,안전운전불이행,서리/결빙,기타,교차로 - 교차로안,승용,남,30세,상해없음,승용,남,53세,경상
2022122800100109,2022년 12월 28일 08시,수요일,광주광역시 광산구 선암동,경상사고,0,0,1,0,차대차 - 기타,안전운전불이행,건조,맑음,교차로 - 교차로부근,승용,여,49세,상해없음,승용,남,26세,경상
2022122800100129,2022년 12월 28일 09시,수요일,광주광역시 북구 일곡동,중상사고,0,1,0,0,차량단독 - 공작물충돌,안전운전불이행,적설,맑음,교차로 - 교차로부근,화물,남,56세,중상,,,,
2022122800100154,2022년 12월 28일 10시,수요일,광주광역시 동구 산수동,경상사고,0,0,1,0,차대차 - 기타,안전운전불이행,젖음/습기,맑음,교차로 - 교차로안,화물,남,82세,기타불명,승용,남,65세,경상
2022122800100155,2022년 12월 28일 10시,수요일,광주광역시 광산구 하남동,경상사고,0,0,2,0,차대차 - 측면충돌,교차로운행방법위반,건조,맑음,교차로 - 교차로안,승용,남,57세,경상,승용,여,34세,경상
2022122800100266,2022년 12월 28일 13시,수요일,광주광역시 서구 용두동,경상사고,0,0,1,0,차대차 - 기타,안전운전불이행,건조,맑음,단일로 - 기타,화물,남,57세,상해없음,이륜,남,77세,경상
2022122800100267,2022년 12월 28일 13시,수요일,광주광역시 북구 동림동,경상사고,0,0,1,0,차대차 - 측면충돌,교차로운행방법위반,건조,맑음,교차로 - 교차로안,화물,남,68세,상해없음,승용,남,43세,경상
2022122800100268,2022년 12월 28일 13시,수요일,광주광역시 북구 두암동,경상사고,0,0,1,0,차대차 - 기타,안전거리미확보,건조,맑음,단일로 - 기타,승용,남,64세,상해없음,승용,남,41세,경상
2022122800100410,2022년 12월 28일 17시,수요일,광주광역시 남구 봉선동,경상사고,0,0,2,0,차대차 - 기타,기타,젖음/습기,맑음,단일로 - 기타,이륜,남,22세,기타불명,승용,여,57세,경상
2022122800100465,2022년 12월 28일 18시,수요일,광주광역시 서구 치평동,경상사고,0,0,1,0,차대차 - 추돌,안전거리미확보,서리/결빙,흐림,교차로 - 교차로부근,승용,여,64세,상해없음,승용,여,54세,경상
2022122800100466,2022년 12월 28일 18시,수요일,광주광역시 서구 치평동,경상사고,0,0,2,0,차대차 - 추돌,안전운전불이행,젖음/습기,기타,교차로 - 교차로안,승용,남,48세,상해없음,승용,여,41세,경상
2022122800100512,2022년 12월 28일 19시,수요일,광주광역시 서구 치평동,경상사고,0,0,1,0,차대차 - 측면충돌,안전운전불이행,건조,맑음,교차로 - 교차로안,승용,남,30세,상해없음,승용,남,33세,경상
2022122800100546,2022년 12월 28일 20시,수요일,광주광역시 북구 일곡동,경상사고,0,0,2,0,차대차 - 측면충돌,안전운전불이행,서리/결빙,맑음,교차로 - 교차로안,승용,여,49세,상해없음,승용,남,30세,경상
2022122800100601,2022년 12월 28일 22시,수요일,광주광역시 광산구 수완동,경상사고,0,0,1,0,차대차 - 측면충돌,안전거리미확보,건조,맑음,교차로 - 교차로안,승용,남,67세,상해없음,승용,남,23세,경상
2022122900100057,2022년 12월 29일 06시,목요일,광주광역시 북구 용봉동,경상사고,0,0,1,0,차대차 - 추돌,안전운전불이행,서리/결빙,흐림,단일로 - 기타,승용,여,40세,상해없음,승용,남,30세,경상
2022122900100097,2022년 12월 29일 08시,목요일,광주광역시 북구 오룡동,경상사고,0,0,1,0,차대차 - 측면충돌,안전거리미확보,젖음/습기,맑음,교차로 - 교차로부근,승용,남,64세,상해없음,승용,여,25세,경상
2022122900100248,2022년 12월 29일 13시,목요일,광주광역시 광산구 산정동,경상사고,0,0,2,0,차대차 - 측면충돌,중앙선침범,건조,맑음,단일로 - 기타,승용,남,41세,상해없음,승용,남,76세,경상
2022122900100324,2022년 12월 29일 15시,목요일,광주광역시 서구 농성동,경상사고,0,0,1,0,차대차 - 기타,안전거리미확보,건조,맑음,단일로 - 기타,화물,남,64세,상해없음,화물,남,45세,경상
2022122900100325,2022년 12월 29일 15시,목요일,광주광역시 남구 백운동,경상사고,0,0,1,0,차대사람 - 기타,안전운전불이행,건조,맑음,단일로 - 기타,승용,남,84세,상해없음,보행자,여,53세,경상
2022122900100363,2022년 12월 29일 16시,목요일,광주광역시 북구 양산동,중상사고,0,1,0,0,차대사람 - 보도통행중,안전운전불이행,젖음/습기,맑음,기타 - 기타,승용,남,70세,상해없음,보행자,남,58세,중상
2022122900100475,2022년 12월 29일 18시,목요일,광주광역시 서구 치평동,경상사고,0,0,1,0,차대사람 - 횡단중,보행자보호의무위반,건조,맑음,교차로 - 교차로횡단보도내,기타불명,기타불명,미분류,기타불명,보행자,남,31세,경상
2022122900100476,2022년 12월 29일 18시,목요일,광주광역시 북구 누문동,경상사고,0,0,1,0,차대차 - 측면충돌,안전운전불이행,적설,맑음,단일로 - 기타,승용,여,45세,상해없음,승용,남,27세,경상
2022122900100477,2022년 12월 29일 18시,목요일,광주광역시 북구 망월동,경상사고,0,0,1,0,차대차 - 추돌,안전운전불이행,서리/결빙,맑음,단일로 - 기타,승용,남,34세,상해없음,승용,여,22세,경상
2022122900100548,2022년 12월 29일 20시,목요일,광주광역시 동구 학동,경상사고,0,0,2,0,차대차 - 기타,신호위반,건조,맑음,단일로 - 기타,이륜,남,43세,상해없음,승용,남,47세,경상
2022122900100549,2022년 12월 29일 20시,목요일,광주광역시 동구 대의동,중상사고,0,1,0,0,차대차 - 기타,교차로운행방법위반,해빙,맑음,교차로 - 교차로안,승용,남,23세,상해없음,이륜,남,42세,중상
2022122900100550,2022년 12월 29일 20시,목요일,광주광역시 광산구 운수동,경상사고,0,0,1,0,차대차 - 기타,안전거리미확보,건조,맑음,단일로 - 기타,승용,남,34세,상해없음,승용,남,57세,경상
2022122900100573,2022년 12월 29일 21시,목요일,광주광역시 북구 신용동,경상사고,0,0,1,0,차대차 - 측면충돌,안전운전불이행,건조,맑음,교차로 - 교차로부근,승용,남,28세,상해없음,승용,남,42세,경상
2022122900100574,2022년 12월 29일 21시,목요일,광주광역시 광산구 쌍암동,경상사고,0,0,4,0,차대차 - 측면충돌,안전운전불이행,젖음/습기,흐림,단일로 - 기타,화물,남,52세,상해없음,승용,남,28세,경상
2022122900100630,2022년 12월 29일 23시,목요일,광주광역시 서구 화정동,중상사고,0,1,0,0,차대사람 - 횡단중,보행자보호의무위반,건조,맑음,교차로 - 교차로횡단보도내,이륜,남,19세,상해없음,보행자,여,61세,중상
2022123000100014,2022년 12월 30일 00시,금요일,광주광역시 광산구 월계동,경상사고,0,0,1,0,차대차 - 후진중충돌,안전운전불이행,건조,맑음,교차로 - 교차로부근,승용,남,61세,상해없음,승용,남,27세,경상
2022123000100038,2022년 12월 30일 03시,금요일,광주광역시 동구 지산동,경상사고,0,0,1,0,차대차 - 기타,안전운전불이행,건조,맑음,교차로 - 교차로부근,승용,여,47세,상해없음,승용,남,29세,경상
2022123000100055,2022년 12월 30일 05시,금요일,광주광역시 동구 금남로5가,경상사고,0,0,1,0,차대차 - 기타,안전거리미확보,젖음/습기,맑음,단일로 - 기타,승용,기타불명,미분류,기타불명,자전거,남,51세,경상
2022123000100104,2022년 12월 30일 08시,금요일,광주광역시 동구 산수동,경상사고,0,0,1,0,차대차 - 기타,교차로운행방법위반,건조,맑음,교차로 - 교차로안,승용,남,68세,상해없음,승용,여,28세,경상
2022123000100186,2022년 12월 30일 11시,금요일,광주광역시 남구 봉선동,경상사고,0,0,2,0,차대차 - 추돌,안전운전불이행,서리/결빙,눈,교차로 - 교차로부근,승용,남,31세,상해없음,승용,남,52세,경상
2022123000100187,2022년 12월 30일 11시,금요일,광주광역시 광산구 월곡동,경상사고,0,0,1,0,차대차 - 측면충돌,교차로운행방법위반,건조,맑음,교차로 - 교차로부근,승용,여,56세,상해없음,원동기,남,52세,경상
2022123000100188,2022년 12월 30일 11시,금요일,광주광역시 광산구 장덕동,경상사고,0,0,2,0,차대차 - 측면충돌,안전운전불이행,건조,맑음,교차로 - 교차로안,승용,남,41세,상해없음,승용,남,34세,경상
2022123000100227,2022년 12월 30일 12시,금요일,광주광역시 동구 대의동,경상사고,0,0,1,0,차대사람 - 기타,신호위반,서리/결빙,눈,기타 - 기타,승용,남,68세,상해없음,보행자,여,80세,경상
2022123000100229,2022년 12월 30일 12시,금요일,광주광역시 북구 문흥동,경상사고,0,0,1,0,차대차 - 기타,교차로운행방법위반,건조,맑음,교차로 - 교차로안,승용,남,50세,상해없음,승용,남,41세,경상
2022123000100277,2022년 12월 30일 13시,금요일,광주광역시 광산구 송정동,중상사고,0,1,0,0,차대사람 - 기타,안전운전불이행,건조,맑음,단일로 - 기타,화물,남,46세,상해없음,보행자,남,29세,중상
2022123000100317,2022년 12월 30일 14시,금요일,광주광역시 서구 치평동,경상사고,0,0,3,0,차대차 - 측면충돌,차로위반,건조,맑음,단일로 - 기타,승용,남,57세,상해없음,승용,남,59세,경상
2022123000100358,2022년 12월 30일 15시,금요일,광주광역시 광산구 산월동,경상사고,0,0,1,0,차대사람 - 횡단중,보행자보호의무위반,건조,맑음,교차로 - 교차로안,승용,남,54세,상해없음,보행자,여,71세,경상
2022123000100404,2022년 12월 30일 16시,금요일,광주광역시 서구 광천동,경상사고,0,0,4,0,차대차 - 측면충돌,안전거리미확보,건조,맑음,교차로 - 교차로횡단보도내,승용,남,53세,상해없음,승용,남,24세,경상
2022123000100475,2022년 12월 30일 17시,금요일,광주광역시 광산구 장덕동,부상신고사고,0,0,0,1,차대차 - 추돌,안전운전불이행,건조,맑음,단일로 - 기타,승용,남,33세,상해없음,이륜,남,69세,부상신고
2022123000100533,2022년 12월 30일 18시,금요일,광주광역시 서구 화정동,경상사고,0,0,1,0,차대차 - 기타,안전운전불이행,건조,맑음,교차로 - 교차로부근,승용,여,30세,경상,승용,남,42세,상해없음
2022123000100534,2022년 12월 30일 18시,금요일,광주광역시 서구 매월동,경상사고,0,0,2,0,차대차 - 기타,안전운전불이행,젖음/습기,기타,교차로 - 교차로안,승용,여,41세,상해없음,승용,남,25세,경상
2022123000100535,2022년 12월 30일 18시,금요일,광주광역시 북구 운암동,부상신고사고,0,0,0,1,차대사람 - 기타,안전운전불이행,젖음/습기,맑음,교차로 - 교차로안,승용,남,45세,상해없음,보행자,남,16세,부상신고
2022123000100536,2022년 12월 30일 18시,금요일,광주광역시 북구 두암동,경상사고,0,0,2,0,차대차 - 기타,안전운전불이행,건조,맑음,단일로 - 기타,화물,남,58세,경상,승용,남,39세,경상
2022123000100580,2022년 12월 30일 19시,금요일,광주광역시 북구 각화동,경상사고,0,0,1,0,차대사람 - 횡단중,보행자보호의무위반,건조,맑음,교차로 - 교차로횡단보도내,승용,여,27세,상해없음,보행자,남,27세,경상
2022123000100581,2022년 12월 30일 19시,금요일,광주광역시 광산구 운남동,경상사고,0,0,2,0,차대차 - 측면충돌,안전운전불이행,건조,맑음,단일로 - 기타,승용,남,44세,기타불명,승용,여,24세,경상
2022123000100616,2022년 12월 30일 20시,금요일,광주광역시 광산구 우산동,경상사고,0,0,1,0,차대사람 - 기타,안전운전불이행,건조,흐림,단일로 - 기타,이륜,남,51세,상해없음,보행자,남,24세,경상
2022123000100617,2022년 12월 30일 20시,금요일,광주광역시 광산구 월계동,중상사고,0,1,0,0,차대차 - 기타,안전운전불이행,건조,흐림,교차로 - 교차로부근,승용,남,42세,상해없음,승용,남,23세,상해없음
2022123000100618,2022년 12월 30일 20시,금요일,광주광역시 광산구 송정동,중상사고,0,1,0,0,차대사람 - 횡단중,안전운전불이행,건조,맑음,단일로 - 기타,승용,남,57세,상해없음,보행자,남,67세,중상
2022123000100647,2022년 12월 30일 21시,금요일,광주광역시 광산구 산월동,중상사고,0,1,11,0,차대차 - 정면충돌,중앙선침범,서리/결빙,맑음,교차로 - 교차로안,승용,남,18세,상해없음,승합,남,50세,경상
2022123000100696,2022년 12월 30일 23시,금요일,광주광역시 서구 치평동,경상사고,0,0,1,0,차대사람 - 보도통행중,안전운전불이행,건조,맑음,교차로 - 교차로횡단보도내,승용,남,33세,상해없음,보행자,남,34세,경상
2022123100100024,2022년 12월 31일 00시,토요일,광주광역시 서구 풍암동,경상사고,0,0,3,0,차대차 - 추돌,안전운전불이행,젖음/습기,흐림,교차로 - 교차로부근,승용,남,55세,상해없음,승용,남,49세,경상
2022123100100044,2022년 12월 31일 01시,토요일,광주광역시 동구 학동,경상사고,0,0,3,0,차대차 - 기타,신호위반,건조,맑음,교차로 - 교차로안,승용,남,25세,경상,승용,남,80세,경상
2022123100100045,2022년 12월 31일 01시,토요일,광주광역시 서구 쌍촌동,경상사고,0,0,1,0,차대차 - 기타,안전운전불이행,건조,맑음,교차로 - 교차로부근,승용,여,34세,상해없음,승용,여,33세,경상
2022123100100112,2022년 12월 31일 08시,토요일,광주광역시 동구 대인동,경상사고,0,0,3,0,차대차 - 추돌,안전운전불이행,건조,맑음,단일로 - 기타,승합,남,28세,상해없음,승용,남,51세,경상
2022123100100136,2022년 12월 31일 09시,토요일,광주광역시 동구 금남로4가,경상사고,0,0,1,0,차대차 - 기타,안전운전불이행,건조,맑음,기타 - 기타,승용,남,30세,상해없음,자전거,남,53세,경상
2022123100100153,2022년 12월 31일 10시,토요일,광주광역시 북구 두암동,경상사고,0,0,1,0,차대차 - 기타,안전운전불이행,건조,맑음,단일로 - 기타,화물,남,67세,상해없음,승용,남,28세,경상
2022123100100182,2022년 12월 31일 11시,토요일,광주광역시 남구 주월동,경상사고,0,0,3,0,차대차 - 추돌,안전운전불이행,건조,맑음,단일로 - 기타,승용,남,56세,상해없음,승용,남,59세,경상
2022123100100217,2022년 12월 31일 12시,토요일,광주광역시 광산구 도천동,경상사고,0,0,3,0,차대차 - 추돌,안전운전불이행,건조,맑음,단일로 - 기타,이륜,남,23세,기타불명,승용,남,69세,경상
2022123100100250,2022년 12월 31일 13시,토요일,광주광역시 광산구 월계동,경상사고,0,0,2,0,차대차 - 기타,안전운전불이행,건조,맑음,교차로 - 교차로부근,승용,남,37세,상해없음,승용,남,63세,경상
2022123100100311,2022년 12월 31일 15시,토요일,광주광역시 서구 광천동,경상사고,0,0,2,0,차대차 - 추돌,안전운전불이행,건조,맑음,단일로 - 기타,승용,여,43세,상해없음,승용,남,56세,경상
2022123100100410,2022년 12월 31일 18시,토요일,광주광역시 광산구 신가동,경상사고,0,0,1,0,차대차 - 측면충돌,안전운전불이행,서리/결빙,맑음,단일로 - 기타,승용,남,58세,상해없음,승용,여,48세,기타불명
2022123100100467,2022년 12월 31일 20시,토요일,광주광역시 남구 주월동,중상사고,0,1,0,0,차대사람 - 횡단중,안전운전불이행,건조,맑음,단일로 - 기타,승용,여,39세,상해없음,보행자,여,80세,중상
2022123100100468,2022년 12월 31일 20시,토요일,광주광역시 남구 주월동,경상사고,0,0,1,0,차대차 - 기타,안전운전불이행,건조,맑음,교차로 - 교차로안,승용,남,54세,상해없음,승용,여,34세,경상
2022123100100469,2022년 12월 31일 20시,토요일,광주광역시 북구 신용동,경상사고,0,0,1,0,차대차 - 추돌,안전거리미확보,젖음/습기,눈,단일로 - 기타,승용,남,28세,기타불명,이륜,남,43세,경상
2022123100100535,2022년 12월 31일 23시,토요일,광주광역시 서구 쌍촌동,경상사고,0,0,1,0,차대차 - 기타,안전운전불이행,건조,맑음,교차로 - 교차로부근,승용,남,23세,상해없음,승용,여,41세,경상